id,etruscan_word,etruscan_normalized,meaning_proposed,full_match,context_before,context_after,pattern_confidence,overall_score,status,reviewer_notes
1,Amictui,amictui,,Amictui dictum quod,"ulam ac crocotulam. Multa post luxuria attulit, quorum vocabula apparet esse Graeca, ut asbestinon.","ambiectum, est, id est circumiectum, a quo etiam quo vestitas se involuunt, circumiectui appellant,",0.7,,pending,
2,Tuscanicum,tuscanicum,,Tuscanicum dictum a Tuscis,"aperet, deorsum quo impluebat, dictum impluium, susum qua compluebat, compluium: utrumque a pluvia.",", posteaquam illorum cavum aedium simulare coeperunt. Atrium appellatum ab Atriatibus Tuscis: illinc",0.85,,pending,
3,Idus,idus,,Sabini Idus dicunt,"nstruas, quae futurae sint eo mense, rex edicit populo. Idus ab eo quod Tusci Itus, vel potius quod",". Dies postridie Kalendas, Nonas, Idus appellati atri, quod per eos dies nihil novi inciperent. Dies",0.75,,pending,
4,decuma,decuma,,decuma appellata ab,"inc profanum, quod est ante fanum coniunctum fano; hinc profanatum quid in sacrificio atque Herculi","eo est quod sacrificio quodam fanatur, id est ut fani lege fit. Id dicitur polluctum, quod a porric",0.7,,pending,
8,autem,autem,,autem dictum quod,orium ligno ex una parte extentum. Est enim pars media symphoniae in similitudinem cribri. Tympanum,"medium est, unde et margaritum medium tympanum dicitur; et ipsud, ut symphonia, ad virgulam percuti",0.7,,pending,
9,Pessaria,pessaria,,Pessaria dicta quod,"catur. Malagma, quod sine igne maceretur et conprehendatur. Enema Graece, Latine relaxatio dicitur.",intus iniciantur. [12] Medicinam iumentorum Chiron quidam Graecus invenit. Inde pingitur dimidia pa,0.7,,pending,
10,Enchiridion,enchiridion,,Enchiridion dictum quod,scribuntur. Butanicum herbarum dicitur quod ibi herbae notentur. XI. DE INSTRVMENTIS MEDICORVM. [1],"manu adstringatur, dum plurima contineat ferramenta; CHEIR enim Graece manus vocatur. [2] Phlebotom",0.7,,pending,
11,Falsitas,falsitas,,Falsitas appellata a,"ipite nunc malum.' [8] Calumnia est iurgium alienae litis, a calvendo, id est decipiendo dicta. [9]",fando aliud quam verum est. [10] Iniuria est iniustitia. Hinc est apud Comicos (? Plaut. Mil. 436):,0.7,,pending,
12,Poena,poena,,Poena dicta quod,"ena. Malum autem tunc plenum est, cum et praeteritum est et inpendet, ut sit et dolor et metus. [2]","puniat. Est autem epithetum nomen, et sine adiectione non habet plenum sensum: adicis poena carceri",0.7,,pending,
13,autem,autem,,autem dictum quod,"adulta et praeceps sive extrema. Vnde est illud (Virg. Georg. 1,340): Extremae sub casu hiemis. Ver","viret. Tunc enim post hiemem vestitur tellus herbis, et in florem cuncta rumpuntur. [4] Aestas dici",0.7,,pending,
14,autem,autem,,autem dicta quod,Conficitur bibula Memphitis carta papyro. [2] Bibulam autem papyrum dixit quod humorem bibat. Carta,carptim papyri tegmen decerptum glutinatur. Cuius genera quam plura sunt. Prima et praecipua August,0.7,,pending,
15,autem,autem,,autem dicta quod,"e invenies. XVI. DE CANONIBVS CONCILIORVM. [1] Canon autem Graece, Latine regula nuncupatur. Regula","recte ducit, nec aliquando aliorsum trahit. Alii dixerunt regulam dictam vel quod regat, vel quod n",0.7,,pending,
17,Oblatio,oblatio,,Oblatio vocatur quia,"ri offertur et sacrificatur a pontificibus, a quo offertorium nominatum, quasi propter fertum. [25]","offertur. [26] Dona proprie divina dicuntur, munera hominum. [27] Nam munera dicuntur obsequia, qua",0.75,,pending,
18,Incorruptibilis,incorruptibilis,,Incorruptibilis appellatur quia,"lis utique deprehenditur; ac per hoc solus Deus dicitur inmortalis, quia solus incommutabilis. [20]",corrumpi et dissolvi non potest nec dividi. Quidquid enim capit divisionem et interitum capit. Ille,0.7,,pending,
19,Trinitas,trinitas,,Trinitas appellata quod,ius docet vos de omni re.' Ipse est enim Spiritus sanctus unctio invisibilis. IV. DE TRINITATE. [1],"fiat totum unum ex quibusdam tribus, quasi Triunitas; ut memoria, intellegentia et voluntas, in qui",0.7,,pending,
21,ideo,ideo,,ideo dictum quod,"ellatur, quia contra Christum venturus est. Non, quomodo quidam simplices intellegunt, Antichristum","ante Christum venturus sit, id est post cum veniat Christus. Non sic, sed Antichristus Graece dicit",0.7,,pending,
24,autem,autem,,autem appellata a,"] Senex autem tantum masculini generis est, sicut anus feminini; nam anus dicitur sola mulier. Anus","multis annis, quasi annosa. Nam si commune esset nomen, cur diceret Terentius (Eun. 357): 'senem mu",0.7,,pending,
27,vulgo,vulgo,,vulgo appellatur a,"vis, unde et nuncupatus; rapacissimus tamen et semper domesticis avibus insidiator. [59] Ossifragus",vis quae ossa ab alto dimittit et frangit. Vnde et a frangendo ossa nomen accepit. [60] Turtur de vo,0.7,,pending,
28,Tonitruum,tonitruum,,Tonitruum dictum quod,"emque faciunt; unde est illud (Virg. Aen. 5,20): Atque in nubem cogitur aer. VIII. DE TONITRVO. [1]",sonus eius terreat; nam tonus sonus. Qui ideo interdum tam graviter concutit omnia ita ut caelum di,0.7,,pending,
29,Grando,grando,,Grando appellata quod,"e et Lucretius (1,715): Ex igni, terra atque anima nascuntur et imbri. Est autem nomen Graecum. [5]","forma eius granorum similitudinem habeat. Haec autem ventorum rigore durantur in nube, ac solidantu",0.7,,pending,
30,Aqua,aqua,,Aqua dicta quod,"ventos quam fulmina alata fingunt poetae, ut (Virg. Aen. 8,430): Alitis Austri. XII. DE AQVIS. [1]","superficies eius aequalis sit; hinc et aequor appellatum, quia aequaliter sursum est. [2] Duo autem",0.7,,pending,
31,magnum,magnum,,magnum appellatur quia,"est quod ab occasu ex Oceano fluit et in meridiem vergit, deinde ad septentrionem tendit; quod inde","cetera maria in conparatione eius minora sunt. Iste est et Mediterraneus, quia per mediam terram us",0.7,,pending,
32,Charybdis,charybdis,,Charybdis dicta quod,"mam hominis capitibus caninis succinctam, quia conlisi ibi fluctus latratus videntur exprimere. [5]","gurgitibus occultis naves obsorbeat; est enim mare verticosum, et inde ibi laniata naufragia profun",0.7,,pending,
33,Diluvium,diluvium,,Diluvium dictum quod,"a sunt, quaedam vero, quae non erant, abyssi tunc ruptis meatibus eruperunt. XXII. DE DILVVIIS. [1]","aquarum clade omnia quae inundaverit deleat. [2] Primum diluvium extitit sub Noe, quando hominum sc",0.7,,pending,
34,Palaestinae,palaestinae,,Palaestinae vocata quod,ens in terra Agrabath. Situs eius natura consimili nec ullo differens a Iudaea. [23] Galilaea regio,"gignat candidiores homines quam Palaestina. Haec autem duplex est, superior et inferior, sibi tamen",0.75,,pending,
35,Italiae,italiae,,Italiae dicta quod,"minata. Est enim in iugis Appennini montis sita, in parte Italiae iuxta meridiem. [22] Etruria pars","eius fines tendebantur usque ad ripam Tiberis, quasi ETEROURIA. Nam ETERON significat alterum, OROS",0.7,,pending,
36,Libya,libya,,Libya dicta quod,"as, et ultra vel quod ultima vel quod non sit post hanc ulla, hoc est alia, terra. V. DE LIBYA. [1]","inde Libs flat, hoc est Africus. Alii aiunt Epaphum Iovis filium, qui Memphin in Aegypto condidit,",0.7,,pending,
37,autem,autem,,autem vocata quod,"um in ius suum Romani vincendo redigerent, procul positas regiones provincias appellaverunt. Patria","communis sit omnium, qui in ea nati sunt. [20] Terra autem significari, ut praediximus (13,3,1), el",0.75,,pending,
38,Graece,graece,,Graece dicta quod,"] Abydos insula in Europa super Hellespontum posita, angusto et periculoso mari separata, et ABUDOS","sit introitus Hellesponti maris, in quo Xerxes pontem ex navibus fecit, et in Graeciam transiit. [1",0.7,,pending,
39,autem,autem,,autem vocata quod,"Cytherea insula una ex Cycladibus a parte occidua sita, cuius Porphyris antea nomen fuit. Cytherea","ibi Venus sit orta. [26] Icaria insula una de Cycladibus, quae Icario mari nomen dedit. Haec inter",0.75,,pending,
41,Deserta,deserta,,Deserta vocata quia,"a conlucendo crebris luminibus dici, quae ibi propter religionem gentilium cultumque fiebant. [31]","non seruntur et ideo quasi deseruntur; ut sunt loca silvarum et montium, contraria uberrimarum terr",0.75,,pending,
42,notatum,notatum,,litteris Tuscis notatum,"aiunt, cum Tarquinius Priscus Capitolii fundamenta Romae aperiret, in loco fundamenti caput hominis","invenit, et proinde Capitolium appellavit. [32] Arces sunt partes urbis excelsae atque munitae. Nam",0.85,,pending,
43,Macellum,macellum,,Macellum dictum quod,"ulis lignisque erant constructae, quae nunc et si non speciem, nomen tamen pristinum retinent. [44]",ibi mactentur pecora quae mercantibus venundantur. [45] Mercatum autem a conmercio nominatum. Ibi e,0.7,,pending,
45,Analogium,analogium,,Analogium dictum quod,"niversi exaudire possint. Alias tribunal a tribu denominatum, quod ad illud tribus convocetur. [17]",sermo inde praedicetur; nam LOGOS Graece sermo dicitur; quod et ipsud altius situm est [ut in eo le,0.7,,pending,
46,Fundamentum,fundamentum,,Fundamentum dictum quod,prius quam domum ingrediamur; postes eo quod post ostium stent. VIII. DE PARTIBVS AEDIFICIORVM. [1],"fundus sit domui. Idem et caementum a caedendo dictum, quod caeso crasso lapide surgat. [2] Paries",0.7,,pending,
47,Capitolia,capitolia,,Capitolia dicta quod,"s est earum quae vocantur Atticae, quaternis angulis aut amplius, paribus laterum intervallis. [15]","sint columnarum capita, sicut super collum caput. Epistolia sunt quae super capitella columnarum po",0.7,,pending,
48,Volutabra,volutabra,,Volutabra appellata quod,"e. Lutum vocatum quidam per antiphrasin putant, quod non sit mundum; nam omne lotum mundum est. [5]",ibi apri volutentur. Vligo sordes limi vel aquae sunt. Sabulum levissimum terrae genus. [6] Argilla,0.7,,pending,
49,crepido,crepido,,crepido vocata quod,"LAIA Graece, speluncae Latine. Est autem rupis cavata. [3] Crepido extremitas saxi abrupta; unde et","sit abrupti saxi altitudo, sicut 'haeret pede pes densus' (Virg. Aen. 10,361); unde et vocatur. Cau",0.75,,pending,
50,Chalcosmaragdus,chalcosmaragdus,,Chalcosmaragdus dicta quod,"similes notas habent. Smaragdi autem mero et viridi proficiunt oleo, quamvis natura inbuantur. [3]",viridis sit et turbida aereis venis. Haec in Aegypto vel Cypro insula nascitur. [4] Prasius pro vir,0.7,,pending,
51,Myrrhites,myrrhites,,Myrrhites dicta est quod,"e profundo petat, et carinis ita tenaciter adhaereat ut nisi abrasa parte ligni vix separetur. [14]",in ea myrrhae color est. Conpressus autem usque ad calorem nardi spirat suavitatem. Aromatitis repe,0.7,,pending,
52,Onyx,onyx,,Onyx appellata quod,"aec rubrum habet colorem marmoribus praestans, sed inter gemmas vilissima. Genera eius quinque. [3]",habeat in se permixtum candorem in similitudinem unguis humanae. Graeci enim unguem ONUCHAdicunt. H,0.7,,pending,
53,Melichrysus,melichrysus,,Melichrysus dicta quod,ris habet quadrulas. Gignitur in Persida. [6] Leucochrysus colore aureo interveniente candida vena.,"veluti per aurum (sincerum mel), sic haec gemma transluceat. [7] Chrysocolla gignitur in India, ubi",0.7,,pending,
54,Vitrum,vitrum,,Vitrum dictum quod,"tem non translucidas gemmas caecas appellari, eo quod densitate sua obscurentur. XVI. DE VITRO. [1]",visui perspicuitate transluceat. In aliis enim metallis quidquid intrinsecus continetur absconditur,0.7,,pending,
55,aurum,aurum,,aurum dictum quod,"fulgeat luce alia repercussus. Hinc et aurarii dicti, quorum fulgor splendiosus reddit. [2] Obryzum","obradiet splendore; est enim coloris optimi, quod Hebraei 'ophaz', Graeci KIRRON dicunt. Brattea di",0.7,,pending,
56,vivum,vivum,,vivum dictum quod,"Cui mirum in modum illud ut, dum candidum sit, inpressum corpori liness nigras reddat. [2] Argentum","excidat materias in quibus inicitur; hoc et liquidum, quia percurrit. Invenitur specialiter in meta",0.7,,pending,
57,Aurichalcum,aurichalcum,,Aurichalcum dictum quod,"pide aeroso, quem cadmiam vocant; et est ductile. Huic si addatur plumbum, colore purpureo fit. [3]",et splendorem auri et duritiam aeris possideat. Est autem nomen compositum ex lingua Latina et Grae,0.7,,pending,
58,Ferrum,ferrum,,Ferrum dictum quod,"tque ita distillantibus, quodex eo cecidit in ipsum acetum teritur et cribratur. XXI. DE FERRO. [1]","farra, id est semina frugum, terrae condeat. Idem et chalybs a Chalybe flumine, ubi ferrum optima a",0.7,,pending,
60,Vncia,vncia,,Vncia dicta quod,"in litteris divinis legatur siclus, uncia est; cum vero in gentilium, quarta pars unciae est. [19]","universitatem minorum ponderum sua unitate vinciat, id est conplectat. Constat autem dragmis octo,",0.7,,pending,
61,Amphora,amphora,,Amphora vocata quod,"s vel 'bata' nominatur, capiens quinquaginta sextaria; quae mensura una molae vice proteritur. [13]","hinc et inde levetur. Haec Graece a figura sui dicta dicitur, quod eius ansae geminatae videantur a",0.75,,pending,
62,Hordeum,hordeum,,Hordeum dictum quod,"tur. [9] Alica Graecum nomen est. Alicastrum simile est alicae, pondere et bonitate praecipua. [10]","prae ceteris generibus frumenti ante fiat aridum, vel quod spica eius ordines habeat. Horum tria ge",0.7,,pending,
63,Panicium,panicium,,Panicium dictum quod,ius in incrementum frugis centesimum renascatur. Hinc et milium a multitudine fructus vocatum. [13],"multis in regionibus ex eo panis vice homines sustententur, quasi panivicium. Pistum a pasto. Sisam",0.7,,pending,
66,Vicia,vicia,,Vicia dicta quod,". Haec semel seritur et decem annis permanet, ita ut quater vel sexies possit per annum recidi. [9]","vix ad triplicem perveniat fructum, cum alia legumina proventum habeant fertilem: unde et Vergilius",0.7,,pending,
67,Vitis,vitis,,Vitis dicta quod,autem inventorem vitis Liberum appellari: unde et eum gentiles post mortem deum esse voluerunt. [2],vim habeat citius radicandi. Alii putant vites dictas quod invicem se vittis innectant vicinisque a,0.7,,pending,
68,Radix,radix,,Radix appellatur quod,ant virgultas vel umbras; sunt autem causa umbrarum. Oculi nodi sunt ex quibus frondes exeunt. [14],quasi radiis quibusdam fixa terris in profunda dimergitur. Nam physici dicunt parem esse altitudine,0.7,,pending,
69,virgultum,virgultum,,virgultum appellatur quod,"est quod de radice pullulat; ramus, qui de ipso robore arboris; virga, quae de ramis. Proprie autem","ad radicem arboris nascitur et quasi inutile ab agricolis amputatur. Et hinc dictum virgultum, quia",0.7,,pending,
70,Graecis,graecis,,Graecis dictum quod,lla potius victores coronantur. Sola quoque haec arbor vulgo fulminari minime creditur. [3] Malum a,sit fructus eius pomorum omnium rotundissimus: unde et haec sunt vera mala quae vehementer rotunda,0.7,,pending,
72,putant,putant,,putant dictum quod,es quibus innascitur carpit; rumpit enim et prodit ex latebris quibus concepta est. Alii caprificum,"ficus arbor eius remedio fecundetur. [19] Morus a Graecis vocata, quam Latini rubum appellant, eo q",0.7,,pending,
73,Nux,nux,,Nux appellata quod,"folia similis moro. Hanc Latini celsam appellant ab altitudine, quia non est brevis, ut morus. [21]",umbra vel stillicidium foliorum eius proximis arboribus noceat. Hanc alio nomine Latini iuglandem v,0.7,,pending,
74,Abies,abies,,Abies dicta quod,"sit arboris. Pinus creditur prodesse cunctis quae sub ea seruntur, sicut ficus nocere omnibus. [32]","prae ceteris arboribus longe eat et in excelsum promineat. Cuius natura expers est terreni humoris,",0.7,,pending,
77,Salix,salix,,Salix dicta quod,d utilis sit ad usum telorum nitore et levitate iaculandi: est enim genus materiae levissimae. [47],"celeriter saliat, hoc est velociter crescat, arbor lenta, vitibus habilis vinciendis. Cuius seminis",0.7,,pending,
78,enim,enim,,enim appellatur a,"omnium resinarum praestantiorem. [53] Buxus Graecum nomen est, ex parte a Latinis corruptum; PUKSOS",pud eos. Arbor semper virens et levitate materiae elementorum apicibus apta. Vnde et Scriptura (Isai,0.7,,pending,
79,Et,et,,Et appellatur a,"ne veluti in pulverem resolutum, et cum frangitur, intus pingue et igni adpositum facile ardescens.","pud nos masculum, eo quod sit natura rotundum in modum testiculorum. Reliquum planum et pene scabros",0.7,,pending,
80,autem,autem,,autem dicta quod,"calamites, pinguis, resinosa, odoris iucundi, humecta et veluti mellosum liquorem emittens. Storax","sit gutta arboris profluens et congelata. Nam Graeci stiriam guttam dicunt, Graece autem STURAKS, L",0.7,,pending,
81,Cinnamomum,cinnamomum,,Cinnamomum dictum quod,i. Denique lignum ipsius vice thymiamatum altaribus adoletur; unde et nomen traxisse creditur. [10],cortex eius in modum cannae sit rotundus et gracilis. Gignitur autem in Indiae et Aethiopiae region,0.7,,pending,
82,Folium,folium,,Folium dictum quod,anationem. Non tamen omnium herbarum etymologiam invenies. Nam pro locis mutantur etiam nomina. [2],sine ulla radice innatans in Indiae litoribus colligatur. Quod lino perforatum siccant Indi atque r,0.7,,pending,
83,Hedera,hedera,,Hedera dicta quod,"ulto; [21] in cuius imitatione arte vestis ornatur, quae acanthina dicitur; et acanthis dicta. [22]","arboribus reptando adhaereat. De qua Vergilius (Ecl. 8,13): Inter victrices hederam tibi serpere la",0.7,,pending,
84,eo,eo,,eo dicta quod,lorum graminum usque adeo celebris est ut noxias herbas aconita illinc nominemus. Nam toxica venena,"ex arboribus taxeis exprimitur, maxime apud Cantabriam. [26] Euphorbium dictum quod eius sucus ocul",0.7,,pending,
85,Euphorbium,euphorbium,,Euphorbium dictum quod,"nemus. Nam toxica venena eo dicta quod ex arboribus taxeis exprimitur, maxime apud Cantabriam. [26]",eius sucus oculorum acuat visum. Cuius vis tanta est ut duris carnibus superadiecta citius coqui co,0.7,,pending,
86,Mandragora,mandragora,,Mandragora dicta quod,"haerentes eiciunt. Hanc quidam Latinorum puleium Martis dicunt, propter belli tela excutienda. [30]","habeat mala suaveolentia, in magnitudinem mali Matiani: unde et eam Latini malum terrae vocant. Han",0.7,,pending,
87,eo,eo,,eo dicta quod,"S, quia locis humectis nascitur. Eadem et fel terrae propter amaritudinem. [34] Glycyriza Graece ex","dulcem radicem habeat; GLUKU enim Graece dulce dicunt. Eadem ADIPSOS, quia sitientibus sitim sedat.",0.7,,pending,
88,autem,autem,,autem dictum quod,"um, illud quod trans Danubium in solo barbarico, istud quod circa Pontum colligitur, nominatum. Reu","sit radix, quasi radix barbara, quasi radix Pontica. [41] Hyoscyamos a Graecis dicta, a Latinis her",0.7,,pending,
89,Saxifraga,saxifraga,,Saxifraga vocata quod,"ni imaginem turbidam. Hanc vulgus milimindrum dicit, propter quod alienationem mentis inducit. [42]","semen eius petras in vesica frangat atque conminuat. Gentiana nomen sumpsit, ut medici memorant, ab",0.75,,pending,
90,eo,eo,,eo vocata quod,"t, quos Graeci ORCHEIS vocant. Idem et leporina, propter quod caulem mollem emittat. [44] Vrtica ex","tactus eius corpus adurat. Est enim igneae omnino naturae et tactu perurit, unde et pruriginem faci",0.75,,pending,
91,Graece,graece,,Graece dicta quod,"e a gentibus consecrata est, unde et nuncupata; Graece enim Diana ARTEMIS dicitur. [46] Chamaemelos",mali Matiani odorem habeat sitque brevis terraeque vicina. [47] Chamaedrys a Graecis appellata quod,0.7,,pending,
92,Graecis,graecis,,Graecis appellata quod,elos Graece dicta quod mali Matiani odorem habeat sitque brevis terraeque vicina. [47] Chamaedrys a,"sit brevis et per terram strata et minuta foliis parvissimis. [48] Paeon quidam medicus fuit, a quo",0.7,,pending,
93,Psyllios,psyllios,,Psyllios dicta quod,"icitur, quod vere primo senescat: unde et eam Latini senicionem vocant. Nascitur per macerias. [54]",semen simile pulicis habeat: unde et eam Latini herbam pulicarem vocant. [55] Hierobotane ideo a Gr,0.7,,pending,
94,Splenos,splenos,,Splenos dicta quod,"am quidam herbam lanariam vocant, eo quod plerique lanam ex ea lavent. Nascitur [in] locis cultis. [","splenem auferat.] [57] Cimicia, propter similitudinem cimicis dicta: unde et eam Greci KORION vocav",0.7,,pending,
95,Citocacia,citocacia,,Citocacia vocata quod,"ic contraria atque falsa ex Syria vel Iudaea. [65] Daucos, foliis feniculi similis thyrso bipalmis.",ventrem cito depurgat; quam vulgus corrupte citocociam vocant. [66] Lappa dicta quod habeat caulem,0.75,,pending,
97,Rubia,rubia,,Rubia dicta quod,", vel quod sit virgulis nigris lenibus cum splendore quasi capilli. Nascitur in aquosis locis. [68]","radix eius sit rubra, unde et colorare lanas perhibetur. [69] Anchusa, cuius radix contrita digitos",0.7,,pending,
98,Graece,graece,,Graece dicta quod,"vocant, ab eo quod ad lychnia facit. Eadem et lucubros, quod lucem praebeat umbris. [74] Pyrethron","habeat radicem incendiosam atque coacervantem. [75] Althaea malva agrestis, sive malvaviscus; sed a",0.7,,pending,
99,Graecis,graecis,,Graecis dicta quod,"rstitio gentilium dicit quod, si integra ad limen suspendatur, omnia mala fugat. [86] Chamaepitys a","terrae adhaereat et odorem pini habeat. Hanc Latini cucurbitularem vocant, quod ex parte odorem cuc",0.7,,pending,
100,Asplenos,asplenos,,Asplenos dicta quod,"rem vocant, quod ex parte odorem cucurbitae referat. Staphysagria nascitur [in] locis amoenis. [87]","splenem auferat; sive scolopendrios, eo quod folia ipsius scolopendro animali sint similia. Nascitu",0.7,,pending,
102,Papyrum,papyrum,,Papyrum dictum quod,iendo ferulam dicunt. Ad hanc enim pueri et puellae vapulare solent: huius sucus galbanum est. [96],igni et cereis est aptum; PUR enim Graeci ignem dicunt. Iuncus [eo quod iunctis radicibus haereat].,0.7,,pending,
103,Faenum,faenum,,Faenum dictum quod,"ium. [106] Zizania, quam poetae semper infelix lolium dicunt, quod sit inutile et infecundum. [107]",eo flamma nutritur; FOS enim flamma est. Manipulum dicimus fascem faeni: et dictum manipulum quod m,0.7,,pending,
104,vocabulo,vocabulo,,vocabulo appellatur A,"est enim summitas olerum vel arborum, in qua vegens virtus naturalis est. [5] Malva ex parte Graeco","PO TOUMALASSEIN, eo quod molliendi alvum solvendique naturam habeat. Cuius sucus, si quis se oleo mi",0.7,,pending,
105,Pastinaca,pastinaca,,Pastinaca vocata quod,s negatur feriri. Folia eius ex oleo trita et inposita scorpionibus creduntur afferre torporem. [6],"eius radix praecipuus pastus sit hominis: est enim odoratu iucunda, cibo delectabilis. [7] Rapa dic",0.75,,pending,
106,Lactuca,lactuca,,Lactuca dicta est quod,contra acceptum venenum. Vnde et apud veteres ante alias epulas haec solebant mensis adponere. [11],"abundantia lactis exuberet, seu quia lacte nutrientes feminas inplet. Haec et in viris Veneris usum",0.7,,pending,
107,Alium,alium,,Alium dictum quod,"3] Ascalonia nuncupata ex una urbium Palaestinae quae Ascalon dicitur, unde prius advecta est. [14]","oleat. Vlpicum appellatum quod alii odorem habeat. Phaselos vocari aiunt a Phaselo insula Graeciae,",0.7,,pending,
108,Apium,apium,,Apium dictum quod,"ra agrestis, acrioris virtutis; utraque tamen Veneris commovent usum. XI. DE ODORATIS OLERIBVS. [1]","eo apex, id est caput, antiquorum triumphantium coronabatur. Hercules autem hanc herbam primus capi",0.7,,pending,
109,Hipposelinon,hipposelinon,,Hipposelinon dictum quod,"Graece apium dicitur. Sed est summum ac probabile Macedonicum, gustu suave et odore aromatico. [3]","sit durum et austerum. Oleoselinon, quod mollius folio et caule tenerum. [4] Feniculum Latini vocan",0.7,,pending,
110,Ruta,ruta,,Ruta dicta quod,"dederis, amentiam nutrit. Canos etiam ex coriandro infici traditum est. Abrotanum. Caerefolium. [8]",sit ferventissima. Cuius altera agrestis atque virtute acrior; sed utraque ferventissimae conproban,0.7,,pending,
111,bellum,bellum,,bellum vocatur quod,"stationem, quam terra marique diu egerant, mira celeritate conpressit ac superavit. [6] Sicut autem","contra hostes agitur, ita tumultus quod civili seditione concitatur. Nam seditio est dissensio civi",0.75,,pending,
112,Victoria,victoria,,Victoria dicta quod,"dies otia. II. DE TRIVMPHIS. [1] Omne regnum saeculi huius bellis quaeritur, victoriis propagatur.","vi, id est virtute, adipiscatur. Hoc est enim ius gentium, vim vi expellere. Nam turpis est dolo qu",0.7,,pending,
113,transvenas,transvenas,,transvenas in Etruria,"icra nuncupata, quod in ludis gerantur aut in cenis. [2] Ludorum origo sic traditur: Lydios ex Asia","consedisse duce Tyrreno, qui fratri suo cesserat regni contentione. Igitur in Etruria inter ceteros",0.7,,pending,
114,Igitur,igitur,,Igitur in Etruria,"s ex Asia transvenas in Etruria consedisse duce Tyrreno, qui fratri suo cesserat regni contentione.",inter ceteros ritus superstitionum suarum spectacula quoque religionis nomine instituerunt. Inde Ro,0.7,,pending,
115,gladiatorium,gladiatorium,,gladiatorium dictum quod,"II. DE AMPHITHEATRO. [1] Amphitheatrum locus est spectaculi, ubi pugnant gladiatores. Et inde ludum","in eo iuvenes usum armorum diverso motu condiscant, et modo inter se aut gladiis aut pugnis certant",0.7,,pending,
116,nomen,nomen,,nomen vocatur quod,"nisterium exhibent, atque aliquid huiuscemodi deinceps ex parte notanda studui. [2]Artifex generale","artem faciat, sicut aurifex qui aurum [facit]. Faxo enim pro facio antiqui dicebant. [3] Nauclerus",0.75,,pending,
117,Fundamentum,fundamentum,,Fundamentum dictum quod,"t instaurare dicebant. [2] Constat autem constructio fundamento, lapidibus, calce, arena et lignis.","fundus sit aedificii. Idem et caementum a caedendo dictum, quod caeso crasso lapide surgat. [3] Lap",0.7,,pending,
118,Capitolia,capitolia,,Capitolia dicta quod,positae fabricae sustinent pondus. [23] Basis autem nomen petrae est fortissimae Syro sermone. [24],"sint columnarum capita, quasi super collum caput. Epistolia sunt, quae super capitella columnarum p",0.7,,pending,
119,Rubrica,rubrica,,Rubrica vocata quod,"inde nomen a Sinope urbe accepit. Species eius tres: rubra et minus rubens, et inter has media. [4]","sit rubra et sanguineo proxima. Haec plurimis locis gignitur, sed optima Ponto; unde et Pontica dic",0.75,,pending,
120,Atramentum,atramentum,,Atramentum dictum quod,"purpurariis officinis, spuma in aereis cortinis innatans, quam infectores detrahentes siccant. [17]","sit atrum, cuius species et picturae et cottidiano usui necessaria est; iste inter facticios est. F",0.7,,pending,
121,Melinum,melinum,,Melinum dictum quod,rit. [20] Omne autem atramentum sole perficitur: omnes colores calcis admixtione conrumpuntur. [21],"eius metalli ferax sit una ex Cycladibus insula Melos nomine. Est enim candidum, nec utuntur eum pi",0.7,,pending,
123,Scobina,scobina,,Scobina dicta quod,"quod ut vermis terendo forat, quasi terefora; vel quasi transforans. Taratrum, quasi teratrum. [15]","haerendo scobem faciat. Cant[h]erium. Guvia, XX. DE INVENTIONE LANIFICII. [1] Minervam quandam gent",0.7,,pending,
124,antiquissima,antiquissima,,antiquissima appellata quia,"ntur, pro eo quod eisdem iuvenes, qui nudi exercentur in campo, pudenda operiunt. [6] Tonica vestis","in motu incedentis sonum facit; tonus enim sonus est. Primum autem fuere pelliciae tunicae, quibus",0.7,,pending,
125,Lumbare,lumbare,,Lumbare vocatur quod,"hoc utebantur. Levitonarium est colobium lineum sine manicis, quale Aegyptii monachi utuntur. [25]","lumbis religetur, vel quod lumbis haereat. Hoc in Aegypto et Syria non tantum feminae sed et viri u",0.75,,pending,
126,vulgo,vulgo,,vulgo vocata quod,"textura eius ligata sit in totum; quasi diceret liginum, C pro G littera commutata. [28] Armilausa","ante et retro divisa atque aperta est, in armos tantum clausa; quasi armiclausa, C littera ablata.",0.75,,pending,
127,Toga,toga,,Toga dicta quod,"ui ex una parte induitur, neque consuitur, sed fibula infrenatur. Hinc et Graece nomen accepit. [3]","velamento sui corpus tegat atque operiat. Est autem pallium purum forma rotunda et fusiore, et quas",0.7,,pending,
128,autem,autem,,autem dicta quod,nitio procedebant. Hanc primum Romulus adinvenisse perhibetur ad discretionem regii habitus. Trabea,"in maiori gloria hominem transbearet, hoc est ultra et in posterum ampliori dignitate honoris beatu",0.7,,pending,
129,Graece,graece,,Graece vocatur quod,"perimentum, quod cooperto capite et scapula a dextro latere in laevum humerum mittitur: stola autem",superemittatur. [4] Idem et ricinium Latino nomine appellatum eo quod dimidia eius pars retro reici,0.75,,pending,
130,Tapeta,tapeta,,Tapeta dicta quod,"ocatae quod calcentur, id est farciantur, pluma sive tomento, quo molliores calidioresque sint. [5]","pedibus primum strarentur, quasi tapedia. Sipla tapetaexuna parte villosa, quasi simpla. Amphitapa",0.7,,pending,
132,Tinctura,tinctura,,Tinctura vocata quia,"lacium est stuppa et quasi crassedo serici, et est Graecum nomen. XXVIII. DE COLORIBVS VESTIVM. [1]","tinguitur et in aliam fucata speciem nitoris gratia coloratur. KOKKON Graeci, nos rubrum seu vermic",0.75,,pending,
133,vulgo,vulgo,,vulgo vocatur quod,"em et per munile omnia ornamenta matronarum significantur, quidquid illis munere datur. [14] Murena",scilicet auri metallo in virgulis lentescente quaedam ordinis flexuosi catena contexitur in similit,0.75,,pending,
134,Vitta,vitta,,Vitta dicta quod,"a fascia quod in modum fasciculi corpus alligat. Hinc et fasciolae, quibus vulnera conligantur. [7]",ea pectus vincitur instar vitis ligantis. Limbus est quam nos ornaturam dicimus. [8] Fasciola est q,0.7,,pending,
135,calciamenta,calciamenta,,calciamenta dicta quod,"alciamenta non possunt, quas Graeci KALOPODAS dicunt: fiebant autem prius ex salice tantum. Hinc et","in calo, id est ligno, fiant; vel quod calcentur. [3] Crepidas Graeci ante repertas usi sunt. Est a",0.7,,pending,
136,Pulpa,pulpa,,Pulpa dicta quod,scitur et silescit. [27] Frustum vocatum quod capiatur a frumine; est enim frumen summa pars gulae.,cum pulte olim mixta vescebatur. Vnde et pulmentarium et pulmentum dictum. [28] Lucanicae dictae qu,0.7,,pending,
137,inde,inde,,inde dictum quod,"tusta, ut vinum, sed statim sublata de flumine et fonte vel puteo; fetescit enim vetusta. [2] Vinum","eius potus venas sanguine cito repleat. Hoc alii, quod nos cura solvat, Lyaeum appellant. Veteres v",0.7,,pending,
138,Defrutum,defrutum,,Defrutum dictum est quod,"rit. Dicitur autem passum a patiendo: nam percutitur uva siccior et decoquitur, et inde fit passum.","defrudatur, et quasi fraudem patiatur. [15] Carenum, eo quod fervendo partem careat; tertia enim pa",0.7,,pending,
139,Fictilia,fictilia,,Fictilia dicta quod,"] Vasa dicta a vescendo, quad in ea escae adponantur. Cuius diminutivum vascula, quasi vescula. [2]","fiant et fingantur ex terra. Fingere enim est facere, formare et plasmare, unde et figuli dicuntur.",0.7,,pending,
141,Involucrum,involucrum,,Involucrum dictum quod,"um paulo inflectuntur propter Romanum eloquium. [6] Sitarciae nautarum sunt, ab eo quod sutae sunt.","aliquid in se teneat involutum. [7] Fiscus sacculus est publicus, unde et fiscellae et fiscinae dic",0.7,,pending,
142,Fax,fax,,Fax dicta quod,"dicebantur. [6] Lampas flamma est in vertice lucens, dicta quod lambentis motum ostendere videatur.",focos faciat: cuius diminutivum facula. [7] Lanterna inde vocatur quod lucem interius habeat clausa,0.7,,pending,
144,autem,autem,,autem dicta quod,"ICVLIS. [1] Carrum a cardine rotarum dictum; unde et currus dicti, quod rotas habere videntur. Rota",ruat; et rotundum a rota vocatum. [2] Reda genus vehiculi quattuor rotarum. Has antiqui retas diceb,0.7,,pending,
146,Rota,rota,,Rota dicta quod,"quasi fiscolum, a colando oleum dictum, vel quasi fiscella olei. XV. DE INSTRVMENTIS HORTORVM. [1]","quasi ruat: est enim machina de qua e flumine aqua extrahitur. Lucretius (5,517): In fluvio versare",0.7,,pending,
147,Frena,frena,,Frena dicta quod,Sarculus. XVI. DE INSTRVMENTIS EQVORVM. [1] Phalerae ornamenta equorum sunt; et est sermo Graecus.,"equos fremere cogant, vel quod haec equi frendant [id est inprimant] dentibus et obmordeant. Vnde e",0.7,,pending,
148,inde,inde,,inde dictum quod,"tusta, ut vinum, sed statim sublata de flumine et fonte vel puteo; fetescit enim vetusta. [2] Vinum","eius potus venas sanguine cito repleat. Hoc alii, quod nos cura solvat, Lyaeum appellant. Veteres v",0.7,,pending,
149,Defrutum,defrutum,,Defrutum dictum est quod,"rit. Dicitur autem passum a patiendo: nam percutitur uva siccior et decoquitur, et inde fit passum.","defrudatur, et quasi fraudem patiatur. [15] Carenum, eo quod fervendo partem careat; tertia enim pa",0.7,,pending,
150,Fictilia,fictilia,,Fictilia dicta quod,"] Vasa dicta a vescendo, quad in ea escae adponantur. Cuius diminutivum vascula, quasi vescula. [2]","fiant et fingantur ex terra. Fingere enim est facere, formare et plasmare, unde et figuli dicuntur.",0.7,,pending,
152,Involucrum,involucrum,,Involucrum dictum quod,"um paulo inflectuntur propter Romanum eloquium. [6] Sitarciae nautarum sunt, ab eo quod sutae sunt.","aliquid in se teneat involutum. [7] Fiscus sacculus est publicus, unde et fiscellae et fiscinae dic",0.7,,pending,
153,autem,autem,,autem dicta quod,"ICVLIS. [1] Carrum a cardine rotarum dictum; unde et currus dicti, quod rotas habere videntur. Rota",ruat; et rotundum a rota vocatum. [2] Reda genus vehiculi quattuor rotarum. Has antiqui retas diceb,0.7,,pending,
155,Rota,rota,,Rota dicta quod,"vi humum eruat, seu ab evomendo terram. De quo Lucretius (1,314): XV. DE INSTRVMENTIS HORTORVM. [1]","quasi ruat: est enim machina de qua e flumine aqua extrahitur. Lucretius (5,517): XVI. DE INSTRVMEN",0.7,,pending,
156,Frena,frena,,Frena dicta quod,"s (5,517): XVI. DE INSTRVMENTIS EQVORVM. [1] Phalerae ornamenta equorum sunt; et est sermo Graecus.","equos fremere cogant, vel quod haec equi frendant [id est inprimant] dentibus et obmordeant. Vnde e",0.7,,pending,
157,Ligea,ligea,,Ligea appellata ab,atris natu maximi urbem uocauerunt. 9 Mox in Bruttiis ab Vlixe. extructum templum Mineruae. Insula *,"*eiecto ibi corpore Sirenis ita nominatae; Parthenope a Parthenopae Sirenis sepulcro, quam Augustus",0.7,,pending,
158,solifuga,solifuga,,solifuga dicta quod,"ntibus. 3 Sed quod aliis locis serpens, hoc solifuga Sardis agris, animal *perexiguum aranei forma,","diem fugiat. In metallis argentariis plurima est, nam solum illud argenti diues est; occultim repta",0.7,,pending,
159,Ligea,ligea,,Ligea appellata ab,fratris natu maximi urbem vocaverunt. mox in Bruttiis ab Ulixe. extructum templum Minervae. insula,"eiecto ibi corpore Sirenis ita nominatae: Parthenope a Parthenopae Sirenis sepulcro, quam Augustus",0.7,,pending,
160,solifuga,solifuga,,solifuga dicta quod,"rpentibus. sed quod aliis locis serpens, hoc solifuga Sardis agris, animal perexiguum aranei forma,","diem fugiat. in metallis argentariis plurima est, nam solum illud argenti dives est: occultim repta",0.7,,pending,
162,genus,genus,,genus ab Etruscis,derant eum secutum numerum putant. me haud paenitet eorum sententiae esse quibus et apparitores hoc,"finitimis, unde sella curulis, unde toga praetexta sumpta est, et numerum quoque ipsum ductum place",0.75,,pending,
163,finitimis,finitimis,,ab Etruscis finitimis,eum secutum numerum putant. me haud paenitet eorum sententiae esse quibus et apparitores hoc genus,", unde sella curulis, unde toga praetexta sumpta est, et numerum quoque ipsum ductum placet, et ita",0.7,,pending,
164,non,non,,non in Etruria,"ervitiorum utique et plebis esset, ni consules providissent dimissis passim ad frumentum coemendum,","m modo dextris ab Ostia litoribus laevoque per Volscos mari usque ad Cumas, sed quaesitum in Sicilia",0.7,,pending,
165,Trepidatum,trepidatum,,Trepidatum in Etruria,lacet: Tubero incertus veri est. Sit inter cetera vetustate cooperta hoc quoque in incerto positum.,"est post Fidenas captas, non Veientibus solum exterritis metu similis excidii, sed etiam Faliscis m",0.7,,pending,
166,timentes,timentes,,timentes in Etruria,ominum pecorumque pernicie accepta. Famem quoque ex pestilentia morbo implicitis cultoribus agrorum,"m Pomptinumque agrum et Cumas, postremo in Siciliam quoque frumenti causa misere. Consularium comiti",0.7,,pending,
167,et,et,,et in Etruria,"ia ante provisum erat, periculum fuit. Consilia ad movenda bella in Volscorum Aequorumque conciliis",ad fanum voltumnae agitata. Ibi prolatae in annum res decretoque cautum ne quod ante concilium fier,0.7,,pending,
168,frons,frons,,frons in Etruria,"uniebant ut ancipitia munimenta essent: alia in urbem et contra oppidanorum eruptiones versa, aliis","m spectans, auxiliis si qua forte inde venirent obstruebatur. [ 2] Cum spes maior imperatoribus Roma",0.7,,pending,
169,sed,sed,,sed in Etruria,"runt; castella primo pauca, postea exercitu aucto creberrima fecerunt; munitiones non in urbem modo","m etiam spectantes si qua auxilia veniant, opposuere; quid turres, quid vineas testudinesque et aliu",0.7,,pending,
170,nequiquam,nequiquam,,nequiquam in Etruria,"pugnabit, nisi auxilio hostibus tribuni plebis fuerint, et Romae invenerint praesidia Veientes quae","quaerunt. ""An est quicquam quod Veientibus optatum aeque contingere possit quam ut seditionibus pri",0.7,,pending,
171,auxilia,auxilia,,auxilia ab Etruscis,"modestia est ut non obsidionis taedio, non denique regni, quicquam apud eos novatum sit, non negata","inritaverint animos; morietur enim extemplo quicumque erit seditionis auctor, nec cuiquam dicere ea",0.75,,pending,
172,inritaverint,inritaverint,,ab Etruscis inritaverint,"est ut non obsidionis taedio, non denique regni, quicquam apud eos novatum sit, non negata auxilia","animos; morietur enim extemplo quicumque erit seditionis auctor, nec cuiquam dicere ea licebit quae",0.7,,pending,
173,agrosque,agrosque,,agrosque ab Etruscis,Eam gentem traditur fama dulcedine frugum maximeque vini nova tum voluptate captam Alpes transisse,ante cultos possedisse; et invexisse in Galliam vinum inliciendae gentis causa Arruntem Clusinum ir,0.75,,pending,
174,ante,ante,,ab Etruscis ante,em traditur fama dulcedine frugum maximeque vini nova tum voluptate captam Alpes transisse agrosque,cultos possedisse; et invexisse in Galliam vinum inliciendae gentis causa Arruntem Clusinum ira cor,0.7,,pending,
175,quid,quid,,quid in Etruria,estarent. Quodnam id ius esset agrum a possessoribus petere aut minari arma Romanis quaerentibus et,"rei Gallis esset, cum illi se in armis ius ferre et omnia fortium virorum esse ferociter dicerent,",0.7,,pending,
177,invenere,invenere,,ab Etruscis invenere,ores Valerio in Volscos missi. Profecti ab urbe Sutrium Furius et Valerius partem oppidi iam captam,", ex parte altera intersaeptis itineribus aegre oppidanos vim hostium ab se arcentes. Cum Romani aux",0.7,,pending,
179,fidemque,fidemque,,ab Etruscis fidemque,rum prodente civitatem facta erat deditio; mitti tamen ad principes eorum placuit ut secernerent se,quam implorassent ab Romanis ipsi praestarent. Unde cum responsum allatum esset nihil suae potestat,0.7,,pending,
184,fuere,fuere,,apud Etruscos fuere,"s haud dubie, nisi ultro arma Etrusci inferrent. Eadem in comparando cohibendoque bello consilia et",; neutri finibus egressi. Et censura clara eo anno Ap. Claudi et C. Plauti fuit; memoriae tamen feli,0.85,,pending,
185,clamor,clamor,,clamor ab Etruscis,"ius sol meridie se inclinavit quam telum hinc aut illinc emissum est: inde, ne infecta re abiretur,",oritur concinuntque tubae et signa inferuntur. Nec segnius a Romanis pugna initur. Concurrunt infen,0.75,,pending,
186,oritur,oritur,,ab Etruscis oritur,"meridie se inclinavit quam telum hinc aut illinc emissum est: inde, ne infecta re abiretur, clamor",concinuntque tubae et signa inferuntur. Nec segnius a Romanis pugna initur. Concurrunt infensis ani,0.7,,pending,
187,Sutrium,sutrium,,Sutrium ab Etruscis,"io fuerunt; summaque invidia omnium ordinum solus censuram gessit. [ 35] Dum ea Romae geruntur, iam",obsidebatur consulique Fabio imis montibus ducenti ad ferendam opem sociis temptandasque munitiones,0.75,,pending,
188,obsidebatur,obsidebatur,,ab Etruscis obsidebatur,"nt; summaque invidia omnium ordinum solus censuram gessit. [ 35] Dum ea Romae geruntur, iam Sutrium","consulique Fabio imis montibus ducenti ad ferendam opem sociis temptandasque munitiones, si qua pos",0.7,,pending,
189,haec,haec,,haec in Etruria,"ant, legati pacem foedusque ab Romanis petentes indutias in triginta annos impetraverunt. [ 38] Dum","geruntur, consul alter C. Marcius Rutulus Allifas de Samnitibus vi cepit. Multa alia castella viciq",0.7,,pending,
192,adversus,adversus,,ab Etruscis adversus,rsus Umbros missa a flumine Narnia appellata; exercitus cum magna praeda Romam reductus. Eodem anno,indutias paratum bellum; sed eos alia molientes Gallorum ingens exercitus fines ingressus paulisper,0.7,,pending,
193,extemplo,extemplo,,extemplo in Etruria,"ere, ut patres ab iubendo dictatore deterruerint, quem senatus dictatorem dici iussurus fuerat. Tum",m ad legiones proficisci iussit. Adventus eius compressit Etruscos adeo ut nemo extra munimenta egre,0.7,,pending,
195,Romanis,romanis,,Romanis in Etruria,"mni: ei Samnium provinciam evenisse. [ 18] Dum ea in Samnio cuiuscumque ductu auspicioque geruntur,","interim bellum ingens multis ex gentibus concitur, cuius auctor Gellius Egnatius ex Samnitibus erat",0.7,,pending,
196,tempore,tempore,,tempore in Etruria,"cunda ac tertia sociorumque milibus quindecim profectus in Samnium esset, Ap. Claudium primo quoque","m ire placuit. Duae Romanae legiones secutae, prima et quarta, et sociorum duodecim milia; castra ha",0.7,,pending,
197,copiis,copiis,,copiis in Etruria,"issum eo cum vetere exercitu, compresserat. Decio populandos hostium agros relinquit, ipse cum suis",m ad collegam pergit. Quem advenientem laeti omnes accepere: Appium ex conscientia sua credo animum,0.7,,pending,
199,gestae,gestae,,gestae in Etruria,"des incidisset, desertori magis quam deserto noxae fore; eo rem adductam ut omne rei bene aut secus",decus dedecusque ad L. Volumnium sit delegatum; neminem quaesiturum quae verba Appi sed quae fortun,0.7,,pending,
202,tempore,tempore,,tempore in Etruria,us quinque milia peditum equitumque cum Fabio venisse. Sibi placere P. Decium consulem primo quoque,"m ad collegam proficisci, L. Volumnio Samnium provinciam dari; si consul malit in suam provinciam ir",0.7,,pending,
203,Volumnium,volumnium,,Volumnium in Etruria,"d collegam proficisci, L. Volumnio Samnium provinciam dari; si consul malit in suam provinciam ire,","m ad consulem cum exercitu iusto consulari proficisci. Cum magnam partem moveret oratio praetoris, P",0.7,,pending,
204,quantum,quantum,,quantum in Etruria,"ommodum rei publicae posset, Romam venisset vel aliquem ex legatis misisset, a quo disceret senatus","belli esset quantisque administrandum copiis et quot per duces esset. [ 26] Fabius, ut Romam rediit",0.7,,pending,
206,profectos,profectos,,profectos in Etruria,riumphusque non bellum decretum consulibus videretur. Invenio apud quosdam extemplo consulatu inito,m Fabium Deciumque sine ulla mentione sortis provinciarum certaminumque inter collegas quae exposui.,0.7,,pending,
207,consules,consules,,consules in Etruria,tur. Constare res incipit ex eo tempore quo profecti ambo consules ad bellum sunt. Ceterum antequam,"m pervenirent, Senones Galli multitudine ingenti ad Clusium venerunt legionem Romanam castraque oppu",0.7,,pending,
208,Et,et,,Et in Etruria,nde omnium aliarum rerum cura Fabius collegae funus omni honore laudibusque meritis celebrat. [ 30],per eosdem dies ab Cn. Fulvio propraetore res ex sententia gesta et praeter ingentem inlatam popula,0.7,,pending,
209,relicto,relicto,,relicto in Etruria,"ernum montem compulsum, non deterritus iniquitate loci, fundit fugatque. Q. Fabius Deciano exercitu","e praesidio, suis legionibus deductis ad urbem de Gallis Etruscisque ac Samnitibus triumphavit. Mili",0.7,,pending,
212,bellum,bellum,,bellum in Etruria,"capta amplius duo milia hominum, minus duo milia circa muros caesa. Pax tamen clarior maiorque quam","eo anno fuerat parta est. Tres validissimae urbes, Etruriae capita, Volsinii, Perusia, Arretium, pa",0.7,,pending,
213,Samnio,samnio,,Samnio in Etruria,"pe impetrandi petisset videretque alios quod tardius ab urbe exisset, alios quod iniussu senatus ex","m transisset, partim suos inimicos, partim collegae amicos ad solacium aequatae repulsae sibi quoque",0.7,,pending,
214,Atilio,atilio,,Atilio in Etruria,o captis aliquot urbibus in Apulia fusum fugatumque saucium ipsum cum paucis Luceriam compulsum: ab,res gestas eumque triumphasse. Fabius ambo consules in Samnio et ad Luceriam res gessisse scribit t,0.7,,pending,
215,traductumque,traductumque,,traductumque in Etruria,a res gestas eumque triumphasse. Fabius ambo consules in Samnio et ad Luceriam res gessisse scribit,m exercitum —sed ab utro consule non adiecit—et ad Luceriam utrimque multos occisos inque ea pugna I,0.7,,pending,
216,Samnio,samnio,,Samnio in Etruria,s ex auctoritate patrum iussu populi bellum Faliscis indictum est iussique consules sortiri uter ex,"m cum exercitu transiret. Iam Carvilius Veliam et Palumbinum et Herculaneum ex Samnitibus ceperat, V",0.7,,pending,
217,consul,consul,,consul in Etruria,"in agrum Vescinum, quia regio ea infesta ab Samnitibus erat, hibernatum duxit. Inter haec Carvilius","Troilum primum oppugnare adortus quadringentos septuaginta ditissimos, pecunia grandi pactos ut abi",0.7,,pending,
218,hibernis,hibernis,,hibernis in Etruria,"m intolerabilia frigora erant, quies militi data est; et ad prima ac dubia signa veris profectus ex","m ducit, eam quoque gentem, sicut Gallos Liguresque, aut vi aut voluntate adiuncturus. Transeuntem A",0.7,,pending,
219,praetore,praetore,,praetore in Etruria,"aesidiique quod ibi obsideretur cura est. C. Seruilius legatus, ex auctoritate patrum a P. Cornelio","m ad frumentum coemendum missus, cum aliquot nauibus onustis in portum Tarentinum inter hostium cust",0.7,,pending,
220,Iunio,iunio,,Iunio in Etruria,ta inclinatura rursus animos uidebatur ad ueteris imperii respectum. et praetoribus prioris anni M.,", P. Sempronio in Gallia cum binis legionibus quas habuerant prorogatum est imperium. prorogatum et",0.7,,pending,
221,qui,qui,,qui in Etruria,lius praefuisset Siciliamque prouinciam cum L. Cincio praetore obtineret. exercitus eis duo decreti,"Galliaque essent; eae quattuor erant legiones; urbanae duae superioris anni in Etruriam, duae quibu",0.7,,pending,
223,Aquilius,aquilius,,Aquilius in Etruria,"rsae occupabant cogitationes hominum, ne Tarentinae quidem arcis excidit memoria. M. Ogulnius et P.","m legati ad frumentum coemendum quod Tarentum portaretur profecti, et mille milites de exercitu urba",0.7,,pending,
224,habuerat,habuerat,,habuerat in Etruria,"er equitum dictus. [ 6] Dictator postquam Romam uenit, C. Sempronium Blaesum legatum quem ad Capuam","m prouinciam ad exercitum misit in locum C. Calpurni praetoris, quem ut Capuae exercituique suo prae",0.7,,pending,
225,quibus,quibus,,quibus in Etruria,"ta per prouincias diuisi: Fuluio duae legiones quas in Sicilia M. Ualerius Laeuinus haberet, Fabio,",C. Calpurnius praefuisset: urbanus exercitus ut in Etruriam succederet: C. Calpurnius eidem praeess,0.7,,pending,
228,Apulia,apulia,,Apulia in Etruria,"s Marcellus consul designatus, qui rem inspiceret ac, si digna uideretur, exercitu accito bellum ex",m transferret. eo metu compressi Etrusci quieuerunt. Tarentinorum legatis pacem petentibus cum liber,0.7,,pending,
229,praetore,praetore,,praetore in Etruria,T. Quincti praetoris fuerat cum una legione obtineret. prorogatum et C. Hostilio Tubulo est ut pro,m ad duas legiones succederet C. Calpurnio. prorogatum et L. Ueturio Philoni est ut pro praetore Gal,0.7,,pending,
230,coepta,coepta,,coepta ab Etruscis,"um ab hoste nec receptum ab tergo circumuenti haberent, extrahi tamen diutius certamen potuisset ni",fuga pauorem ceteris iniecisset. non tamen omisere pugnam deserti ab Etruscis Fregellani donec inte,0.75,,pending,
231,fuga,fuga,,ab Etruscis fuga,"oste nec receptum ab tergo circumuenti haberent, extrahi tamen diutius certamen potuisset ni coepta",pauorem ceteris iniecisset. non tamen omisere pugnam deserti ab Etruscis Fregellani donec integri c,0.7,,pending,
232,deserti,deserti,,deserti ab Etruscis,certamen potuisset ni coepta ab Etruscis fuga pauorem ceteris iniecisset. non tamen omisere pugnam,Fregellani donec integri consules hortando ipsique ex parte pugnando rem sustinebant; sed postquam,0.75,,pending,
233,Fregellani,fregellani,,ab Etruscis Fregellani,n potuisset ni coepta ab Etruscis fuga pauorem ceteris iniecisset. non tamen omisere pugnam deserti,donec integri consules hortando ipsique ex parte pugnando rem sustinebant; sed postquam uolneratos,0.7,,pending,
234,Uarro,uarro,,Uarro in Etruria,. comitiis perfectis ludisque factis dictator et magister equitum magistratu abierunt. C. Terentius,m pro praetore missus ut ex ea prouincia C. Hostilius Tarentum ad eum exercitum iret quem T. Quincti,0.7,,pending,
235,quique,quique,,quique in Etruria,"sus Hasdrubalem quem iam Alpibus adpropinquare fama erat, decreta; exercitum e duobus qui in Gallia","esset addito urbano eligeret quem mallet, qui Galliam esset sortitus: cui Bruttii prouincia eueniss",0.7,,pending,
237,alterum,alterum,,alterum in Etruria,"quanto exercitu id bellum geratur, in eorum potestate esse. duos exercitus Romanos, unum in Gallia,",esse; satis scire Sp. Lucretium se cum M. Liuio iuncturum; multa milia armanda esse ut duobus ducib,0.7,,pending,
238,exercitum,exercitum,,exercitum in Etruria,"ius Tappulus; hi duo cum aediles plebis essent, praetores creati sunt. consul comitiis perfectis ad",m redit. Sacerdotes eo anno mortui atque in locum eorum suffecti: Ti. Ueturius Philo flamen Martiali,0.7,,pending,
239,idem,idem,,idem in Etruria,"issimus; super haec bellicae quoque laudis consulatus compotem fecerat. quod in Bruttiis prouincia,","ac Liguribus decretum: M. Cornelius nouo consuli tradere exercitum iussus, ipse prorogato imperio G",0.7,,pending,
241,legionibus,legionibus,,legionibus in Etruria,. Lentulus pro praetore habuisset decernitur. M. Seruilio prioris anni consuli cum suis duabus item,"prorogatum imperium est. quod ad Hispanias attineret, aliquot annos iam ibi L. Cornelium Lentulum e",0.7,,pending,
243,Gallia,gallia,,Gallia in Etruria,exercitus consularis ab Arretio Ariminum transductus erat et quinque milia socium Latini nominis ex,m transierant. itaque L. Furius magnis itineribus ab Arimino aduersus Gallos Cremonam tum obsidentes,0.7,,pending,
244,eo,eo,,eo in Etruria,"nciam uenisset, haud clam tulit iram aduersus praetorem quod absente se rem gessisset. misso igitur",m ipse in agrum hostium legiones induxit populandoque cum praeda maiore quam gloria bellum gessit. L,0.7,,pending,
246,propraetori,propraetori,,propraetori in Etruria,i magistratibus C. Laelio cum suo exercitu prorogatum in annum imperium est; prorogatum et P. Iunio,"cum eo exercitu, qui in prouincia esset, et M. Tuccio propraetori in Bruttiis et Apulia. [ 51 ] Pri",0.7,,pending,
247,propraetor,propraetor,,propraetor in Etruria,"am perfugisse et intra triduum exspirasse. senatus ea re audita decreuit, uti P. Iunius Brutus, qui","esset, prouincia exercituque traditis uni, cui uideretur, ex legatis, ipse in ulteriorem Hispaniam",0.7,,pending,
248,praetore,praetore,,praetore in Etruria,"spaniam proficisceretur, eaque ei prouincia esset. hoc senatus consultum litteraeque a Sp. Postumio","m missae sunt, profectusque in Hispaniam est P. Iunius propraetor. in qua prouincia prius aliquanto,",0.7,,pending,
249,legatum,legatum,,legatum in Etruria,"lli auctores sequendi sunt, qui, cum L. Scipio et accusatus et damnatus sit pecuniae captae ab rege",fuisse Africanum tradunt; qua post famam de casu fratris adlatam relicta legatione cucurrisse eum R,0.7,,pending,
250,ignobilis,ignobilis,,ignobilis in Etruria,paniam ulteriorem. consulibus ambobus quaestio de clandestinis coniurationibus decreta est. Graecus,"m primum uenit nulla cum arte earum, quas multas ad animorum corporumque cultum nobis eruditissima o",0.7,,pending,
251,partim,partim,,partim in Etruria,em reversus prope totam Italiam in armis invenit sub iuvene Mario Mari filio; sed omnes eius copias,ad Sacriportum partim ad Collinam Portam prostravit et reliquias adversariorum [eorum] qui se deder,0.7,,pending,
252,legerim,legerim,,apud Varronem legerim,"um fuisse et hodiernum esse. Quot autem saecula urbi Romae debeantur, dicere meum non est; sed quid",", non tacebo, qui libro antiquitatum duodevicensimo ait fuisse Vettium Romae in augurio non ignobile",0.85,,pending,
255,partim,partim,,partim in Etruria,em reversus prope totam Italiam in armis invenit sub iuvene Mario Mari filio; sed omnes eius copias,ad Sacriportum partim ad Collinam Portam prostravit et reliquias adversariorum [eorum] qui se deder,0.7,,pending,
256,philosophum,philosophum,,apud Varronem philosophum,"inione, uerum etiam doctorum uirorum auctoritate hoc miraculum de pueris confirmatur. (6) Memini me",", uirum accuratissime doctum atque eruditum, cum alia eiusdem modi, tum hoc etiam legere: Trallibus",0.85,,pending,
257,Syro,syro,,Syro ex insula oriundu,"ot vices vitae, quae diis manibus pro merito suo cuique tormenta vel praemia. Quin etiam Pherecydes","s, qui primus versuum nexu repudiato conscribere ausus est passis verbis, soluto locutu, libera orat",0.7,,pending,
258,modo,modo,,modo dictum est quod,sed sumitur essentia ab ente primo modo dicto. Unde Commentator in eodem loco dicit quod ens primo,"significat essentiam rei. Et quia, ut dictum est, ens hoc modo dictum dividitur per decem genera, o",0.7,,pending,
259,sicut,sicut,,sicut dictum est quod,"quantum scilicet non praecidit designationem materiae, sed implicite, continet eam et indistincte,",genus continet differentiam; et ideo praedicatur hoc nomen homo de individuis. Sed hoc nomen humani,0.7,,pending,
260,ideo,ideo,,ideo dictum est quod,quiditas vel natura seu forma sua. Unde oportet quod in intelligentiis sit esse praeter formam; et,intelligentia est forma et esse. Omne autem quod convenit alicui vel est causatum ex principiis nat,0.7,,pending,
261,supra,supra,,supra dictum est quod,"ur sana, non a sanitate quae in ipsa sit, sed a sanitate animalis, quam significat. Similiter etiam","res denominantur verae a veritate intellectus. Unde si nullus intellectus esset aeternus, nulla ver",0.7,,pending,
263,supra,supra,,supra dictum est quod,"telligendum secundum impossibilitatem absolutam, sed secundum impossibilitatem conditionatam: sicut","praedestinatum necesse est salvari, necessitate conditionata, quae non tollit libertatem arbitrii.",0.7,,pending,
264,supra,supra,,supra dictum est quod,"natio falli possit. Ad tertium dicendum quod, cum praedestinatio includat divinam voluntatem, sicut","Deum velle aliquid creatum est necessarium ex suppositione, propter immutabilitatem divinae volunta",0.7,,pending,
265,supra,supra,,supra dictum est quod,", procedit secundum rationem similitudinis, sicut etiam id quod procedit per modum naturae: et ideo","processio verbi divini est ipsa generatio per modum naturae. Amor autem, inquantum huiusmodi, non p",0.7,,pending,
266,supra,supra,,supra dictum est quod,"uidam falso opinati sunt: nam relatio quam significat hoc nomen Pater, est subsistens persona. Unde",hoc nomen persona in divinis significat relationem ut subsistentem in divina natura. Ad secundum di,0.7,,pending,
268,sicut,sicut,,sicut dictum est quod,"m est tota ratio existendi, et bonitatis alii, magis diligitur naturaliter tale alterum quam ipsum;",unaquaequae pars diligit naturaliter totum plus quam se. Et quodlibet singulare naturaliter diligit,0.7,,pending,
270,autem,autem,,autem dictum est quod,ae. Respondeo dicendum quod habitus quodammodo est medium inter potentiam puram et purum actum. Iam,"nihil cognoscitur nisi secundum quod est actu. Sic ergo inquantum habitus deficit ab actu perfecto,",0.7,,pending,
271,qui,qui,,qui appellatur a,digne abrogatos his cultus et honoris inpertitione viduatos? 4. Quod si non mentis elatio et typhus,"Graecis obstaret atque officeret vobis, iamdudum scire potuissetis, quid aut quare prohibuerit fier",0.7,,pending,
273,solo,solo,,solo dictum est quod,"tuo dictum est hoc? cur de illo tantum dictum est quasi locus ubi esset, qui non est locus, de quo",sit donum tuum? in dono tuo requiescimus: ibi te fruimur. requies nostra locus noster. amor illuc a,0.7,,pending,
274,putat,putat,,putat dicta quod,erpretatio ita verborum origo pro cuiusque ingenio iudicatur. Ecce enim 'verba' ipsa quispiam ex eo,"aurem quasi 'verberent'. Immo inquit alius quod aerem. Sed quid? Nostra non magna lis est, nam uter",0.7,,pending,
275,laude,laude,,laude dictum est quod,"PTIS LEGIS HABITVS CARTHAGINE AD MENSAM SANCTI CYPRIANI domino deo nostro, cuius cultores sumus, in",am scripturarum loco: [omnia in mensura et numero et pondere disposuisti]. deinde apostolica doctrin,0.7,,pending,
277,quippe,quippe,,quippe dictum est quod,"it; et quos uocauit, ipsos et iustificauit; quos autem iustificauit, ipsos et glorificauit. De illo","iustificet impium; de illo dictum est quod sit iustus et iustificans. Si ergo quos iustificauit, ip",0.7,,pending,
278,illo,illo,,illo dictum est quod,"uos autem iustificauit, ipsos et glorificauit. De illo quippe dictum est quod iustificet impium; de","sit iustus et iustificans. Si ergo quos iustificauit, ipsos et glorificauit, qui iustificat ipse et",0.7,,pending,
279,ergo,ergo,,ergo dictum est quod,udicat quemquam. Secundum hoc enim quod aequalem pater genuit filium iudicat cum illo. Secundum hoc,in iudicio non forma dei sed forma filii hominis apparebit. Non quia non iudicabit qui dedit omne i,0.7,,pending,
280,qui,qui,,qui appellatur a,"ium non receperunt, quamuis ex auditu in nobis facta sit, non tamen ad eum sensum corporis pertinet","uditus quoniam non est sonus, nec ad oculos huius carnis quoniam non est color aut corporis forma, n",0.7,,pending,
281,illo,illo,,illo dictum est quod,ctus est illi. Nec ita ut aliquando esse desistat aut coeperit; immortalis est enim. Nec frustra de,solus habeat immortalitatem. Nam immortalitas eius uere immortalitas est in cuius natura nulla est,0.7,,pending,
283,enim,enim,,enim dictum est quod,"uia dictum est de illo: Non enim loquetur a semetipso, sed quaecumque audiet loquetur; secundum hoc","de patre procedit. Cum uero et filius de patre sit et spiritus sanctus a patre procedat, cur non am",0.7,,pending,
286,qui,qui,,qui appellatur A,", D equites transportabat biduoque et noctibus tribus navigatione consumptis appellit ad eum locum,",nquillaria. Hic locus abest a Clupeis passuum XXII milia habetque non incommodam aestate stationem e,0.7,,pending,
288,legerim,legerim,,apud Varronem legerim,"um fuisse et hodiernum esse. Quot autem saecula urbi Romae debeantur, dicere meum non est; sed quid",", non tacebo, qui libro antiquitatum duodevicensimo ait fuisse Vettium Romae in augurio non ignobile",0.85,,pending,
289,Romanum,romanum,,Romanum in Etruria,"videri, sed iam me ipse inertiae nequitiaeque condemno. [ 5 ] Castra sunt in Italia contra populum","e faucibus conlocata, crescit in dies singulos hostium numerus; eorum autem castrorum imperatorem du",0.7,,pending,
292,Stilbwn,stilbwn,,Stilbwn appellatur a,"or, diebus minus eundem lustrat orbem quem duae superiores, infra hanc autem stella Mercuri est (ea","Graecis), quae anno fere vertenti signiferum lustrat orbem neque a sole longius umquam unius signi",0.7,,pending,
295,eo,eo,,eo appellatur quia,"nes singulos esse voluerunt, quorum ipsum nomen vim suae potestatis indicat. nam dictator quidem ab","dicitur, sed in nostris libris vides eum Laeli magistrum populi appellari.' (Laelius) 'video' inqui",0.7,,pending,
296,volgo,volgo,,volgo appellatur a,"Veneriis voluptatibus, sic flagitiosi, qui eas inflammato animo concupiscunt. Totus vero iste, qui","mor - nec hercule invenio, quo nomine alio possit appellari -, tantae levitatis est, ut nihil videam",0.7,,pending,
297,testibus,testibus,,testibus dictum quod,mnibus nullum esset in quo quisquam vestrum perpetuam accusationem requireret. Nego esse quicquam a,aut vestrum cuipiam esset obscurum aut cuiusquam oratoris eloquentiam quaereret. Etenim sic me ipsu,0.7,,pending,
299,qui,qui,,qui appellatur A,dae Leptogeneseos apocryphus Centonem de Christo virgilianis conpaginatum versibus apocryphum Liber,ctus Theclae et Pauli apocryphus Liber qui appellatur Nepotis apocryphus Liber Proverbiorum ab heret,0.7,,pending,
302,eorum,eorum,,eorum in Etruria,"acra alite adiutus, tulit spolia; et inde Corvini. Nec non tamen post aliquod annos omnis reliquias","ad lacum Vadimonis Dolabella delevit, ne quis exstaret ex ea gente, quae incensam a se Romanam urbe",0.7,,pending,
303,profectus,profectus,,profectus in Etruria,"a curatione ipsa rescinderentur. Ergo cum turbidis concionibus velut classico civitatem terruisset,",m arma inde et exercitum urbi admovebat. Sed iam Mulvium pontem collemque Ianiculum Lutatius Catulus,0.7,,pending,
304,Manlio,manlio,,Manlio in Etruria,eque palam ac professo incendium suum restincturum ruina minaretur. Et ille quidem ad praeparatum a,exercitum proficiscitur signa inlaturus urbi. Lentulus destinatum familiae suae Sibyllinis versibus,0.7,,pending,
305,inventore,inventore,,inventore appellatur A,"t auxilio, aliam aquam eiusdem bonitatis opere subterraneo perduxit usque ad Marciae rivum, quae ab","ugusta. Nascitur ultra fontem Marciae. Cuius ductus donec Marciae accedat, efficit passus octingento",0.7,,pending,
307,Romanorum,romanorum,,ab Etruscis Romanorum,"traxit aciem et sine iactura suorum cecidit aversos. Cn. Manlius consul, cum ex acie reversus capta","castra invenisset, omnibus portis statione circumdatis inclusos hostes in eam rabiem efferavit, ut",0.7,,pending,
309,novum,novum,,novum appellatur a,"los, dicit Dominus; dabo legem meam in visceribus eorum et in corde eorum scribam eam"". En et fedus","propheta lex ipsa spiritalis, que scribenda erat in suo tempore in libro cordium humanorum non liqu",0.7,,pending,
310,totum,totum,,totum appellatur a,". Tunc enim potest recusari, nisi datus sit de partium consensu. Abbas. Ò § 2. A subdelegato non in","d subdelegantem, non autem ad primum delegantem; secus si in totum. H. d. usque ad § Quem vero. Ò §",0.7,,pending,
311,idcirco,idcirco,,idcirco appellatur quia,"ihil minus continet, sed semel et simul omnia intuetur praeterita, praesentia et futura. Vivax mens",quod semel in divina fuerit ratione nulla umquam oblivione aboletur. [751B] primaeva ratio rerum es,0.7,,pending,
312,venientes,venientes,,venientes in Etruria,"crates, Asclepio patre genitus in insula Coo. ludi a Lydis initium sumpsisse creduntur, qui ex Asia","consederunt sub Tyrreno duce, ibique inter ceteros superstitionum suarum ritus spectacula instituer",0.7,,pending,
313,qui,qui,,qui appellatur A,vel Genesis apocryphus. Centimetrum de Christo Vergilianis compaginatum versibus apocryphum. liber,ctus Theclae et Pauli apocryphus. liber qui appellatur Nepotis apocryphus. liber Proverbiorum ab hae,0.7,,pending,
315,eorum,eorum,,eorum in Etruria,iutus rettulit spolia dictusque est ipse Corvinus. Nec non tamen post aliquod annos omnes reliquias,"ad lacum Vadi montis Dolabella delevit, ne quis extaret ex ea gente quae incensam a se Romanam urbe",0.7,,pending,
320,autem,autem,,autem appellata a,"] Senex autem tantum masculini generis est, sicut anus feminini; nam anus dicitur sola mulier. Anus","multis annis, quasi annosa. Nam si commune esset nomen, cur diceret Terentius (Eun. 357): 'senem mu",0.7,,pending,
323,vulgo,vulgo,,vulgo appellatur a,"vis, unde et nuncupatus; rapacissimus tamen et semper domesticis avibus insidiator. [59] Ossifragus",vis quae ossa ab alto dimittit et frangit. Vnde et a frangendo ossa nomen accepit. [60] Turtur de vo,0.7,,pending,
324,Tonitruum,tonitruum,,Tonitruum dictum quod,"emque faciunt; unde est illud (Virg. Aen. 5,20): Atque in nubem cogitur aer. VIII. DE TONITRVO. [1]",sonus eius terreat; nam tonus sonus. Qui ideo interdum tam graviter concutit omnia ita ut caelum di,0.7,,pending,
325,Grando,grando,,Grando appellata quod,"e et Lucretius (1,715): Ex igni, terra atque anima nascuntur et imbri. Est autem nomen Graecum. [5]","forma eius granorum similitudinem habeat. Haec autem ventorum rigore durantur in nube, ac solidantu",0.7,,pending,
326,Aqua,aqua,,Aqua dicta quod,"ventos quam fulmina alata fingunt poetae, ut (Virg. Aen. 8,430): Alitis Austri. XII. DE AQVIS. [1]","superficies eius aequalis sit; hinc et aequor appellatum, quia aequaliter sursum est. [2] Duo autem",0.7,,pending,
327,magnum,magnum,,magnum appellatur quia,"est quod ab occasu ex Oceano fluit et in meridiem vergit, deinde ad septentrionem tendit; quod inde","cetera maria in conparatione eius minora sunt. Iste est et Mediterraneus, quia per mediam terram us",0.7,,pending,
328,Charybdis,charybdis,,Charybdis dicta quod,"mam hominis capitibus caninis succinctam, quia conlisi ibi fluctus latratus videntur exprimere. [5]","gurgitibus occultis naves obsorbeat; est enim mare verticosum, et inde ibi laniata naufragia profun",0.7,,pending,
329,Diluvium,diluvium,,Diluvium dictum quod,"a sunt, quaedam vero, quae non erant, abyssi tunc ruptis meatibus eruperunt. XXII. DE DILVVIIS. [1]","aquarum clade omnia quae inundaverit deleat. [2] Primum diluvium extitit sub Noe, quando hominum sc",0.7,,pending,
330,Palaestinae,palaestinae,,Palaestinae vocata quod,ens in terra Agrabath. Situs eius natura consimili nec ullo differens a Iudaea. [23] Galilaea regio,"gignat candidiores homines quam Palaestina. Haec autem duplex est, superior et inferior, sibi tamen",0.75,,pending,
331,Italiae,italiae,,Italiae dicta quod,"minata. Est enim in iugis Appennini montis sita, in parte Italiae iuxta meridiem. [22] Etruria pars","eius fines tendebantur usque ad ripam Tiberis, quasi ETEROURIA. Nam ETERON significat alterum, OROS",0.7,,pending,
332,Libya,libya,,Libya dicta quod,"as, et ultra vel quod ultima vel quod non sit post hanc ulla, hoc est alia, terra. V. DE LIBYA. [1]","inde Libs flat, hoc est Africus. Alii aiunt Epaphum Iovis filium, qui Memphin in Aegypto condidit,",0.7,,pending,
333,autem,autem,,autem vocata quod,"um in ius suum Romani vincendo redigerent, procul positas regiones provincias appellaverunt. Patria","communis sit omnium, qui in ea nati sunt. [20] Terra autem significari, ut praediximus (13,3,1), el",0.75,,pending,
334,Graece,graece,,Graece dicta quod,"] Abydos insula in Europa super Hellespontum posita, angusto et periculoso mari separata, et ABUDOS","sit introitus Hellesponti maris, in quo Xerxes pontem ex navibus fecit, et in Graeciam transiit. [1",0.7,,pending,
335,autem,autem,,autem vocata quod,"Cytherea insula una ex Cycladibus a parte occidua sita, cuius Porphyris antea nomen fuit. Cytherea","ibi Venus sit orta. [26] Icaria insula una de Cycladibus, quae Icario mari nomen dedit. Haec inter",0.75,,pending,
337,Deserta,deserta,,Deserta vocata quia,"a conlucendo crebris luminibus dici, quae ibi propter religionem gentilium cultumque fiebant. [31]","non seruntur et ideo quasi deseruntur; ut sunt loca silvarum et montium, contraria uberrimarum terr",0.75,,pending,
338,notatum,notatum,,litteris Tuscis notatum,"aiunt, cum Tarquinius Priscus Capitolii fundamenta Romae aperiret, in loco fundamenti caput hominis","invenit, et proinde Capitolium appellavit. [32] Arces sunt partes urbis excelsae atque munitae. Nam",0.85,,pending,
339,Macellum,macellum,,Macellum dictum quod,"ulis lignisque erant constructae, quae nunc et si non speciem, nomen tamen pristinum retinent. [44]",ibi mactentur pecora quae mercantibus venundantur. [45] Mercatum autem a conmercio nominatum. Ibi e,0.7,,pending,
341,Analogium,analogium,,Analogium dictum quod,"niversi exaudire possint. Alias tribunal a tribu denominatum, quod ad illud tribus convocetur. [17]",sermo inde praedicetur; nam LOGOS Graece sermo dicitur; quod et ipsud altius situm est [ut in eo le,0.7,,pending,
342,Fundamentum,fundamentum,,Fundamentum dictum quod,prius quam domum ingrediamur; postes eo quod post ostium stent. VIII. DE PARTIBVS AEDIFICIORVM. [1],"fundus sit domui. Idem et caementum a caedendo dictum, quod caeso crasso lapide surgat. [2] Paries",0.7,,pending,
343,Capitolia,capitolia,,Capitolia dicta quod,"s est earum quae vocantur Atticae, quaternis angulis aut amplius, paribus laterum intervallis. [15]","sint columnarum capita, sicut super collum caput. Epistolia sunt quae super capitella columnarum po",0.7,,pending,
344,Volutabra,volutabra,,Volutabra appellata quod,"e. Lutum vocatum quidam per antiphrasin putant, quod non sit mundum; nam omne lotum mundum est. [5]",ibi apri volutentur. Vligo sordes limi vel aquae sunt. Sabulum levissimum terrae genus. [6] Argilla,0.7,,pending,
345,crepido,crepido,,crepido vocata quod,"LAIA Graece, speluncae Latine. Est autem rupis cavata. [3] Crepido extremitas saxi abrupta; unde et","sit abrupti saxi altitudo, sicut 'haeret pede pes densus' (Virg. Aen. 10,361); unde et vocatur. Cau",0.75,,pending,
346,Chalcosmaragdus,chalcosmaragdus,,Chalcosmaragdus dicta quod,"similes notas habent. Smaragdi autem mero et viridi proficiunt oleo, quamvis natura inbuantur. [3]",viridis sit et turbida aereis venis. Haec in Aegypto vel Cypro insula nascitur. [4] Prasius pro vir,0.7,,pending,
347,Myrrhites,myrrhites,,Myrrhites dicta est quod,"e profundo petat, et carinis ita tenaciter adhaereat ut nisi abrasa parte ligni vix separetur. [14]",in ea myrrhae color est. Conpressus autem usque ad calorem nardi spirat suavitatem. Aromatitis repe,0.7,,pending,
348,Onyx,onyx,,Onyx appellata quod,"aec rubrum habet colorem marmoribus praestans, sed inter gemmas vilissima. Genera eius quinque. [3]",habeat in se permixtum candorem in similitudinem unguis humanae. Graeci enim unguem ONUCHAdicunt. H,0.7,,pending,
349,Melichrysus,melichrysus,,Melichrysus dicta quod,ris habet quadrulas. Gignitur in Persida. [6] Leucochrysus colore aureo interveniente candida vena.,"veluti per aurum (sincerum mel), sic haec gemma transluceat. [7] Chrysocolla gignitur in India, ubi",0.7,,pending,
350,Vitrum,vitrum,,Vitrum dictum quod,"tem non translucidas gemmas caecas appellari, eo quod densitate sua obscurentur. XVI. DE VITRO. [1]",visui perspicuitate transluceat. In aliis enim metallis quidquid intrinsecus continetur absconditur,0.7,,pending,
351,aurum,aurum,,aurum dictum quod,"fulgeat luce alia repercussus. Hinc et aurarii dicti, quorum fulgor splendiosus reddit. [2] Obryzum","obradiet splendore; est enim coloris optimi, quod Hebraei 'ophaz', Graeci KIRRON dicunt. Brattea di",0.7,,pending,
352,vivum,vivum,,vivum dictum quod,"Cui mirum in modum illud ut, dum candidum sit, inpressum corpori liness nigras reddat. [2] Argentum","excidat materias in quibus inicitur; hoc et liquidum, quia percurrit. Invenitur specialiter in meta",0.7,,pending,
353,Aurichalcum,aurichalcum,,Aurichalcum dictum quod,"pide aeroso, quem cadmiam vocant; et est ductile. Huic si addatur plumbum, colore purpureo fit. [3]",et splendorem auri et duritiam aeris possideat. Est autem nomen compositum ex lingua Latina et Grae,0.7,,pending,
354,Ferrum,ferrum,,Ferrum dictum quod,"tque ita distillantibus, quodex eo cecidit in ipsum acetum teritur et cribratur. XXI. DE FERRO. [1]","farra, id est semina frugum, terrae condeat. Idem et chalybs a Chalybe flumine, ubi ferrum optima a",0.7,,pending,
356,Vncia,vncia,,Vncia dicta quod,"in litteris divinis legatur siclus, uncia est; cum vero in gentilium, quarta pars unciae est. [19]","universitatem minorum ponderum sua unitate vinciat, id est conplectat. Constat autem dragmis octo,",0.7,,pending,
357,Amphora,amphora,,Amphora vocata quod,"s vel 'bata' nominatur, capiens quinquaginta sextaria; quae mensura una molae vice proteritur. [13]","hinc et inde levetur. Haec Graece a figura sui dicta dicitur, quod eius ansae geminatae videantur a",0.75,,pending,
358,Hordeum,hordeum,,Hordeum dictum quod,"tur. [9] Alica Graecum nomen est. Alicastrum simile est alicae, pondere et bonitate praecipua. [10]","prae ceteris generibus frumenti ante fiat aridum, vel quod spica eius ordines habeat. Horum tria ge",0.7,,pending,
359,Panicium,panicium,,Panicium dictum quod,ius in incrementum frugis centesimum renascatur. Hinc et milium a multitudine fructus vocatum. [13],"multis in regionibus ex eo panis vice homines sustententur, quasi panivicium. Pistum a pasto. Sisam",0.7,,pending,
362,Vicia,vicia,,Vicia dicta quod,". Haec semel seritur et decem annis permanet, ita ut quater vel sexies possit per annum recidi. [9]","vix ad triplicem perveniat fructum, cum alia legumina proventum habeant fertilem: unde et Vergilius",0.7,,pending,
363,Vitis,vitis,,Vitis dicta quod,autem inventorem vitis Liberum appellari: unde et eum gentiles post mortem deum esse voluerunt. [2],vim habeat citius radicandi. Alii putant vites dictas quod invicem se vittis innectant vicinisque a,0.7,,pending,
364,Radix,radix,,Radix appellatur quod,ant virgultas vel umbras; sunt autem causa umbrarum. Oculi nodi sunt ex quibus frondes exeunt. [14],quasi radiis quibusdam fixa terris in profunda dimergitur. Nam physici dicunt parem esse altitudine,0.7,,pending,
365,virgultum,virgultum,,virgultum appellatur quod,"est quod de radice pullulat; ramus, qui de ipso robore arboris; virga, quae de ramis. Proprie autem","ad radicem arboris nascitur et quasi inutile ab agricolis amputatur. Et hinc dictum virgultum, quia",0.7,,pending,
366,Graecis,graecis,,Graecis dictum quod,lla potius victores coronantur. Sola quoque haec arbor vulgo fulminari minime creditur. [3] Malum a,sit fructus eius pomorum omnium rotundissimus: unde et haec sunt vera mala quae vehementer rotunda,0.7,,pending,
368,putant,putant,,putant dictum quod,es quibus innascitur carpit; rumpit enim et prodit ex latebris quibus concepta est. Alii caprificum,"ficus arbor eius remedio fecundetur. [19] Morus a Graecis vocata, quam Latini rubum appellant, eo q",0.7,,pending,
369,Nux,nux,,Nux appellata quod,"folia similis moro. Hanc Latini celsam appellant ab altitudine, quia non est brevis, ut morus. [21]",umbra vel stillicidium foliorum eius proximis arboribus noceat. Hanc alio nomine Latini iuglandem v,0.7,,pending,
370,Abies,abies,,Abies dicta quod,"sit arboris. Pinus creditur prodesse cunctis quae sub ea seruntur, sicut ficus nocere omnibus. [32]","prae ceteris arboribus longe eat et in excelsum promineat. Cuius natura expers est terreni humoris,",0.7,,pending,
373,Salix,salix,,Salix dicta quod,d utilis sit ad usum telorum nitore et levitate iaculandi: est enim genus materiae levissimae. [47],"celeriter saliat, hoc est velociter crescat, arbor lenta, vitibus habilis vinciendis. Cuius seminis",0.7,,pending,
374,enim,enim,,enim appellatur a,"omnium resinarum praestantiorem. [53] Buxus Graecum nomen est, ex parte a Latinis corruptum; PUKSOS",pud eos. Arbor semper virens et levitate materiae elementorum apicibus apta. Vnde et Scriptura (Isai,0.7,,pending,
375,Et,et,,Et appellatur a,"ne veluti in pulverem resolutum, et cum frangitur, intus pingue et igni adpositum facile ardescens.","pud nos masculum, eo quod sit natura rotundum in modum testiculorum. Reliquum planum et pene scabros",0.7,,pending,
376,autem,autem,,autem dicta quod,"calamites, pinguis, resinosa, odoris iucundi, humecta et veluti mellosum liquorem emittens. Storax","sit gutta arboris profluens et congelata. Nam Graeci stiriam guttam dicunt, Graece autem STURAKS, L",0.7,,pending,
377,Cinnamomum,cinnamomum,,Cinnamomum dictum quod,i. Denique lignum ipsius vice thymiamatum altaribus adoletur; unde et nomen traxisse creditur. [10],cortex eius in modum cannae sit rotundus et gracilis. Gignitur autem in Indiae et Aethiopiae region,0.7,,pending,
378,Folium,folium,,Folium dictum quod,anationem. Non tamen omnium herbarum etymologiam invenies. Nam pro locis mutantur etiam nomina. [2],sine ulla radice innatans in Indiae litoribus colligatur. Quod lino perforatum siccant Indi atque r,0.7,,pending,
379,Hedera,hedera,,Hedera dicta quod,"ulto; [21] in cuius imitatione arte vestis ornatur, quae acanthina dicitur; et acanthis dicta. [22]","arboribus reptando adhaereat. De qua Vergilius (Ecl. 8,13): Inter victrices hederam tibi serpere la",0.7,,pending,
380,eo,eo,,eo dicta quod,lorum graminum usque adeo celebris est ut noxias herbas aconita illinc nominemus. Nam toxica venena,"ex arboribus taxeis exprimitur, maxime apud Cantabriam. [26] Euphorbium dictum quod eius sucus ocul",0.7,,pending,
381,Euphorbium,euphorbium,,Euphorbium dictum quod,"nemus. Nam toxica venena eo dicta quod ex arboribus taxeis exprimitur, maxime apud Cantabriam. [26]",eius sucus oculorum acuat visum. Cuius vis tanta est ut duris carnibus superadiecta citius coqui co,0.7,,pending,
382,Mandragora,mandragora,,Mandragora dicta quod,"haerentes eiciunt. Hanc quidam Latinorum puleium Martis dicunt, propter belli tela excutienda. [30]","habeat mala suaveolentia, in magnitudinem mali Matiani: unde et eam Latini malum terrae vocant. Han",0.7,,pending,
383,eo,eo,,eo dicta quod,"S, quia locis humectis nascitur. Eadem et fel terrae propter amaritudinem. [34] Glycyriza Graece ex","dulcem radicem habeat; GLUKU enim Graece dulce dicunt. Eadem ADIPSOS, quia sitientibus sitim sedat.",0.7,,pending,
384,autem,autem,,autem dictum quod,"um, illud quod trans Danubium in solo barbarico, istud quod circa Pontum colligitur, nominatum. Reu","sit radix, quasi radix barbara, quasi radix Pontica. [41] Hyoscyamos a Graecis dicta, a Latinis her",0.7,,pending,
385,Saxifraga,saxifraga,,Saxifraga vocata quod,"ni imaginem turbidam. Hanc vulgus milimindrum dicit, propter quod alienationem mentis inducit. [42]","semen eius petras in vesica frangat atque conminuat. Gentiana nomen sumpsit, ut medici memorant, ab",0.75,,pending,
386,eo,eo,,eo vocata quod,"t, quos Graeci ORCHEIS vocant. Idem et leporina, propter quod caulem mollem emittat. [44] Vrtica ex","tactus eius corpus adurat. Est enim igneae omnino naturae et tactu perurit, unde et pruriginem faci",0.75,,pending,
387,Graece,graece,,Graece dicta quod,"e a gentibus consecrata est, unde et nuncupata; Graece enim Diana ARTEMIS dicitur. [46] Chamaemelos",mali Matiani odorem habeat sitque brevis terraeque vicina. [47] Chamaedrys a Graecis appellata quod,0.7,,pending,
388,Graecis,graecis,,Graecis appellata quod,elos Graece dicta quod mali Matiani odorem habeat sitque brevis terraeque vicina. [47] Chamaedrys a,"sit brevis et per terram strata et minuta foliis parvissimis. [48] Paeon quidam medicus fuit, a quo",0.7,,pending,
389,Psyllios,psyllios,,Psyllios dicta quod,"icitur, quod vere primo senescat: unde et eam Latini senicionem vocant. Nascitur per macerias. [54]",semen simile pulicis habeat: unde et eam Latini herbam pulicarem vocant. [55] Hierobotane ideo a Gr,0.7,,pending,
390,Splenos,splenos,,Splenos dicta quod,"am quidam herbam lanariam vocant, eo quod plerique lanam ex ea lavent. Nascitur [in] locis cultis. [","splenem auferat.] [57] Cimicia, propter similitudinem cimicis dicta: unde et eam Greci KORION vocav",0.7,,pending,
391,Citocacia,citocacia,,Citocacia vocata quod,"ic contraria atque falsa ex Syria vel Iudaea. [65] Daucos, foliis feniculi similis thyrso bipalmis.",ventrem cito depurgat; quam vulgus corrupte citocociam vocant. [66] Lappa dicta quod habeat caulem,0.75,,pending,
393,Rubia,rubia,,Rubia dicta quod,", vel quod sit virgulis nigris lenibus cum splendore quasi capilli. Nascitur in aquosis locis. [68]","radix eius sit rubra, unde et colorare lanas perhibetur. [69] Anchusa, cuius radix contrita digitos",0.7,,pending,
394,Graece,graece,,Graece dicta quod,"vocant, ab eo quod ad lychnia facit. Eadem et lucubros, quod lucem praebeat umbris. [74] Pyrethron","habeat radicem incendiosam atque coacervantem. [75] Althaea malva agrestis, sive malvaviscus; sed a",0.7,,pending,
395,Graecis,graecis,,Graecis dicta quod,"rstitio gentilium dicit quod, si integra ad limen suspendatur, omnia mala fugat. [86] Chamaepitys a","terrae adhaereat et odorem pini habeat. Hanc Latini cucurbitularem vocant, quod ex parte odorem cuc",0.7,,pending,
396,Asplenos,asplenos,,Asplenos dicta quod,"rem vocant, quod ex parte odorem cucurbitae referat. Staphysagria nascitur [in] locis amoenis. [87]","splenem auferat; sive scolopendrios, eo quod folia ipsius scolopendro animali sint similia. Nascitu",0.7,,pending,
398,Papyrum,papyrum,,Papyrum dictum quod,iendo ferulam dicunt. Ad hanc enim pueri et puellae vapulare solent: huius sucus galbanum est. [96],igni et cereis est aptum; PUR enim Graeci ignem dicunt. Iuncus [eo quod iunctis radicibus haereat].,0.7,,pending,
399,Faenum,faenum,,Faenum dictum quod,"ium. [106] Zizania, quam poetae semper infelix lolium dicunt, quod sit inutile et infecundum. [107]",eo flamma nutritur; FOS enim flamma est. Manipulum dicimus fascem faeni: et dictum manipulum quod m,0.7,,pending,
400,vocabulo,vocabulo,,vocabulo appellatur A,"est enim summitas olerum vel arborum, in qua vegens virtus naturalis est. [5] Malva ex parte Graeco","PO TOUMALASSEIN, eo quod molliendi alvum solvendique naturam habeat. Cuius sucus, si quis se oleo mi",0.7,,pending,
401,Pastinaca,pastinaca,,Pastinaca vocata quod,s negatur feriri. Folia eius ex oleo trita et inposita scorpionibus creduntur afferre torporem. [6],"eius radix praecipuus pastus sit hominis: est enim odoratu iucunda, cibo delectabilis. [7] Rapa dic",0.75,,pending,
402,Lactuca,lactuca,,Lactuca dicta est quod,contra acceptum venenum. Vnde et apud veteres ante alias epulas haec solebant mensis adponere. [11],"abundantia lactis exuberet, seu quia lacte nutrientes feminas inplet. Haec et in viris Veneris usum",0.7,,pending,
403,Alium,alium,,Alium dictum quod,"3] Ascalonia nuncupata ex una urbium Palaestinae quae Ascalon dicitur, unde prius advecta est. [14]","oleat. Vlpicum appellatum quod alii odorem habeat. Phaselos vocari aiunt a Phaselo insula Graeciae,",0.7,,pending,
404,Apium,apium,,Apium dictum quod,"ra agrestis, acrioris virtutis; utraque tamen Veneris commovent usum. XI. DE ODORATIS OLERIBVS. [1]","eo apex, id est caput, antiquorum triumphantium coronabatur. Hercules autem hanc herbam primus capi",0.7,,pending,
405,Hipposelinon,hipposelinon,,Hipposelinon dictum quod,"Graece apium dicitur. Sed est summum ac probabile Macedonicum, gustu suave et odore aromatico. [3]","sit durum et austerum. Oleoselinon, quod mollius folio et caule tenerum. [4] Feniculum Latini vocan",0.7,,pending,
406,Ruta,ruta,,Ruta dicta quod,"dederis, amentiam nutrit. Canos etiam ex coriandro infici traditum est. Abrotanum. Caerefolium. [8]",sit ferventissima. Cuius altera agrestis atque virtute acrior; sed utraque ferventissimae conproban,0.7,,pending,
407,bellum,bellum,,bellum vocatur quod,"stationem, quam terra marique diu egerant, mira celeritate conpressit ac superavit. [6] Sicut autem","contra hostes agitur, ita tumultus quod civili seditione concitatur. Nam seditio est dissensio civi",0.75,,pending,
408,Victoria,victoria,,Victoria dicta quod,"dies otia. II. DE TRIVMPHIS. [1] Omne regnum saeculi huius bellis quaeritur, victoriis propagatur.","vi, id est virtute, adipiscatur. Hoc est enim ius gentium, vim vi expellere. Nam turpis est dolo qu",0.7,,pending,
409,transvenas,transvenas,,transvenas in Etruria,"icra nuncupata, quod in ludis gerantur aut in cenis. [2] Ludorum origo sic traditur: Lydios ex Asia","consedisse duce Tyrreno, qui fratri suo cesserat regni contentione. Igitur in Etruria inter ceteros",0.7,,pending,
410,Igitur,igitur,,Igitur in Etruria,"s ex Asia transvenas in Etruria consedisse duce Tyrreno, qui fratri suo cesserat regni contentione.",inter ceteros ritus superstitionum suarum spectacula quoque religionis nomine instituerunt. Inde Ro,0.7,,pending,
411,gladiatorium,gladiatorium,,gladiatorium dictum quod,"II. DE AMPHITHEATRO. [1] Amphitheatrum locus est spectaculi, ubi pugnant gladiatores. Et inde ludum","in eo iuvenes usum armorum diverso motu condiscant, et modo inter se aut gladiis aut pugnis certant",0.7,,pending,
412,nomen,nomen,,nomen vocatur quod,"nisterium exhibent, atque aliquid huiuscemodi deinceps ex parte notanda studui. [2]Artifex generale","artem faciat, sicut aurifex qui aurum [facit]. Faxo enim pro facio antiqui dicebant. [3] Nauclerus",0.75,,pending,
413,Fundamentum,fundamentum,,Fundamentum dictum quod,"t instaurare dicebant. [2] Constat autem constructio fundamento, lapidibus, calce, arena et lignis.","fundus sit aedificii. Idem et caementum a caedendo dictum, quod caeso crasso lapide surgat. [3] Lap",0.7,,pending,
414,Capitolia,capitolia,,Capitolia dicta quod,positae fabricae sustinent pondus. [23] Basis autem nomen petrae est fortissimae Syro sermone. [24],"sint columnarum capita, quasi super collum caput. Epistolia sunt, quae super capitella columnarum p",0.7,,pending,
415,Rubrica,rubrica,,Rubrica vocata quod,"inde nomen a Sinope urbe accepit. Species eius tres: rubra et minus rubens, et inter has media. [4]","sit rubra et sanguineo proxima. Haec plurimis locis gignitur, sed optima Ponto; unde et Pontica dic",0.75,,pending,
416,Atramentum,atramentum,,Atramentum dictum quod,"purpurariis officinis, spuma in aereis cortinis innatans, quam infectores detrahentes siccant. [17]","sit atrum, cuius species et picturae et cottidiano usui necessaria est; iste inter facticios est. F",0.7,,pending,
417,Melinum,melinum,,Melinum dictum quod,rit. [20] Omne autem atramentum sole perficitur: omnes colores calcis admixtione conrumpuntur. [21],"eius metalli ferax sit una ex Cycladibus insula Melos nomine. Est enim candidum, nec utuntur eum pi",0.7,,pending,
419,Scobina,scobina,,Scobina dicta quod,"quod ut vermis terendo forat, quasi terefora; vel quasi transforans. Taratrum, quasi teratrum. [15]","haerendo scobem faciat. Cant[h]erium. Guvia, XX. DE INVENTIONE LANIFICII. [1] Minervam quandam gent",0.7,,pending,
420,antiquissima,antiquissima,,antiquissima appellata quia,"ntur, pro eo quod eisdem iuvenes, qui nudi exercentur in campo, pudenda operiunt. [6] Tonica vestis","in motu incedentis sonum facit; tonus enim sonus est. Primum autem fuere pelliciae tunicae, quibus",0.7,,pending,
421,Lumbare,lumbare,,Lumbare vocatur quod,"hoc utebantur. Levitonarium est colobium lineum sine manicis, quale Aegyptii monachi utuntur. [25]","lumbis religetur, vel quod lumbis haereat. Hoc in Aegypto et Syria non tantum feminae sed et viri u",0.75,,pending,
422,vulgo,vulgo,,vulgo vocata quod,"textura eius ligata sit in totum; quasi diceret liginum, C pro G littera commutata. [28] Armilausa","ante et retro divisa atque aperta est, in armos tantum clausa; quasi armiclausa, C littera ablata.",0.75,,pending,
423,Toga,toga,,Toga dicta quod,"ui ex una parte induitur, neque consuitur, sed fibula infrenatur. Hinc et Graece nomen accepit. [3]","velamento sui corpus tegat atque operiat. Est autem pallium purum forma rotunda et fusiore, et quas",0.7,,pending,
424,autem,autem,,autem dicta quod,nitio procedebant. Hanc primum Romulus adinvenisse perhibetur ad discretionem regii habitus. Trabea,"in maiori gloria hominem transbearet, hoc est ultra et in posterum ampliori dignitate honoris beatu",0.7,,pending,
425,Graece,graece,,Graece vocatur quod,"perimentum, quod cooperto capite et scapula a dextro latere in laevum humerum mittitur: stola autem",superemittatur. [4] Idem et ricinium Latino nomine appellatum eo quod dimidia eius pars retro reici,0.75,,pending,
426,Tapeta,tapeta,,Tapeta dicta quod,"ocatae quod calcentur, id est farciantur, pluma sive tomento, quo molliores calidioresque sint. [5]","pedibus primum strarentur, quasi tapedia. Sipla tapetaexuna parte villosa, quasi simpla. Amphitapa",0.7,,pending,
428,Tinctura,tinctura,,Tinctura vocata quia,"lacium est stuppa et quasi crassedo serici, et est Graecum nomen. XXVIII. DE COLORIBVS VESTIVM. [1]","tinguitur et in aliam fucata speciem nitoris gratia coloratur. KOKKON Graeci, nos rubrum seu vermic",0.75,,pending,
429,vulgo,vulgo,,vulgo vocatur quod,"em et per munile omnia ornamenta matronarum significantur, quidquid illis munere datur. [14] Murena",scilicet auri metallo in virgulis lentescente quaedam ordinis flexuosi catena contexitur in similit,0.75,,pending,
430,Vitta,vitta,,Vitta dicta quod,"a fascia quod in modum fasciculi corpus alligat. Hinc et fasciolae, quibus vulnera conligantur. [7]",ea pectus vincitur instar vitis ligantis. Limbus est quam nos ornaturam dicimus. [8] Fasciola est q,0.7,,pending,
431,calciamenta,calciamenta,,calciamenta dicta quod,"alciamenta non possunt, quas Graeci KALOPODAS dicunt: fiebant autem prius ex salice tantum. Hinc et","in calo, id est ligno, fiant; vel quod calcentur. [3] Crepidas Graeci ante repertas usi sunt. Est a",0.7,,pending,
432,et,et,,et appellatur ab,"nt, haec nisi conexe dici non possunt. Quod genus quartum apud Dialecticos multum habet conflictum,","eis valde oppositum, siquidem et tertium non recipit. [8] Nam ex illis quaedam habere tertium possu",0.7,,pending,
433,Pulpa,pulpa,,Pulpa dicta quod,scitur et silescit. [27] Frustum vocatum quod capiatur a frumine; est enim frumen summa pars gulae.,cum pulte olim mixta vescebatur. Vnde et pulmentarium et pulmentum dictum. [28] Lucanicae dictae qu,0.7,,pending,
434,inde,inde,,inde dictum quod,"tusta, ut vinum, sed statim sublata de flumine et fonte vel puteo; fetescit enim vetusta. [2] Vinum","eius potus venas sanguine cito repleat. Hoc alii, quod nos cura solvat, Lyaeum appellant. Veteres v",0.7,,pending,
435,Defrutum,defrutum,,Defrutum dictum est quod,"rit. Dicitur autem passum a patiendo: nam percutitur uva siccior et decoquitur, et inde fit passum.","defrudatur, et quasi fraudem patiatur. [15] Carenum, eo quod fervendo partem careat; tertia enim pa",0.7,,pending,
436,Fictilia,fictilia,,Fictilia dicta quod,"] Vasa dicta a vescendo, quad in ea escae adponantur. Cuius diminutivum vascula, quasi vescula. [2]","fiant et fingantur ex terra. Fingere enim est facere, formare et plasmare, unde et figuli dicuntur.",0.7,,pending,
438,Involucrum,involucrum,,Involucrum dictum quod,"um paulo inflectuntur propter Romanum eloquium. [6] Sitarciae nautarum sunt, ab eo quod sutae sunt.","aliquid in se teneat involutum. [7] Fiscus sacculus est publicus, unde et fiscellae et fiscinae dic",0.7,,pending,
439,Fax,fax,,Fax dicta quod,"dicebantur. [6] Lampas flamma est in vertice lucens, dicta quod lambentis motum ostendere videatur.",focos faciat: cuius diminutivum facula. [7] Lanterna inde vocatur quod lucem interius habeat clausa,0.7,,pending,
441,autem,autem,,autem dicta quod,"ICVLIS. [1] Carrum a cardine rotarum dictum; unde et currus dicti, quod rotas habere videntur. Rota",ruat; et rotundum a rota vocatum. [2] Reda genus vehiculi quattuor rotarum. Has antiqui retas diceb,0.7,,pending,
443,Rota,rota,,Rota dicta quod,"quasi fiscolum, a colando oleum dictum, vel quasi fiscella olei. XV. DE INSTRVMENTIS HORTORVM. [1]","quasi ruat: est enim machina de qua e flumine aqua extrahitur. Lucretius (5,517): In fluvio versare",0.7,,pending,
444,Frena,frena,,Frena dicta quod,Sarculus. XVI. DE INSTRVMENTIS EQVORVM. [1] Phalerae ornamenta equorum sunt; et est sermo Graecus.,"equos fremere cogant, vel quod haec equi frendant [id est inprimant] dentibus et obmordeant. Vnde e",0.7,,pending,
445,autem,autem,,autem dictum quod,orium ligno ex una parte extentum. Est enim pars media symphoniae in similitudinem cribri. Tympanum,"medium est, unde et margaritum medium tympanum dicitur; et ipsud, ut symphonia, ad virgulam percuti",0.7,,pending,
446,Pessaria,pessaria,,Pessaria dicta quod,"catur. Malagma, quod sine igne maceretur et conprehendatur. Enema Graece, Latine relaxatio dicitur.",intus iniciantur. [12] Medicinam iumentorum Chiron quidam Graecus invenit. Inde pingitur dimidia pa,0.7,,pending,
447,Enchiridion,enchiridion,,Enchiridion dictum quod,scribuntur. Butanicum herbarum dicitur quod ibi herbae notentur. XI. DE INSTRVMENTIS MEDICORVM. [1],"manu adstringatur, dum plurima contineat ferramenta; CHEIR enim Graece manus vocatur. [2] Phlebotom",0.7,,pending,
448,Falsitas,falsitas,,Falsitas appellata a,"ipite nunc malum.' [8] Calumnia est iurgium alienae litis, a calvendo, id est decipiendo dicta. [9]",fando aliud quam verum est. [10] Iniuria est iniustitia. Hinc est apud Comicos (? Plaut. Mil. 436):,0.7,,pending,
449,Poena,poena,,Poena dicta quod,"ena. Malum autem tunc plenum est, cum et praeteritum est et inpendet, ut sit et dolor et metus. [2]","puniat. Est autem epithetum nomen, et sine adiectione non habet plenum sensum: adicis poena carceri",0.7,,pending,
450,autem,autem,,autem dictum quod,"adulta et praeceps sive extrema. Vnde est illud (Virg. Georg. 1,340): Extremae sub casu hiemis. Ver","viret. Tunc enim post hiemem vestitur tellus herbis, et in florem cuncta rumpuntur. [4] Aestas dici",0.7,,pending,
451,autem,autem,,autem dicta quod,Conficitur bibula Memphitis carta papyro. [2] Bibulam autem papyrum dixit quod humorem bibat. Carta,carptim papyri tegmen decerptum glutinatur. Cuius genera quam plura sunt. Prima et praecipua August,0.7,,pending,
452,autem,autem,,autem dicta quod,"e invenies. XVI. DE CANONIBVS CONCILIORVM. [1] Canon autem Graece, Latine regula nuncupatur. Regula","recte ducit, nec aliquando aliorsum trahit. Alii dixerunt regulam dictam vel quod regat, vel quod n",0.7,,pending,
454,Oblatio,oblatio,,Oblatio vocatur quia,"ri offertur et sacrificatur a pontificibus, a quo offertorium nominatum, quasi propter fertum. [25]","offertur. [26] Dona proprie divina dicuntur, munera hominum. [27] Nam munera dicuntur obsequia, qua",0.75,,pending,
455,Incorruptibilis,incorruptibilis,,Incorruptibilis appellatur quia,"lis utique deprehenditur; ac per hoc solus Deus dicitur inmortalis, quia solus incommutabilis. [20]",corrumpi et dissolvi non potest nec dividi. Quidquid enim capit divisionem et interitum capit. Ille,0.7,,pending,
456,Trinitas,trinitas,,Trinitas appellata quod,ius docet vos de omni re.' Ipse est enim Spiritus sanctus unctio invisibilis. IV. DE TRINITATE. [1],"fiat totum unum ex quibusdam tribus, quasi Triunitas; ut memoria, intellegentia et voluntas, in qui",0.7,,pending,
458,ideo,ideo,,ideo dictum quod,"ellatur, quia contra Christum venturus est. Non, quomodo quidam simplices intellegunt, Antichristum","ante Christum venturus sit, id est post cum veniat Christus. Non sic, sed Antichristus Graece dicit",0.7,,pending,
460,eo,eo,,eo appellatur quod,"itio de ordinandis testamentis exponere. LIB. II, TIT. X. DE TESTAMENTIS ORDINANDIS. Testamentum ex","testatio mentis est. Sed ut nihil antiquitatis penitus ignoretur sciendum est, olim quidem duo gene",0.7,,pending,
462,id,id,,id appellatur quod,"autem, ut Gaius noster in interpretatione legis duodecim tabularum scriptum reliquit, vulgo quidem","ab arcu mittitur, sed et omne significatur quod manu cuiusdam mittitur: sequitur ergo ut et lapis e",0.7,,pending,
463,Et,et,,Et dictum est quod,"n transcurrere, sed de ipsis argumentari, videlicet intelligenciam et futurorum inquisicionem. IV .","homo duobus indiget in vita sua scilicet noticia et doctrina, quia hec sensum purificant. Et sicut",0.7,,pending,
464,Et,et,,Et dictum est quod,"plinare. Et qui mundum diligit, oportet tria acquirere: intelligenciam et divicias et discrecionem.","homo qui querit rem et non cognoscit utilitatem eius, in vanum laborat et insipiens vocatur. Et qui",0.7,,pending,
465,Item,item,,Item dictum est quod,"de rebus que fieri possunt, et ante omnia oportet ipsum cogitare sempiterna et non temporalia. VI .","duo sunt que hominem decorant scilicet divicie et doctrina; sicut lucerna illuminat domum, ita et i",0.7,,pending,
466,Et,et,,Et dictum est quod,"ro temporalibus, condempnabitur; et quicumque pro utrisque laborat, et dominabitur et vivet. VIII .","quilibet secularis tria debet habere in se: fidem servare, victum et necessaria iuste querere et re",0.7,,pending,
467,Item,item,,Item dictum est quod,"habere in se: fidem servare, victum et necessaria iuste querere et recte cum hominibus conversari.","quicumque est piger et negligens, credens verbis instabilibus nec sensu suo receptis, assimilabitur",0.7,,pending,
469,quoniam,quoniam,,quoniam dictum est quod,"s adversabitur mihi in bonis operibus et obstupebit me mors et paciar quod passus fuit quidam homo,",quidam homo concupivit coniugatam. Que fodiens iuxta puteum ingressum et egressum adultero ostendit,0.7,,pending,
470,quia,quia,,quia dictum est quod,"am homini qui multam pecuniam amiserat et sic socius fuit illius qui uno die devenit in derisionem,",quidam negociator conduxit quendam uno die centum solidis pro perforandis margaritis. Et veniens cu,0.7,,pending,
471,quia,quia,,quia dictum est quod,"iud ingenium, ut serpens disperdatur et tu maneas illesus, ne paciaris quod passus est cignus, 26 .","quidam cignus apud stagna habitans multitudinem piscium habencia, et exsenivit et ob senectutem pis",0.7,,pending,
472,Quia,quia,,Quia dictum est quod,", nam certum est: qui non audit pacificos consiliatores suos, pacietur quod passa est testudo. 40 .","in quodam fonte conversabantur due anates, et erat ibi testudo, adinvicem se diligentes. Una autem",0.7,,pending,
474,Quia,quia,,Quia dictum est quod,"t: ""Ego faciam hoc, sed cave ne propriis laqueis alligeris et paciaris quod passus est cignus. 48 .","quidam cignus manebat in quodam loco prope serpentem et quociens pariebat pullos, serpens eos comed",0.7,,pending,
475,Quia,quia,,Quia dictum est quod,"sapientibus: Qui credit fictis rebus et non veracibus, pacietur quod passa est stulta mulier. 59 .","in quadam civitate erat quidam negociator, pulchram habens uxorem que diligebat quendam pictorem. Q",0.7,,pending,
476,Quia,quia,,Quia dictum est quod,m et coniunxit se cum illo qui erat generis sui et sprevit solem et lunam et alias creaturas. 109 .,"quidam heremita religiosus stabat super flumen et orabat. Et ecce milvus portabat murem, et cum ess",0.7,,pending,
477,antiquis,antiquis,,antiquis dictum est quod,"mortuus est. 127 . Ita pacientur illi qui in ira consilium retinent, sed impetum sequuntur. Item ab","quidam vir habuit uxorem pulcram quam valde diligebat. Una autem dierum cum sederet in domo sua, de",0.7,,pending,
478,Item,item,,Item dictum est quod,ituit de hoc quod fecerat. Ita pacientur illi qui festinant aliquid facere sine discrecione . 128 .,homo ferebat saccum plenum lentibus et volens requiescere posuit illum sub arbore ubi erat symea. D,0.7,,pending,
479,quia,quia,,quia dictum est quod,"o appropinquarem. Nemo sapiens debet credere adulacionibus inimici. Utile est mihi a te longe esse,","sapiens habet amicos et consanguineos suos et memorare debet filios, fratres et nepotes et alios be",0.7,,pending,
480,Quia,quia,,Quia dictum est quod,"m experimento et arte, alii potencia et malignitate, alii prudencia dei, ceteri nobilitate +. 141 .","quatuor viri infortunati se in uno itinere invenerunt. Erat autem eorum unus filius regis, alius cu",0.7,,pending,
481,qui,qui,,qui appellatur A,"antini hereticum et rebaptizatum secundo ab Eusebio Nicomediense episcopo iuxta Nicomedia, in uilla",quilone. Et pro hoc declaratum ab eodem Constantii praecepto Augusti filii Constantini Augusti marty,0.7,,pending,
482,genus,genus,,genus ab Etruscis,derant eum secutum numerum putant. me haud paenitet eorum sententiae esse quibus et apparitores hoc,"finitimis, unde sella curulis, unde toga praetexta sumpta est, et numerum quoque ipsum ductum place",0.75,,pending,
483,finitimis,finitimis,,ab Etruscis finitimis,eum secutum numerum putant. me haud paenitet eorum sententiae esse quibus et apparitores hoc genus,", unde sella curulis, unde toga praetexta sumpta est, et numerum quoque ipsum ductum placet, et ita",0.7,,pending,
485,aduersus,aduersus,,ab Etruscis aduersus,rsus Vmbros missa a flumine Narnia appellata; exercitus cum magna praeda Romam reductus. Eodem anno,indutias paratum bellum; sed eos alia molientes Gallorum ingens exercitus fines ingressus paulisper,0.7,,pending,
486,extemplo,extemplo,,extemplo in Etruria,"ere, ut patres ab iubendo dictatore deterruerint, quem senatus dictatorem dici iussurus fuerat. Tum",m ad legiones proficisci iussit. Aduentus eius compressit Etruscos adeo ut nemo extra munimenta egre,0.7,,pending,
488,Romanis,romanis,,Romanis in Etruria,"mni: ei Samnium prouinciam euenisse. [ 18] Dum ea in Samnio cuiuscumque ductu auspicioque geruntur,","interim bellum ingens multis ex gentibus concitur, cuius auctor Gellius Egnatius ex Samnitibus erat",0.7,,pending,
489,tempore,tempore,,tempore in Etruria,"cunda ac tertia sociorumque milibus quindecim profectus in Samnium esset, Ap. Claudium primo quoque","m ire placuit. Duae Romanae legiones secutae, prima et quarta, et sociorum duodecim milia; castra ha",0.7,,pending,
490,copiis,copiis,,copiis in Etruria,"issum eo cum uetere exercitu, compresserat. Decio populandos hostium agros relinquit, ipse cum suis",m ad collegam pergit. Quem aduenientem laeti omnes accepere: Appium ex conscientia sua credo animum,0.7,,pending,
492,gestae,gestae,,gestae in Etruria,"des incidisset, desertori magis quam deserto noxae fore; eo rem adductam ut omne rei bene aut secus",decus dedecusque ad L. Volumnium sit delegatum; neminem quaesiturum quae uerba Appi sed quae fortun,0.7,,pending,
496,tempore,tempore,,tempore in Etruria,us quinque milia peditum equitumque cum Fabio uenisse. Sibi placere P. Decium consulem primo quoque,"m ad collegam proficisci, L. Volumnio Samnium prouinciam dari; si consul malit in suam prouinciam ir",0.7,,pending,
497,Volumnium,volumnium,,Volumnium in Etruria,"d collegam proficisci, L. Volumnio Samnium prouinciam dari; si consul malit in suam prouinciam ire,","m ad consulem cum exercitu iusto consulari proficisci. Cum magnam partem moueret oratio praetoris, P",0.7,,pending,
498,quantum,quantum,,quantum in Etruria,"ommodum rei publicae posset, Romam uenisset uel aliquem ex legatis misisset, a quo disceret senatus","belli esset quantisque administrandum copiis et quot per duces esset. [ 26] Fabius, ut Romam rediit",0.7,,pending,
500,profectos,profectos,,profectos in Etruria,riumphusque non bellum decretum consulibus uideretur. Inuenio apud quosdam extemplo consulatu inito,m Fabium Deciumque sine ulla mentione sortis prouinciarum certaminumque inter collegas quae exposui.,0.7,,pending,
501,consules,consules,,consules in Etruria,tur. Constare res incipit ex eo tempore quo profecti ambo consules ad bellum sunt. Ceterum antequam,"m peruenirent, Senones Galli multitudine ingenti ad Clusium uenerunt legionem Romanam castraque oppu",0.7,,pending,
502,Et,et,,Et in Etruria,nde omnium aliarum rerum cura Fabius collegae funus omni honore laudibusque meritis celebrat. [ 30],per eosdem dies ab Cn. Fuluio propraetore res ex sententia gesta et praeter ingentem inlatam popula,0.7,,pending,
503,relicto,relicto,,relicto in Etruria,"ernum montem compulsum, non deterritus iniquitate loci, fundit fugatque. Q. Fabius Deciano exercitu","e praesidio, suis legionibus deductis ad urbem de Gallis Etruscisque ac Samnitibus triumphauit. Mili",0.7,,pending,
506,bellum,bellum,,bellum in Etruria,"capta amplius duo milia hominum, minus duo milia circa muros caesa. Pax tamen clarior maiorque quam","eo anno fuerat parta est. Tres ualidissimae urbes, Etruriae capita, Volsinii, Perusia, Arretium, pa",0.7,,pending,
507,Samnio,samnio,,Samnio in Etruria,"pe impetrandi petisset uideretque alios quod tardius ab urbe exisset, alios quod iniussu senatus ex","m transisset, partim suos inimicos, partim collegae amicos ad solacium aequatae repulsae sibi quoque",0.7,,pending,
508,Atilio,atilio,,Atilio in Etruria,o captis aliquot urbibus in Apulia fusum fugatumque saucium ipsum cum paucis Luceriam compulsum: ab,res gestas eumque triumphasse. Fabius ambo consules in Samnio et ad Luceriam res gessisse scribit t,0.7,,pending,
509,traductumque,traductumque,,traductumque in Etruria,a res gestas eumque triumphasse. Fabius ambo consules in Samnio et ad Luceriam res gessisse scribit,m exercitum —sed ab utro consule non adiecit—et ad Luceriam utrimque multos occisos inque ea pugna I,0.7,,pending,
510,Samnio,samnio,,Samnio in Etruria,s ex auctoritate patrum iussu populi bellum Faliscis indictum est iussique consules sortiri uter ex,"m cum exercitu transiret. Iam Caruilius Veliam et Palumbinum et Herculaneum ex Samnitibus ceperat, V",0.7,,pending,
511,consul,consul,,consul in Etruria,"in agrum Vescinum, quia regio ea infesta ab Samnitibus erat, hibernatum duxit. Inter haec Caruilius","Troilum primum oppugnare adortus quadringentos septuaginta ditissimos, pecunia grandi pactos ut abi",0.7,,pending,
512,non,non,,non in Etruria,"eruitiorum utique et plebis esset, ni consules prouidissent dimissis passim ad frumentum coemendum,","m modo dextris ab Ostia litoribus laeuoque per Volscos mari usque ad Cumas, sed quaesitum in Sicilia",0.7,,pending,
513,hibernis,hibernis,,hibernis in Etruria,"m intolerabilia frigora erant, quies militi data est; et ad prima ac dubia signa ueris profectus ex","m ducit, eam quoque gentem, sicut Gallos Liguresque, aut ui aut uoluntate adiuncturus. Transeuntem A",0.7,,pending,
514,praetore,praetore,,praetore in Etruria,"aesidiique quod ibi obsideretur cura est. C. Seruilius legatus, ex auctoritate patrum a P. Cornelio","m ad frumentum coemendum missus, cum aliquot nauibus onustis in portum Tarentinum inter hostium cust",0.7,,pending,
515,Iunio,iunio,,Iunio in Etruria,ta inclinatura rursus animos uidebatur ad ueteris imperii respectum. et praetoribus prioris anni M.,", P. Sempronio in Gallia cum binis legionibus quas habuerant prorogatum est imperium. prorogatum et",0.7,,pending,
516,qui,qui,,qui in Etruria,lius praefuisset Siciliamque prouinciam cum L. Cincio praetore obtineret. exercitus eis duo decreti,"Galliaque essent; eae quattuor erant legiones; urbanae duae superioris anni in Etruriam, duae quibu",0.7,,pending,
518,Aquilius,aquilius,,Aquilius in Etruria,"rsae occupabant cogitationes hominum, ne Tarentinae quidem arcis excidit memoria. M. Ogulnius et P.","m legati ad frumentum coemendum quod Tarentum portaretur profecti, et mille milites de exercitu urba",0.7,,pending,
519,habuerat,habuerat,,habuerat in Etruria,"er equitum dictus. [ 6] Dictator postquam Romam uenit, C. Sempronium Blaesum legatum quem ad Capuam","m prouinciam ad exercitum misit in locum C. Calpurni praetoris, quem ut Capuae exercituique suo prae",0.7,,pending,
520,quibus,quibus,,quibus in Etruria,"ta per prouincias diuisi: Fuluio duae legiones quas in Sicilia M. Ualerius Laeuinus haberet, Fabio,",C. Calpurnius praefuisset: urbanus exercitus ut in Etruriam succederet: C. Calpurnius eidem praeess,0.7,,pending,
523,Apulia,apulia,,Apulia in Etruria,"s Marcellus consul designatus, qui rem inspiceret ac, si digna uideretur, exercitu accito bellum ex",m transferret. eo metu compressi Etrusci quieuerunt. Tarentinorum legatis pacem petentibus cum liber,0.7,,pending,
524,praetore,praetore,,praetore in Etruria,T. Quincti praetoris fuerat cum una legione obtineret. prorogatum et C. Hostilio Tubulo est ut pro,m ad duas legiones succederet C. Calpurnio. prorogatum et L. Ueturio Philoni est ut pro praetore Gal,0.7,,pending,
525,coepta,coepta,,coepta ab Etruscis,"um ab hoste nec receptum ab tergo circumuenti haberent, extrahi tamen diutius certamen potuisset ni",fuga pauorem ceteris iniecisset. non tamen omisere pugnam deserti ab Etruscis Fregellani donec inte,0.75,,pending,
526,fuga,fuga,,ab Etruscis fuga,"oste nec receptum ab tergo circumuenti haberent, extrahi tamen diutius certamen potuisset ni coepta",pauorem ceteris iniecisset. non tamen omisere pugnam deserti ab Etruscis Fregellani donec integri c,0.7,,pending,
527,deserti,deserti,,deserti ab Etruscis,certamen potuisset ni coepta ab Etruscis fuga pauorem ceteris iniecisset. non tamen omisere pugnam,Fregellani donec integri consules hortando ipsique ex parte pugnando rem sustinebant; sed postquam,0.75,,pending,
528,Fregellani,fregellani,,ab Etruscis Fregellani,n potuisset ni coepta ab Etruscis fuga pauorem ceteris iniecisset. non tamen omisere pugnam deserti,donec integri consules hortando ipsique ex parte pugnando rem sustinebant; sed postquam uolneratos,0.7,,pending,
529,Uarro,uarro,,Uarro in Etruria,. comitiis perfectis ludisque factis dictator et magister equitum magistratu abierunt. C. Terentius,m pro praetore missus ut ex ea prouincia C. Hostilius Tarentum ad eum exercitum iret quem T. Quincti,0.7,,pending,
530,quique,quique,,quique in Etruria,"sus Hasdrubalem quem iam Alpibus adpropinquare fama erat, decreta; exercitum e duobus qui in Gallia","esset addito urbano eligeret quem mallet, qui Galliam esset sortitus: cui Bruttii prouincia eueniss",0.7,,pending,
532,alterum,alterum,,alterum in Etruria,"quanto exercitu id bellum geratur, in eorum potestate esse. duos exercitus Romanos, unum in Gallia,",esse; satis scire Sp. Lucretium se cum M. Liuio iuncturum; multa milia armanda esse ut duobus ducib,0.7,,pending,
533,exercitum,exercitum,,exercitum in Etruria,"ius Tappulus; hi duo cum aediles plebis essent, praetores creati sunt. consul comitiis perfectis ad",m redit. Sacerdotes eo anno mortui atque in locum eorum suffecti: Ti. Ueturius Philo flamen Martiali,0.7,,pending,
534,idem,idem,,idem in Etruria,"issimus; super haec bellicae quoque laudis consulatus compotem fecerat. quod in Bruttiis prouincia,","ac Liguribus decretum: M. Cornelius nouo consuli tradere exercitum iussus, ipse prorogato imperio G",0.7,,pending,
536,legionibus,legionibus,,legionibus in Etruria,. Lentulus pro praetore habuisset decernitur. M. Seruilio prioris anni consuli cum suis duabus item,"prorogatum imperium est. quod ad Hispanias attineret, aliquot annos iam ibi L. Cornelium Lentulum e",0.7,,pending,
538,Gallia,gallia,,Gallia in Etruria,exercitus consularis ab Arretio Ariminum transductus erat et quinque milia socium Latini nominis ex,m transierant. itaque L. Furius magnis itineribus ab Arimino aduersus Gallos Cremonam tum obsidentes,0.7,,pending,
539,eo,eo,,eo in Etruria,"nciam uenisset, haud clam tulit iram aduersus praetorem quod absente se rem gessisset. misso igitur",m ipse in agrum hostium legiones induxit populandoque cum praeda maiore quam gloria bellum gessit. L,0.7,,pending,
541,propraetori,propraetori,,propraetori in Etruria,i magistratibus C. Laelio cum suo exercitu prorogatum in annum imperium est; prorogatum et P. Iunio,"cum eo exercitu, qui in prouincia esset, et M. Tuccio propraetori in Bruttiis et Apulia. [ 51 ] Pri",0.7,,pending,
542,propraetor,propraetor,,propraetor in Etruria,"am perfugisse et intra triduum exspirasse. senatus ea re audita decreuit, uti P. Iunius Brutus, qui","esset, prouincia exercituque traditis uni, cui uideretur, ex legatis, ipse in ulteriorem Hispaniam",0.7,,pending,
543,praetore,praetore,,praetore in Etruria,"spaniam proficisceretur, eaque ei prouincia esset. hoc senatus consultum litteraeque a Sp. Postumio","m missae sunt, profectusque in Hispaniam est P. Iunius propraetor. in qua prouincia prius aliquanto,",0.7,,pending,
544,legatum,legatum,,legatum in Etruria,"lli auctores sequendi sunt, qui, cum L. Scipio et accusatus et damnatus sit pecuniae captae ab rege",fuisse Africanum tradunt; qua post famam de casu fratris adlatam relicta legatione cucurrisse eum R,0.7,,pending,
545,ignobilis,ignobilis,,ignobilis in Etruria,paniam ulteriorem. consulibus ambobus quaestio de clandestinis coniurationibus decreta est. Graecus,"m primum uenit nulla cum arte earum, quas multas ad animorum corporumque cultum nobis eruditissima o",0.7,,pending,
546,Trepidatum,trepidatum,,Trepidatum in Etruria,lacet: Tubero incertus veri est. Sit inter cetera vetustate cooperta hoc quoque in incerto positum.,"est post Fidenas captas, non Veientibus solum exterritis metu similis excidii, sed etiam Faliscis m",0.7,,pending,
547,timentes,timentes,,timentes in Etruria,ominum pecorumque pernicie accepta. Famem quoque ex pestilentia morbo implicitis cultoribus agrorum,"m Pomptinumque agrum et Cumas, postremo in Siciliam quoque frumenti causa misere. Consularium comiti",0.7,,pending,
548,et,et,,et in Etruria,"ia ante prouisum erat, periculum fuit. Consilia ad movenda bella in Volscorum Aequorumque conciliis",ad fanum voltumnae agitata. Ibi prolatae in annum res decretoque cautum ne quod ante concilium fier,0.7,,pending,
549,frons,frons,,frons in Etruria,"uniebant ut ancipitia munimenta essent: alia in urbem et contra oppidanorum eruptiones uersa, aliis","m spectans, auxiliis si qua forte inde uenirent obstruebatur. [ 2] Cum spes maior imperatoribus Roma",0.7,,pending,
550,sed,sed,,sed in Etruria,"runt; castella primo pauca, postea exercitu aucto creberrima fecerunt; munitiones non in urbem modo","m etiam spectantes si qua auxilia ueniant, opposuere; quid turres, quid uineas testudinesque et aliu",0.7,,pending,
551,nequiquam,nequiquam,,nequiquam in Etruria,"pugnabit, nisi auxilio hostibus tribuni plebis fuerint, et Romae inuenerint praesidia Veientes quae",quaerunt. An est quicquam quod Veientibus optatum aeque contingere possit quam ut seditionibus prim,0.7,,pending,
552,auxilia,auxilia,,auxilia ab Etruscis,"modestia est ut non obsidionis taedio, non denique regni, quicquam apud eos nouatum sit, non negata","inritauerint animos; morietur enim extemplo quicumque erit seditionis auctor, nec cuiquam dicere ea",0.75,,pending,
553,inritauerint,inritauerint,,ab Etruscis inritauerint,"est ut non obsidionis taedio, non denique regni, quicquam apud eos nouatum sit, non negata auxilia","animos; morietur enim extemplo quicumque erit seditionis auctor, nec cuiquam dicere ea licebit quae",0.7,,pending,
554,agrosque,agrosque,,agrosque ab Etruscis,Eam gentem traditur fama dulcedine frugum maximeque uini noua tum uoluptate captam Alpes transisse,ante cultos possedisse; et inuexisse in Galliam uinum inliciendae gentis causa Arruntem Clusinum ir,0.75,,pending,
555,ante,ante,,ab Etruscis ante,em traditur fama dulcedine frugum maximeque uini noua tum uoluptate captam Alpes transisse agrosque,cultos possedisse; et inuexisse in Galliam uinum inliciendae gentis causa Arruntem Clusinum ira cor,0.7,,pending,
556,quid,quid,,quid in Etruria,estarent. Quodnam id ius esset agrum a possessoribus petere aut minari arma Romanis quaerentibus et,"rei Gallis esset, cum illi se in armis ius ferre et omnia fortium uirorum esse ferociter dicerent,",0.7,,pending,
558,inuenere,inuenere,,ab Etruscis inuenere,ores Valerio in Volscos missi. Profecti ab urbe Sutrium Furius et Valerius partem oppidi iam captam,", ex parte altera intersaeptis itineribus aegre oppidanos uim hostium ab se arcentes. Cum Romani aux",0.7,,pending,
560,fidemque,fidemque,,ab Etruscis fidemque,rum prodente ciuitatem facta erat deditio; mitti tamen ad principes eorum placuit ut secernerent se,quam implorassent ab Romanis ipsi praestarent. Vnde cum responsum allatum esset nihil suae potestat,0.7,,pending,
563,fuere,fuere,,apud Etruscos fuere,"s haud dubie, nisi ultro arma Etrusci inferrent. Eadem in comparando cohibendoque bello consilia et",; neutri finibus egressi. Et censura clara eo anno Ap. Claudi et C. Plauti fuit; memoriae tamen feli,0.85,,pending,
564,clamor,clamor,,clamor ab Etruscis,"ius sol meridie se inclinauit quam telum hinc aut illinc emissum est: inde, ne infecta re abiretur,",oritur concinuntque tubae et signa inferuntur. Nec segnius a Romanis pugna initur. Concurrunt infen,0.75,,pending,
565,oritur,oritur,,ab Etruscis oritur,"meridie se inclinauit quam telum hinc aut illinc emissum est: inde, ne infecta re abiretur, clamor",concinuntque tubae et signa inferuntur. Nec segnius a Romanis pugna initur. Concurrunt infensis ani,0.7,,pending,
566,Sutrium,sutrium,,Sutrium ab Etruscis,"io fuerunt; summaque inuidia omnium ordinum solus censuram gessit. [ 35] Dum ea Romae geruntur, iam",obsidebatur consulique Fabio imis montibus ducenti ad ferendam opem sociis temptandasque munitiones,0.75,,pending,
567,obsidebatur,obsidebatur,,ab Etruscis obsidebatur,"nt; summaque inuidia omnium ordinum solus censuram gessit. [ 35] Dum ea Romae geruntur, iam Sutrium","consulique Fabio imis montibus ducenti ad ferendam opem sociis temptandasque munitiones, si qua pos",0.7,,pending,
568,haec,haec,,haec in Etruria,"ant, legati pacem foedusque ab Romanis petentes indutias in triginta annos impetrauerunt. [ 38] Dum","geruntur, consul alter C. Marcius Rutulus Allifas de Samnitibus ui cepit. Multa alia castella uiciq",0.7,,pending,
571,amisso,amisso,,amisso in Etruria,II TITI LIVI AB URBE CONDITA LIBER XXII PERIOCHA Hannibal per continuas uigilias in paludibus oculo,"m uenit, per quas paludes quadriduo et tribus noctibus sine ulla requie iter fecit. C. Flaminius cos",0.7,,pending,
572,Gallisque,gallisque,,ab Etruscis Gallisque,"cilius praetor ob ulciscendam legatorum necem et conprimendum tumultum hostium cum exercitu missus,","oppressus interiit. 14 septem praeterea tribuni militum in ea pugna occisi, multi nobiles trucidati",0.7,,pending,
573,cum,cum,,cum in Etruria,", amisso exercitu paene solus evasit. in eo tamen bello etiam Hannibal sauciatus est. 8 qui postea,","m primo uere transiret, in summo Appennino tempestate correptus, biduo continuo inmobiliter cum exer",0.7,,pending,
575,Norinberch,norinberch,,Norinberch appellatur a,"um est, ut non pauci ex ipsis huiusmodi inmanitatem fugientes, in oppido principis quod Noricum seu",liisque municipiis eius ad conservandam vitam se reciperent. Capitulum XXXVIIII. At prefatus Clareva,0.7,,pending,
577,posteaquam,posteaquam,,posteaquam in Etruria,s euasit; in eo tamen bello etiam Annibal sauciatus est. Tunc se Annibali multi Itali dedidere. Qui,"m primo uere transiret, in summo Apennino tempestate correptus biduo continuo immobiliter stetit niu",0.7,,pending,
579,10,10,,10 ex dulci oriundu,"morabile: tute tibi puer es, lautus luces cereum. Phaed. Egon apicularum congestum opera non feram,","m melculo dulci meo? Pal. Nam quo te dicam ego ire? Phaed. Si tu me roges, dicam ut scias. Pal. Si r",0.7,,pending,
581,alio,alio,,alio dictum est quod,"ibus sentiunt. 13 Praeterea suae quisque inventioni favet, et quasi fortissimum amplectitur, cum ab","ipse praevidit. Omnibus ergo dandum est aliquid quod teneant, quod agnoscant. 14 Dixit aliquando mi",0.7,,pending,
582,Vetulonios,vetulonios,,Vetulonios in Etruria,"m et in Gaditano oceano. Patavinorum aquis calidis herbae virentes innascuntur, Pisanorum ranae, ad","non procul a mari pisces. in Casinate fluvius appellatur Scatebra, frigidus, abundantior aestate; i",0.7,,pending,
584,Transpadana,transpadana,,Transpadana appellatur ab,"to adest oppidum iuxta Industria vetusto nomine Bodincomagum, ubi praecipua altitudo incipit. [123]","eo regio undecima, tota in mediterraneo, cui marina cuncta fructuoso alveo inportat. oppida Vibi Fo",0.7,,pending,
585,universum,universum,,universum appellata a,"terarum claritas ex hoc primum sinu effulsit, quapropter paululum in eo conmorabimur. [2] Epiros in","Cerauniis incipit montibus. in ea primi Chaones, a quibus Chaonia, dein Thesproti, Antigonenses, lo",0.7,,pending,
586,Pieria,pieria,,Pieria appellatur a,"elagonia protegunt a Triballis. oppida Aegae, in quo sepeliri mos reges, Beroea et in regione, quae","nemore, Aeginium. [34] in ora Heraclea, flumen Apilas, oppida Pydna, Aloros, amnis Haliacmon. intus",0.7,,pending,
587,Pachynum,pachynum,,Pachynum vocatur quod,ibus promunturiis in diversa procurrens Graecae litterae imaginem quae Delta dicitur efficit. [101],"Graeciam spectat, Lilybaeum quod in Africam, Pelorias quod in Italiam vergens Scyllae adversum est.",0.75,,pending,
589,saucius,saucius,,ab Etruscis saucius,"s amores, formosum ni vis perdere rursus Hylan. XXI Tu, qui consortem properas evadere casum, miles","aggeribus, quid nostro gemitu turgentia lumina torques? pars ego sum vestrae proxima militiae. sic",0.7,,pending,
591,aliquot,aliquot,,aliquot in Etruria,"fatis omnia permissurum. Rutuli ad oppugnandum, Troiani ad defendendum urbem redeunt. Aeneas, dies","commoratus, collectis inde auxiliis, ad suos redit, triginta navium classe auctus. Nymphas, e suis",0.7,,pending,
593,Styx,styx,,Styx appellata ab,"bit. [25,1] Quaedam aquae mortiferae sunt nec odore notabiles nec sapore. Circa Nonacrin in Arcadia","incolis aduenas fallit, quia non facie, non odore suspecta est: qualia sunt magnorum artificum uene",0.7,,pending,
594,et,et,,et in Etruria,"us ramis arboris adcrescentibus adpensus est, et fulgur caelo sereno sine noxa in eius domum venit,","dolia, quae defossa fuerant, supra terram reperta suntet statuas eius in omni Etruria examen apium",0.7,,pending,
595,Ligea,ligea,,Ligea appellata ab,i fratris natu maximi urbem vocaverunt. Mox in Bruttiis ab Ulyxe exstructum templum Minervæ. Insula,"ejecto ibi corpore sirenis ita nominatæ; Parthenope a Parthenopæ sirenis sepulcro, quam Augustus po",0.7,,pending,
596,Ligea,ligea,,Ligea appellata ab,fratris natu maximi urbem vocaverunt. mox in Bruttiis ab Ulixe. extructum templum Minervae. insula,"eiecto ibi corpore Sirenis ita nominatae: Parthenope a Parthenopae Sirenis sepulcro, quam Augustus",0.7,,pending,
597,solifuga,solifuga,,solifuga dicta quod,"rpentibus. sed quod aliis locis serpens, hoc solifuga Sardis agris, animal perexiguum aranei forma,","diem fugiat. in metallis argentariis plurima est, nam solum illud argenti dives est: occultim repta",0.7,,pending,
598,Ligea,ligea,,Ligea appellata ab,atris natu maximi urbem uocauerunt. 9 Mox in Bruttiis ab Vlixe. extructum templum Mineruae. Insula *,"*eiecto ibi corpore Sirenis ita nominatae; Parthenope a Parthenopae Sirenis sepulcro, quam Augustus",0.7,,pending,
599,solifuga,solifuga,,solifuga dicta quod,"ntibus. 3 Sed quod aliis locis serpens, hoc solifuga Sardis agris, animal *perexiguum aranei forma,","diem fugiat. In metallis argentariis plurima est, nam solum illud argenti diues est; occultim repta",0.7,,pending,
602,prolocutum,prolocutum,,prolocutum in Etruria,"tatuam divi Iulii in insula Tiberini amnis sereno et immoto die ab occidente in orientem conversam,","bovem, insolitos animalium partus, et plura alia rudibus saeculis etiam in pace observata, quae nun",0.7,,pending,
603,iam,iam,,iam dictum quod,"riosum militem, puerum supponi, falli per servom senem, amare odisse suspicari? denique 40 nullumst",non dictum sit prius. qua re aequom est vos cognoscere atque ignoscere quae veteres factitarunt si,0.7,,pending,
604,Id,id,,Id vocatur quod,ur — de solo triclinio Christianorum retractatur. [16] Cena nostra de nomine rationem sui ostendit:,"dilectio penes Graecos. Quantiscumque sumptibus constet, lucrum est pietatis nomine facere sumptum,",0.75,,pending,
605,transvenas,transvenas,,transvenas in Etruria,"s multi, qui super ista re commentarios ediderunt. ab his ludorum origo sic traditur: Lydos ex Asia","consedisse Timaeus refert duce Tyrreno, qui fratri suo cesserat regni contentione. igitur in Etruri",0.7,,pending,
606,igitur,igitur,,igitur in Etruria,"venas in Etruria consedisse Timaeus refert duce Tyrreno, qui fratri suo cesserat regni contentione.",inter ceteros ritus superstitionum suarum spectacula quoque religionis nomine instituunt. inde Roma,0.7,,pending,
608,Amictui,amictui,,Amictui dictum quod,"ulam ac crocotulam. Multa post luxuria attulit, quorum vocabula apparet esse Graeca, ut asbestinon.","ambiectum, est, id est circumiectum, a quo etiam quo vestitas se involuunt, circumiectui appellant,",0.7,,pending,
609,Tuscanicum,tuscanicum,,Tuscanicum dictum a Tuscis,"aperet, deorsum quo impluebat, dictum impluium, susum qua compluebat, compluium: utrumque a pluvia.",", posteaquam illorum cavum aedium simulare coeperunt. Atrium appellatum ab Atriatibus Tuscis: illinc",0.85,,pending,
610,Idus,idus,,Sabini Idus dicunt,"nstruas, quae futurae sint eo mense, rex edicit populo. Idus ab eo quod Tusci Itus, vel potius quod",". Dies postridie Kalendas, Nonas, Idus appellati atri, quod per eos dies nihil novi inciperent. Dies",0.75,,pending,
611,decuma,decuma,,decuma appellata ab,"inc profanum, quod est ante fanum coniunctum fano; hinc profanatum quid in sacrificio atque Herculi","eo est quod sacrificio quodam fanatur, id est ut fani lege fit. Id dicitur polluctum, quod a porric",0.7,,pending,
617,Granum,granum,,Granum dictum quod,"tico, tria habet continentia, granum, glumam, aristam et etiam, primitus spica cum oritur, vaginam.","est intimum soldum; gluma qui est folliculus eius; arista quae ut acus tenuis longa eminet e gluma,",0.7,,pending,
618,atque,atque,,atque appellatur a,"ra subiectari vallis aut ventilabris, cum ventus spirat lenis. Ita fit ut quod levissimum est in eo","cus ac palea evannatur foras extra aream ac frumentum, quod est ponderosum, purum veniat ad corbem.",0.7,,pending,
619,viri,viri,,viri in Etruria,"iis pacis, foedus cum feritur, porcus occiditur, et quod nuptiarum initio antiqui reges ac sublimes","in coniunctione nuptiali nova nupta et nouus maritus primum procum immolant. Prisci quoque Latini,",0.7,,pending,
620,item,item,,item appellatur quod,"a, cornicines canunt; quotiens antem pugnatur, et tubicines et cornicines pariter canunt. Classicum","bucinatores per cornu dicunt. Hoc insigne uidetur imperii, quia classicum canitur imperatore praese",0.7,,pending,
621,et,et,,et appellatur a,"uocatur ab eo, quod incurua est, ut de muro extrahat lapides, aut certe caput ipsius uestitur ferro","ries, uel quod habet durissimam frontem, qua subruit muros, uel quod more arietum retrocedit, ut cum",0.7,,pending,
622,fugiens,fugiens,,fugiens in Etruria,"serat regem. 6 1 Lucius Tarquinius Priscus, Demarati Corinthii filius, eius, qui Cypseli tyrannidem","m commigravit. 2 Ipse Lucumo dictus, urbe Tarquiniis profectus Romam petiit. 3 Advenienti aquila pil",0.7,,pending,
625,vulgo,vulgo,,vulgo appellatur A,"astrum Harenc obsiderent. Est autem praedictus locus, in territorio Chalcidensi, quae civitas hodie","rtasia, nobilis aliquando, nunc ad instar parvissimi redacta oppidi. Distat autem uterque locus ab A",0.7,,pending,
626,Amictui,amictui,,Amictui dictum quod,"ulam ac crocotulam. Multa post luxuria attulit, quorum vocabula apparet esse Graeca, ut asbestinon.","ambiectum, est, id est circumiectum, a quo etiam quo vestitas se involuunt, circumiectui appellant,",0.7,,pending,
627,Tuscanicum,tuscanicum,,Tuscanicum dictum a Tuscis,"aperet, deorsum quo impluebat, dictum impluium, susum qua compluebat, compluium: utrumque a pluvia.",", posteaquam illorum cavum aedium simulare coeperunt. Atrium appellatum ab Atriatibus Tuscis: illinc",0.85,,pending,
628,Idus,idus,,Sabini Idus dicunt,"nstruas, quae futurae sint eo mense, rex edicit populo. Idus ab eo quod Tusci Itus, vel potius quod",". Dies postridie Kalendas, Nonas, Idus appellati atri, quod per eos dies nihil novi inciperent. Dies",0.75,,pending,
629,decuma,decuma,,decuma appellata ab,"inc profanum, quod est ante fanum coniunctum fano; hinc profanatum quid in sacrificio atque Herculi","eo est quod sacrificio quodam fanatur, id est ut fani lege fit. Id dicitur polluctum, quod a porric",0.7,,pending,
630,Subulo,subulo,,"Subulo dictus, quod ita dicunt tibicines Tusci",Callimachum in poematibus eius inveni. Apud Ennium: Subulo quondam marinas propter astabat plagas.,": quocirca radices eius in Etruria, non Latio quaerundae. Versibus quos olim Fauni vatesque canebant",0.9,,pending,
633,autem,autem,,autem dictum quod,orium ligno ex una parte extentum. Est enim pars media symphoniae in similitudinem cribri. Tympanum,"medium est, unde et margaritum medium tympanum dicitur; et ipsud, ut symphonia, ad virgulam percuti",0.7,,pending,
634,Pessaria,pessaria,,Pessaria dicta quod,"catur. Malagma, quod sine igne maceretur et conprehendatur. Enema Graece, Latine relaxatio dicitur.",intus iniciantur. [12] Medicinam iumentorum Chiron quidam Graecus invenit. Inde pingitur dimidia pa,0.7,,pending,
635,Enchiridion,enchiridion,,Enchiridion dictum quod,scribuntur. Butanicum herbarum dicitur quod ibi herbae notentur. XI. DE INSTRVMENTIS MEDICORVM. [1],"manu adstringatur, dum plurima contineat ferramenta; CHEIR enim Graece manus vocatur. [2] Phlebotom",0.7,,pending,
636,Falsitas,falsitas,,Falsitas appellata a,"ipite nunc malum.' [8] Calumnia est iurgium alienae litis, a calvendo, id est decipiendo dicta. [9]",fando aliud quam verum est. [10] Iniuria est iniustitia. Hinc est apud Comicos (? Plaut. Mil. 436):,0.7,,pending,
637,Poena,poena,,Poena dicta quod,"ena. Malum autem tunc plenum est, cum et praeteritum est et inpendet, ut sit et dolor et metus. [2]","puniat. Est autem epithetum nomen, et sine adiectione non habet plenum sensum: adicis poena carceri",0.7,,pending,
638,autem,autem,,autem dictum quod,"adulta et praeceps sive extrema. Vnde est illud (Virg. Georg. 1,340): Extremae sub casu hiemis. Ver","viret. Tunc enim post hiemem vestitur tellus herbis, et in florem cuncta rumpuntur. [4] Aestas dici",0.7,,pending,
639,autem,autem,,autem dicta quod,Conficitur bibula Memphitis carta papyro. [2] Bibulam autem papyrum dixit quod humorem bibat. Carta,carptim papyri tegmen decerptum glutinatur. Cuius genera quam plura sunt. Prima et praecipua August,0.7,,pending,
640,autem,autem,,autem dicta quod,"e invenies. XVI. DE CANONIBVS CONCILIORVM. [1] Canon autem Graece, Latine regula nuncupatur. Regula","recte ducit, nec aliquando aliorsum trahit. Alii dixerunt regulam dictam vel quod regat, vel quod n",0.7,,pending,
641,autem,autem,,autem vocatur quod,"solitoÝ, id est firmo atque solido nominata. [vel ex eo, quod soleat fieri in anno.] [2] Celebritas","non ibi terrena, sed caelestia tantum agantur. [3] Pascha festivitatum omnium prima est, de cuius v",0.75,,pending,
642,Oblatio,oblatio,,Oblatio vocatur quia,"ri offertur et sacrificatur a pontificibus, a quo offertorium nominatum, quasi propter fertum. [25]","offertur. [26] Dona proprie divina dicuntur, munera hominum. [27] Nam munera dicuntur obsequia, qua",0.75,,pending,
643,Incorruptibilis,incorruptibilis,,Incorruptibilis appellatur quia,"lis utique deprehenditur; ac per hoc solus Deus dicitur inmortalis, quia solus incommutabilis. [20]",corrumpi et dissolvi non potest nec dividi. Quidquid enim capit divisionem et interitum capit. Ille,0.7,,pending,
644,Trinitas,trinitas,,Trinitas appellata quod,ius docet vos de omni re.' Ipse est enim Spiritus sanctus unctio invisibilis. IV. DE TRINITATE. [1],"fiat totum unum ex quibusdam tribus, quasi Triunitas; ut memoria, intellegentia et voluntas, in qui",0.7,,pending,
645,Spes,spes,,Spes vocata quod,"o quod fit illud quod inter utrosque placitum est, quasi inter Deum et hominem; hinc et foedus. [5]","sit pes progrediendi, quasi 'est pes.' Vnde et e contrario desperatio. Deest enim ibi pes, nullaque",0.75,,pending,
646,ideo,ideo,,ideo dictum quod,"ellatur, quia contra Christum venturus est. Non, quomodo quidam simplices intellegunt, Antichristum","ante Christum venturus sit, id est post cum veniat Christus. Non sic, sed Antichristus Graece dicit",0.7,,pending,
647,Iscurra,iscurra,,Iscurra vocatur quia,"152] Investis, id est sine veste; nondum enim habet stolam; quod est signum maritalis virginitatis.","causa escae quempiam consectatur. K [153] Katholicus, universalis: Graecum enim est. Karus Graecum",0.75,,pending,
648,Sicarius,sicarius,,Sicarius vocatur quia,"et asperi. Scrupo est enim arena durior. Sacrilegus dicitur ab eo quod sacra legit, id est furatur.","ad perpetrandum scelus telis armatus est. Sica enim gladius est, a secando vocatus. [253] Scaevus,",0.75,,pending,
649,autem,autem,,autem appellata a,"] Senex autem tantum masculini generis est, sicut anus feminini; nam anus dicitur sola mulier. Anus","multis annis, quasi annosa. Nam si commune esset nomen, cur diceret Terentius (Eun. 357): 'senem mu",0.7,,pending,
650,ita,ita,,ita vocata quia,distant. Sunt enim in facie producta barba et lata cauda. [34] Leontophonos bestia modica; et ex eo,"capta exuritur, eiusque cinere aspersae carnes et positae per conpita semitarum leones necant, si q",0.75,,pending,
651,ita,ita,,ita vocata quod,"um nutrit, sicque iterum de cincribus suis resurgit. [23] Cinnamolgus et ipsa Arabiae avis, proinde",in excelsis nemoribus texit nidos ex fruticibus cinnami: et quoniam non possunt ibi homines conscen,0.75,,pending,
652,vulgo,vulgo,,vulgo appellatur a,"vis, unde et nuncupatus; rapacissimus tamen et semper domesticis avibus insidiator. [59] Ossifragus",vis quae ossa ab alto dimittit et frangit. Vnde et a frangendo ossa nomen accepit. [60] Turtur de vo,0.7,,pending,
653,Tonitruum,tonitruum,,Tonitruum dictum quod,"emque faciunt; unde est illud (Virg. Aen. 5,20): Atque in nubem cogitur aer. VIII. DE TONITRVO. [1]",sonus eius terreat; nam tonus sonus. Qui ideo interdum tam graviter concutit omnia ita ut caelum di,0.7,,pending,
654,Grando,grando,,Grando appellata quod,"e et Lucretius (1,715): Ex igni, terra atque anima nascuntur et imbri. Est autem nomen Graecum. [5]","forma eius granorum similitudinem habeat. Haec autem ventorum rigore durantur in nube, ac solidantu",0.7,,pending,
655,Aqua,aqua,,Aqua dicta quod,"ventos quam fulmina alata fingunt poetae, ut (Virg. Aen. 8,430): Alitis Austri. XII. DE AQVIS. [1]","superficies eius aequalis sit; hinc et aequor appellatum, quia aequaliter sursum est. [2] Duo autem",0.7,,pending,
656,magnum,magnum,,magnum appellatur quia,"est quod ab occasu ex Oceano fluit et in meridiem vergit, deinde ad septentrionem tendit; quod inde","cetera maria in conparatione eius minora sunt. Iste est et Mediterraneus, quia per mediam terram us",0.7,,pending,
657,Charybdis,charybdis,,Charybdis dicta quod,"mam hominis capitibus caninis succinctam, quia conlisi ibi fluctus latratus videntur exprimere. [5]","gurgitibus occultis naves obsorbeat; est enim mare verticosum, et inde ibi laniata naufragia profun",0.7,,pending,
658,Diluvium,diluvium,,Diluvium dictum quod,"a sunt, quaedam vero, quae non erant, abyssi tunc ruptis meatibus eruperunt. XXII. DE DILVVIIS. [1]","aquarum clade omnia quae inundaverit deleat. [2] Primum diluvium extitit sub Noe, quando hominum sc",0.7,,pending,
659,Palaestinae,palaestinae,,Palaestinae vocata quod,ens in terra Agrabath. Situs eius natura consimili nec ullo differens a Iudaea. [23] Galilaea regio,"gignat candidiores homines quam Palaestina. Haec autem duplex est, superior et inferior, sibi tamen",0.75,,pending,
660,Italiae,italiae,,Italiae dicta quod,"minata. Est enim in iugis Appennini montis sita, in parte Italiae iuxta meridiem. [22] Etruria pars","eius fines tendebantur usque ad ripam Tiberis, quasi ETEROURIA. Nam ETERON significat alterum, OROS",0.7,,pending,
661,Libya,libya,,Libya dicta quod,"as, et ultra vel quod ultima vel quod non sit post hanc ulla, hoc est alia, terra. V. DE LIBYA. [1]","inde Libs flat, hoc est Africus. Alii aiunt Epaphum Iovis filium, qui Memphin in Aegypto condidit,",0.7,,pending,
662,autem,autem,,autem vocata quod,"um in ius suum Romani vincendo redigerent, procul positas regiones provincias appellaverunt. Patria","communis sit omnium, qui in ea nati sunt. [20] Terra autem significari, ut praediximus (13,3,1), el",0.75,,pending,
663,Graece,graece,,Graece dicta quod,"] Abydos insula in Europa super Hellespontum posita, angusto et periculoso mari separata, et ABUDOS","sit introitus Hellesponti maris, in quo Xerxes pontem ex navibus fecit, et in Graeciam transiit. [1",0.7,,pending,
664,autem,autem,,autem vocata quod,"Cytherea insula una ex Cycladibus a parte occidua sita, cuius Porphyris antea nomen fuit. Cytherea","ibi Venus sit orta. [26] Icaria insula una de Cycladibus, quae Icario mari nomen dedit. Haec inter",0.75,,pending,
665,Hispaniae,hispaniae,,Hispaniae dicta quod,"is angulosa, gignens laetissima pabula et lapidem quem catochiten Graeci vocant. [43] Ebosus insula","a Zanio non procul sit, quasi abozus; nam septuaginta stadiis ab ea distat. Cuius terram serpentes",0.7,,pending,
666,Deserta,deserta,,Deserta vocata quia,"a conlucendo crebris luminibus dici, quae ibi propter religionem gentilium cultumque fiebant. [31]","non seruntur et ideo quasi deseruntur; ut sunt loca silvarum et montium, contraria uberrimarum terr",0.75,,pending,
667,notatum,notatum,,litteris Tuscis notatum,"aiunt, cum Tarquinius Priscus Capitolii fundamenta Romae aperiret, in loco fundamenti caput hominis","invenit, et proinde Capitolium appellavit. [32] Arces sunt partes urbis excelsae atque munitae. Nam",0.85,,pending,
668,Macellum,macellum,,Macellum dictum quod,"ulis lignisque erant constructae, quae nunc et si non speciem, nomen tamen pristinum retinent. [44]",ibi mactentur pecora quae mercantibus venundantur. [45] Mercatum autem a conmercio nominatum. Ibi e,0.7,,pending,
669,Cella,cella,,Cella dicta quod,". KLINE enim Graece lectus vel adcubitus dicitur, ex quo confectum est ut triclinium diceretur. [9]","nos occultat et celat. Cubiculum vero, quod eo cubamus ibique dormientes requiescimus. Cubile autem",0.7,,pending,
670,Analogium,analogium,,Analogium dictum quod,"niversi exaudire possint. Alias tribunal a tribu denominatum, quod ad illud tribus convocetur. [17]",sermo inde praedicetur; nam LOGOS Graece sermo dicitur; quod et ipsud altius situm est [ut in eo le,0.7,,pending,
671,Fundamentum,fundamentum,,Fundamentum dictum quod,prius quam domum ingrediamur; postes eo quod post ostium stent. VIII. DE PARTIBVS AEDIFICIORVM. [1],"fundus sit domui. Idem et caementum a caedendo dictum, quod caeso crasso lapide surgat. [2] Paries",0.7,,pending,
672,Capitolia,capitolia,,Capitolia dicta quod,"s est earum quae vocantur Atticae, quaternis angulis aut amplius, paribus laterum intervallis. [15]","sint columnarum capita, sicut super collum caput. Epistolia sunt quae super capitella columnarum po",0.7,,pending,
673,Volutabra,volutabra,,Volutabra appellata quod,"e. Lutum vocatum quidam per antiphrasin putant, quod non sit mundum; nam omne lotum mundum est. [5]",ibi apri volutentur. Vligo sordes limi vel aquae sunt. Sabulum levissimum terrae genus. [6] Argilla,0.7,,pending,
674,crepido,crepido,,crepido vocata quod,"LAIA Graece, speluncae Latine. Est autem rupis cavata. [3] Crepido extremitas saxi abrupta; unde et","sit abrupti saxi altitudo, sicut 'haeret pede pes densus' (Virg. Aen. 10,361); unde et vocatur. Cau",0.75,,pending,
675,Chalcosmaragdus,chalcosmaragdus,,Chalcosmaragdus dicta quod,"similes notas habent. Smaragdi autem mero et viridi proficiunt oleo, quamvis natura inbuantur. [3]",viridis sit et turbida aereis venis. Haec in Aegypto vel Cypro insula nascitur. [4] Prasius pro vir,0.7,,pending,
676,Myrrhites,myrrhites,,Myrrhites dicta est quod,"e profundo petat, et carinis ita tenaciter adhaereat ut nisi abrasa parte ligni vix separetur. [14]",in ea myrrhae color est. Conpressus autem usque ad calorem nardi spirat suavitatem. Aromatitis repe,0.7,,pending,
677,Onyx,onyx,,Onyx appellata quod,"aec rubrum habet colorem marmoribus praestans, sed inter gemmas vilissima. Genera eius quinque. [3]",habeat in se permixtum candorem in similitudinem unguis humanae. Graeci enim unguem ONUCHAdicunt. H,0.7,,pending,
678,Melichrysus,melichrysus,,Melichrysus dicta quod,ris habet quadrulas. Gignitur in Persida. [6] Leucochrysus colore aureo interveniente candida vena.,"veluti per aurum (sincerum mel), sic haec gemma transluceat. [7] Chrysocolla gignitur in India, ubi",0.7,,pending,
679,Vitrum,vitrum,,Vitrum dictum quod,"tem non translucidas gemmas caecas appellari, eo quod densitate sua obscurentur. XVI. DE VITRO. [1]",visui perspicuitate transluceat. In aliis enim metallis quidquid intrinsecus continetur absconditur,0.7,,pending,
680,aurum,aurum,,aurum dictum quod,"fulgeat luce alia repercussus. Hinc et aurarii dicti, quorum fulgor splendiosus reddit. [2] Obryzum","obradiet splendore; est enim coloris optimi, quod Hebraei 'ophaz', Graeci KIRRON dicunt. Brattea di",0.7,,pending,
681,vivum,vivum,,vivum dictum quod,"Cui mirum in modum illud ut, dum candidum sit, inpressum corpori liness nigras reddat. [2] Argentum","excidat materias in quibus inicitur; hoc et liquidum, quia percurrit. Invenitur specialiter in meta",0.7,,pending,
682,Aurichalcum,aurichalcum,,Aurichalcum dictum quod,"pide aeroso, quem cadmiam vocant; et est ductile. Huic si addatur plumbum, colore purpureo fit. [3]",et splendorem auri et duritiam aeris possideat. Est autem nomen compositum ex lingua Latina et Grae,0.7,,pending,
683,Ferrum,ferrum,,Ferrum dictum quod,"tque ita distillantibus, quodex eo cecidit in ipsum acetum teritur et cribratur. XXI. DE FERRO. [1]","farra, id est semina frugum, terrae condeat. Idem et chalybs a Chalybe flumine, ubi ferrum optima a",0.7,,pending,
684,Plumbum,plumbum,,Plumbum dictum quod,"menta non vitiat, si eadem medulla cervina vel cerussa mixta rosaceo unguitur. XXII. DE PLVMBO. [1]","ex eo primum pilis factis maris altitudo temptata est. Huius duo genera sunt, nigrum et candidum; s",0.7,,pending,
685,Vncia,vncia,,Vncia dicta quod,"in litteris divinis legatur siclus, uncia est; cum vero in gentilium, quarta pars unciae est. [19]","universitatem minorum ponderum sua unitate vinciat, id est conplectat. Constat autem dragmis octo,",0.7,,pending,
686,Amphora,amphora,,Amphora vocata quod,"s vel 'bata' nominatur, capiens quinquaginta sextaria; quae mensura una molae vice proteritur. [13]","hinc et inde levetur. Haec Graece a figura sui dicta dicitur, quod eius ansae geminatae videantur a",0.75,,pending,
687,Hordeum,hordeum,,Hordeum dictum quod,"tur. [9] Alica Graecum nomen est. Alicastrum simile est alicae, pondere et bonitate praecipua. [10]","prae ceteris generibus frumenti ante fiat aridum, vel quod spica eius ordines habeat. Horum tria ge",0.7,,pending,
688,Panicium,panicium,,Panicium dictum quod,ius in incrementum frugis centesimum renascatur. Hinc et milium a multitudine fructus vocatum. [13],"multis in regionibus ex eo panis vice homines sustententur, quasi panivicium. Pistum a pasto. Sisam",0.7,,pending,
691,Vicia,vicia,,Vicia dicta quod,". Haec semel seritur et decem annis permanet, ita ut quater vel sexies possit per annum recidi. [9]","vix ad triplicem perveniat fructum, cum alia legumina proventum habeant fertilem: unde et Vergilius",0.7,,pending,
692,Vitis,vitis,,Vitis dicta quod,autem inventorem vitis Liberum appellari: unde et eum gentiles post mortem deum esse voluerunt. [2],vim habeat citius radicandi. Alii putant vites dictas quod invicem se vittis innectant vicinisque a,0.7,,pending,
693,Radix,radix,,Radix appellatur quod,ant virgultas vel umbras; sunt autem causa umbrarum. Oculi nodi sunt ex quibus frondes exeunt. [14],quasi radiis quibusdam fixa terris in profunda dimergitur. Nam physici dicunt parem esse altitudine,0.7,,pending,
694,virgultum,virgultum,,virgultum appellatur quod,"est quod de radice pullulat; ramus, qui de ipso robore arboris; virga, quae de ramis. Proprie autem","ad radicem arboris nascitur et quasi inutile ab agricolis amputatur. Et hinc dictum virgultum, quia",0.7,,pending,
695,Graecis,graecis,,Graecis dictum quod,lla potius victores coronantur. Sola quoque haec arbor vulgo fulminari minime creditur. [3] Malum a,sit fructus eius pomorum omnium rotundissimus: unde et haec sunt vera mala quae vehementer rotunda,0.7,,pending,
696,ita,ita,,ita appellata quod,"at, quod et medici et scriptores utuntur. [11] Oleomela nascitur in Palmyra, Syriae civitate; ex eo","ex trunco oleum defluat in crassitudine mellis, sapore suavi. [12] ÝPomelidaÝ sorbo similis, medioc",0.7,,pending,
697,putant,putant,,putant dictum quod,es quibus innascitur carpit; rumpit enim et prodit ex latebris quibus concepta est. Alii caprificum,"ficus arbor eius remedio fecundetur. [19] Morus a Graecis vocata, quam Latini rubum appellant, eo q",0.7,,pending,
698,Nux,nux,,Nux appellata quod,"folia similis moro. Hanc Latini celsam appellant ab altitudine, quia non est brevis, ut morus. [21]",umbra vel stillicidium foliorum eius proximis arboribus noceat. Hanc alio nomine Latini iuglandem v,0.7,,pending,
699,Abies,abies,,Abies dicta quod,"sit arboris. Pinus creditur prodesse cunctis quae sub ea seruntur, sicut ficus nocere omnibus. [32]","prae ceteris arboribus longe eat et in excelsum promineat. Cuius natura expers est terreni humoris,",0.7,,pending,
701,Populus,populus,,Populus dicta quod,"st, ex qua tabulae tegulis adfixae flammam repellunt, neque ex se carbonem ambustae efficiunt. [45]","ex eius calce multitudo nascatur. Cuius genus duplex est: nam altera est alba, altera nigra. Alba a",0.7,,pending,
702,Salix,salix,,Salix dicta quod,d utilis sit ad usum telorum nitore et levitate iaculandi: est enim genus materiae levissimae. [47],"celeriter saliat, hoc est velociter crescat, arbor lenta, vitibus habilis vinciendis. Cuius seminis",0.7,,pending,
703,enim,enim,,enim appellatur a,"omnium resinarum praestantiorem. [53] Buxus Graecum nomen est, ex parte a Latinis corruptum; PUKSOS",pud eos. Arbor semper virens et levitate materiae elementorum apicibus apta. Vnde et Scriptura (Isai,0.7,,pending,
704,Et,et,,Et appellatur a,"ne veluti in pulverem resolutum, et cum frangitur, intus pingue et igni adpositum facile ardescens.","pud nos masculum, eo quod sit natura rotundum in modum testiculorum. Reliquum planum et pene scabros",0.7,,pending,
705,autem,autem,,autem dicta quod,"calamites, pinguis, resinosa, odoris iucundi, humecta et veluti mellosum liquorem emittens. Storax","sit gutta arboris profluens et congelata. Nam Graeci stiriam guttam dicunt, Graece autem STURAKS, L",0.7,,pending,
706,Cinnamomum,cinnamomum,,Cinnamomum dictum quod,i. Denique lignum ipsius vice thymiamatum altaribus adoletur; unde et nomen traxisse creditur. [10],cortex eius in modum cannae sit rotundus et gracilis. Gignitur autem in Indiae et Aethiopiae region,0.7,,pending,
707,Folium,folium,,Folium dictum quod,anationem. Non tamen omnium herbarum etymologiam invenies. Nam pro locis mutantur etiam nomina. [2],sine ulla radice innatans in Indiae litoribus colligatur. Quod lino perforatum siccant Indi atque r,0.7,,pending,
708,Hedera,hedera,,Hedera dicta quod,"ulto; [21] in cuius imitatione arte vestis ornatur, quae acanthina dicitur; et acanthis dicta. [22]","arboribus reptando adhaereat. De qua Vergilius (Ecl. 8,13): Inter victrices hederam tibi serpere la",0.7,,pending,
709,eo,eo,,eo dicta quod,lorum graminum usque adeo celebris est ut noxias herbas aconita illinc nominemus. Nam toxica venena,"ex arboribus taxeis exprimitur, maxime apud Cantabriam. [26] Euphorbium dictum quod eius sucus ocul",0.7,,pending,
710,Euphorbium,euphorbium,,Euphorbium dictum quod,"nemus. Nam toxica venena eo dicta quod ex arboribus taxeis exprimitur, maxime apud Cantabriam. [26]",eius sucus oculorum acuat visum. Cuius vis tanta est ut duris carnibus superadiecta citius coqui co,0.7,,pending,
711,Mandragora,mandragora,,Mandragora dicta quod,"haerentes eiciunt. Hanc quidam Latinorum puleium Martis dicunt, propter belli tela excutienda. [30]","habeat mala suaveolentia, in magnitudinem mali Matiani: unde et eam Latini malum terrae vocant. Han",0.7,,pending,
712,eo,eo,,eo dicta quod,"S, quia locis humectis nascitur. Eadem et fel terrae propter amaritudinem. [34] Glycyriza Graece ex","dulcem radicem habeat; GLUKU enim Graece dulce dicunt. Eadem ADIPSOS, quia sitientibus sitim sedat.",0.7,,pending,
713,autem,autem,,autem dictum quod,"um, illud quod trans Danubium in solo barbarico, istud quod circa Pontum colligitur, nominatum. Reu","sit radix, quasi radix barbara, quasi radix Pontica. [41] Hyoscyamos a Graecis dicta, a Latinis her",0.7,,pending,
714,Saxifraga,saxifraga,,Saxifraga vocata quod,"ni imaginem turbidam. Hanc vulgus milimindrum dicit, propter quod alienationem mentis inducit. [42]","semen eius petras in vesica frangat atque conminuat. Gentiana nomen sumpsit, ut medici memorant, ab",0.75,,pending,
715,eo,eo,,eo vocata quod,"t, quos Graeci ORCHEIS vocant. Idem et leporina, propter quod caulem mollem emittat. [44] Vrtica ex","tactus eius corpus adurat. Est enim igneae omnino naturae et tactu perurit, unde et pruriginem faci",0.75,,pending,
716,Graece,graece,,Graece dicta quod,"e a gentibus consecrata est, unde et nuncupata; Graece enim Diana ARTEMIS dicitur. [46] Chamaemelos",mali Matiani odorem habeat sitque brevis terraeque vicina. [47] Chamaedrys a Graecis appellata quod,0.7,,pending,
717,Graecis,graecis,,Graecis appellata quod,elos Graece dicta quod mali Matiani odorem habeat sitque brevis terraeque vicina. [47] Chamaedrys a,"sit brevis et per terram strata et minuta foliis parvissimis. [48] Paeon quidam medicus fuit, a quo",0.7,,pending,
718,Psyllios,psyllios,,Psyllios dicta quod,"icitur, quod vere primo senescat: unde et eam Latini senicionem vocant. Nascitur per macerias. [54]",semen simile pulicis habeat: unde et eam Latini herbam pulicarem vocant. [55] Hierobotane ideo a Gr,0.7,,pending,
719,Splenos,splenos,,Splenos dicta quod,"am quidam herbam lanariam vocant, eo quod plerique lanam ex ea lavent. Nascitur [in] locis cultis. [","splenem auferat.] [57] Cimicia, propter similitudinem cimicis dicta: unde et eam Greci KORION vocav",0.7,,pending,
720,Citocacia,citocacia,,Citocacia vocata quod,"ic contraria atque falsa ex Syria vel Iudaea. [65] Daucos, foliis feniculi similis thyrso bipalmis.",ventrem cito depurgat; quam vulgus corrupte citocociam vocant. [66] Lappa dicta quod habeat caulem,0.75,,pending,
722,Rubia,rubia,,Rubia dicta quod,", vel quod sit virgulis nigris lenibus cum splendore quasi capilli. Nascitur in aquosis locis. [68]","radix eius sit rubra, unde et colorare lanas perhibetur. [69] Anchusa, cuius radix contrita digitos",0.7,,pending,
723,Graece,graece,,Graece dicta quod,"vocant, ab eo quod ad lychnia facit. Eadem et lucubros, quod lucem praebeat umbris. [74] Pyrethron","habeat radicem incendiosam atque coacervantem. [75] Althaea malva agrestis, sive malvaviscus; sed a",0.7,,pending,
724,Graecis,graecis,,Graecis dicta quod,"rstitio gentilium dicit quod, si integra ad limen suspendatur, omnia mala fugat. [86] Chamaepitys a","terrae adhaereat et odorem pini habeat. Hanc Latini cucurbitularem vocant, quod ex parte odorem cuc",0.7,,pending,
725,Asplenos,asplenos,,Asplenos dicta quod,"rem vocant, quod ex parte odorem cucurbitae referat. Staphysagria nascitur [in] locis amoenis. [87]","splenem auferat; sive scolopendrios, eo quod folia ipsius scolopendro animali sint similia. Nascitu",0.7,,pending,
727,Papyrum,papyrum,,Papyrum dictum quod,iendo ferulam dicunt. Ad hanc enim pueri et puellae vapulare solent: huius sucus galbanum est. [96],igni et cereis est aptum; PUR enim Graeci ignem dicunt. Iuncus [eo quod iunctis radicibus haereat].,0.7,,pending,
728,Faenum,faenum,,Faenum dictum quod,"ium. [106] Zizania, quam poetae semper infelix lolium dicunt, quod sit inutile et infecundum. [107]",eo flamma nutritur; FOS enim flamma est. Manipulum dicimus fascem faeni: et dictum manipulum quod m,0.7,,pending,
729,vocabulo,vocabulo,,vocabulo appellatur A,"est enim summitas olerum vel arborum, in qua vegens virtus naturalis est. [5] Malva ex parte Graeco","PO TOUMALASSEIN, eo quod molliendi alvum solvendique naturam habeat. Cuius sucus, si quis se oleo mi",0.7,,pending,
730,Pastinaca,pastinaca,,Pastinaca vocata quod,s negatur feriri. Folia eius ex oleo trita et inposita scorpionibus creduntur afferre torporem. [6],"eius radix praecipuus pastus sit hominis: est enim odoratu iucunda, cibo delectabilis. [7] Rapa dic",0.75,,pending,
731,Lactuca,lactuca,,Lactuca dicta est quod,contra acceptum venenum. Vnde et apud veteres ante alias epulas haec solebant mensis adponere. [11],"abundantia lactis exuberet, seu quia lacte nutrientes feminas inplet. Haec et in viris Veneris usum",0.7,,pending,
732,Alium,alium,,Alium dictum quod,"3] Ascalonia nuncupata ex una urbium Palaestinae quae Ascalon dicitur, unde prius advecta est. [14]","oleat. Vlpicum appellatum quod alii odorem habeat. Phaselos vocari aiunt a Phaselo insula Graeciae,",0.7,,pending,
733,Apium,apium,,Apium dictum quod,"ra agrestis, acrioris virtutis; utraque tamen Veneris commovent usum. XI. DE ODORATIS OLERIBVS. [1]","eo apex, id est caput, antiquorum triumphantium coronabatur. Hercules autem hanc herbam primus capi",0.7,,pending,
734,Hipposelinon,hipposelinon,,Hipposelinon dictum quod,"Graece apium dicitur. Sed est summum ac probabile Macedonicum, gustu suave et odore aromatico. [3]","sit durum et austerum. Oleoselinon, quod mollius folio et caule tenerum. [4] Feniculum Latini vocan",0.7,,pending,
735,Ruta,ruta,,Ruta dicta quod,"dederis, amentiam nutrit. Canos etiam ex coriandro infici traditum est. Abrotanum. Caerefolium. [8]",sit ferventissima. Cuius altera agrestis atque virtute acrior; sed utraque ferventissimae conproban,0.7,,pending,
736,bellum,bellum,,bellum vocatur quod,"stationem, quam terra marique diu egerant, mira celeritate conpressit ac superavit. [6] Sicut autem","contra hostes agitur, ita tumultus quod civili seditione concitatur. Nam seditio est dissensio civi",0.75,,pending,
737,Victoria,victoria,,Victoria dicta quod,"dies otia. II. DE TRIVMPHIS. [1] Omne regnum saeculi huius bellis quaeritur, victoriis propagatur.","vi, id est virtute, adipiscatur. Hoc est enim ius gentium, vim vi expellere. Nam turpis est dolo qu",0.7,,pending,
738,transvenas,transvenas,,transvenas in Etruria,"icra nuncupata, quod in ludis gerantur aut in cenis. [2] Ludorum origo sic traditur: Lydios ex Asia","consedisse duce Tyrreno, qui fratri suo cesserat regni contentione. Igitur in Etruria inter ceteros",0.7,,pending,
739,Igitur,igitur,,Igitur in Etruria,"s ex Asia transvenas in Etruria consedisse duce Tyrreno, qui fratri suo cesserat regni contentione.",inter ceteros ritus superstitionum suarum spectacula quoque religionis nomine instituerunt. Inde Ro,0.7,,pending,
740,gladiatorium,gladiatorium,,gladiatorium dictum quod,"II. DE AMPHITHEATRO. [1] Amphitheatrum locus est spectaculi, ubi pugnant gladiatores. Et inde ludum","in eo iuvenes usum armorum diverso motu condiscant, et modo inter se aut gladiis aut pugnis certant",0.7,,pending,
741,nomen,nomen,,nomen vocatur quod,"nisterium exhibent, atque aliquid huiuscemodi deinceps ex parte notanda studui. [2]Artifex generale","artem faciat, sicut aurifex qui aurum [facit]. Faxo enim pro facio antiqui dicebant. [3] Nauclerus",0.75,,pending,
742,Fundamentum,fundamentum,,Fundamentum dictum quod,"t instaurare dicebant. [2] Constat autem constructio fundamento, lapidibus, calce, arena et lignis.","fundus sit aedificii. Idem et caementum a caedendo dictum, quod caeso crasso lapide surgat. [3] Lap",0.7,,pending,
743,Capitolia,capitolia,,Capitolia dicta quod,positae fabricae sustinent pondus. [23] Basis autem nomen petrae est fortissimae Syro sermone. [24],"sint columnarum capita, quasi super collum caput. Epistolia sunt, quae super capitella columnarum p",0.7,,pending,
744,Rubrica,rubrica,,Rubrica vocata quod,"inde nomen a Sinope urbe accepit. Species eius tres: rubra et minus rubens, et inter has media. [4]","sit rubra et sanguineo proxima. Haec plurimis locis gignitur, sed optima Ponto; unde et Pontica dic",0.75,,pending,
745,Atramentum,atramentum,,Atramentum dictum quod,"purpurariis officinis, spuma in aereis cortinis innatans, quam infectores detrahentes siccant. [17]","sit atrum, cuius species et picturae et cottidiano usui necessaria est; iste inter facticios est. F",0.7,,pending,
746,Melinum,melinum,,Melinum dictum quod,rit. [20] Omne autem atramentum sole perficitur: omnes colores calcis admixtione conrumpuntur. [21],"eius metalli ferax sit una ex Cycladibus insula Melos nomine. Est enim candidum, nec utuntur eum pi",0.7,,pending,
747,Regula,regula,,Regula dicta quod,rassitudine politas extremis cacuminibus sibi iungit ut schemam trigoni faciant. Id erit norma. [2],"sit recta, quasi rectula, et inpedimentum non habeat. Perpendiculum est quod semper adpenditur. Den",0.7,,pending,
748,Scobina,scobina,,Scobina dicta quod,"quod ut vermis terendo forat, quasi terefora; vel quasi transforans. Taratrum, quasi teratrum. [15]","haerendo scobem faciat. Cant[h]erium. Guvia, XX. DE INVENTIONE LANIFICII. [1] Minervam quandam gent",0.7,,pending,
749,antiquissima,antiquissima,,antiquissima appellata quia,"ntur, pro eo quod eisdem iuvenes, qui nudi exercentur in campo, pudenda operiunt. [6] Tonica vestis","in motu incedentis sonum facit; tonus enim sonus est. Primum autem fuere pelliciae tunicae, quibus",0.7,,pending,
750,Lumbare,lumbare,,Lumbare vocatur quod,"hoc utebantur. Levitonarium est colobium lineum sine manicis, quale Aegyptii monachi utuntur. [25]","lumbis religetur, vel quod lumbis haereat. Hoc in Aegypto et Syria non tantum feminae sed et viri u",0.75,,pending,
751,vulgo,vulgo,,vulgo vocata quod,"textura eius ligata sit in totum; quasi diceret liginum, C pro G littera commutata. [28] Armilausa","ante et retro divisa atque aperta est, in armos tantum clausa; quasi armiclausa, C littera ablata.",0.75,,pending,
752,Toga,toga,,Toga dicta quod,"ui ex una parte induitur, neque consuitur, sed fibula infrenatur. Hinc et Graece nomen accepit. [3]","velamento sui corpus tegat atque operiat. Est autem pallium purum forma rotunda et fusiore, et quas",0.7,,pending,
753,autem,autem,,autem dicta quod,nitio procedebant. Hanc primum Romulus adinvenisse perhibetur ad discretionem regii habitus. Trabea,"in maiori gloria hominem transbearet, hoc est ultra et in posterum ampliori dignitate honoris beatu",0.7,,pending,
754,Graece,graece,,Graece vocatur quod,"perimentum, quod cooperto capite et scapula a dextro latere in laevum humerum mittitur: stola autem",superemittatur. [4] Idem et ricinium Latino nomine appellatum eo quod dimidia eius pars retro reici,0.75,,pending,
755,Tapeta,tapeta,,Tapeta dicta quod,"ocatae quod calcentur, id est farciantur, pluma sive tomento, quo molliores calidioresque sint. [5]","pedibus primum strarentur, quasi tapedia. Sipla tapetaexuna parte villosa, quasi simpla. Amphitapa",0.7,,pending,
757,Tinctura,tinctura,,Tinctura vocata quia,"lacium est stuppa et quasi crassedo serici, et est Graecum nomen. XXVIII. DE COLORIBVS VESTIVM. [1]","tinguitur et in aliam fucata speciem nitoris gratia coloratur. KOKKON Graeci, nos rubrum seu vermic",0.75,,pending,
758,vulgo,vulgo,,vulgo vocatur quod,"em et per munile omnia ornamenta matronarum significantur, quidquid illis munere datur. [14] Murena",scilicet auri metallo in virgulis lentescente quaedam ordinis flexuosi catena contexitur in similit,0.75,,pending,
759,Vitta,vitta,,Vitta dicta quod,"a fascia quod in modum fasciculi corpus alligat. Hinc et fasciolae, quibus vulnera conligantur. [7]",ea pectus vincitur instar vitis ligantis. Limbus est quam nos ornaturam dicimus. [8] Fasciola est q,0.7,,pending,
760,calciamenta,calciamenta,,calciamenta dicta quod,"alciamenta non possunt, quas Graeci KALOPODAS dicunt: fiebant autem prius ex salice tantum. Hinc et","in calo, id est ligno, fiant; vel quod calcentur. [3] Crepidas Graeci ante repertas usi sunt. Est a",0.7,,pending,
761,Pulpa,pulpa,,Pulpa dicta quod,scitur et silescit. [27] Frustum vocatum quod capiatur a frumine; est enim frumen summa pars gulae.,cum pulte olim mixta vescebatur. Vnde et pulmentarium et pulmentum dictum. [28] Lucanicae dictae qu,0.7,,pending,
762,inde,inde,,inde dictum quod,"tusta, ut vinum, sed statim sublata de flumine et fonte vel puteo; fetescit enim vetusta. [2] Vinum","eius potus venas sanguine cito repleat. Hoc alii, quod nos cura solvat, Lyaeum appellant. Veteres v",0.7,,pending,
763,Defrutum,defrutum,,Defrutum dictum est quod,"rit. Dicitur autem passum a patiendo: nam percutitur uva siccior et decoquitur, et inde fit passum.","defrudatur, et quasi fraudem patiatur. [15] Carenum, eo quod fervendo partem careat; tertia enim pa",0.7,,pending,
764,Fictilia,fictilia,,Fictilia dicta quod,"] Vasa dicta a vescendo, quad in ea escae adponantur. Cuius diminutivum vascula, quasi vescula. [2]","fiant et fingantur ex terra. Fingere enim est facere, formare et plasmare, unde et figuli dicuntur.",0.7,,pending,
765,Arca,arca,,Arca dicta quod,"a Persa et Graeca; gaza enim lingua Persarum thesaurum, FULAKION Graece custodia interpretatur. [2]","arceat visum atque prohibeat. Hinc et arcivum, hinc et arcanum, id est secretum, unde ceteri arcent",0.7,,pending,
766,Involucrum,involucrum,,Involucrum dictum quod,"um paulo inflectuntur propter Romanum eloquium. [6] Sitarciae nautarum sunt, ab eo quod sutae sunt.","aliquid in se teneat involutum. [7] Fiscus sacculus est publicus, unde et fiscellae et fiscinae dic",0.7,,pending,
767,Fax,fax,,Fax dicta quod,"dicebantur. [6] Lampas flamma est in vertice lucens, dicta quod lambentis motum ostendere videatur.",focos faciat: cuius diminutivum facula. [7] Lanterna inde vocatur quod lucem interius habeat clausa,0.7,,pending,
769,autem,autem,,autem dicta quod,"ICVLIS. [1] Carrum a cardine rotarum dictum; unde et currus dicti, quod rotas habere videntur. Rota",ruat; et rotundum a rota vocatum. [2] Reda genus vehiculi quattuor rotarum. Has antiqui retas diceb,0.7,,pending,
770,Clavis,clavis,,Clavis dicta quod,adhibita calefacit et intorquet capillos. [5] Vnde et calamistrati appellantur qui comam torquent.,"claudat et aperiat. Catenatum, quod capiendo teneat. Horologia, quod ibi horas legamus, id est coll",0.7,,pending,
771,Rota,rota,,Rota dicta quod,"quasi fiscolum, a colando oleum dictum, vel quasi fiscella olei. XV. DE INSTRVMENTIS HORTORVM. [1]","quasi ruat: est enim machina de qua e flumine aqua extrahitur. Lucretius (5,517): In fluvio versare",0.7,,pending,
772,Frena,frena,,Frena dicta quod,Sarculus. XVI. DE INSTRVMENTIS EQVORVM. [1] Phalerae ornamenta equorum sunt; et est sermo Graecus.,"equos fremere cogant, vel quod haec equi frendant [id est inprimant] dentibus et obmordeant. Vnde e",0.7,,pending,
773,inde,inde,,inde dictum quod,"tusta, ut vinum, sed statim sublata de flumine et fonte vel puteo; fetescit enim vetusta. [2] Vinum","eius potus venas sanguine cito repleat. Hoc alii, quod nos cura solvat, Lyaeum appellant. Veteres v",0.7,,pending,
774,Defrutum,defrutum,,Defrutum dictum est quod,"rit. Dicitur autem passum a patiendo: nam percutitur uva siccior et decoquitur, et inde fit passum.","defrudatur, et quasi fraudem patiatur. [15] Carenum, eo quod fervendo partem careat; tertia enim pa",0.7,,pending,
775,Fictilia,fictilia,,Fictilia dicta quod,"] Vasa dicta a vescendo, quad in ea escae adponantur. Cuius diminutivum vascula, quasi vescula. [2]","fiant et fingantur ex terra. Fingere enim est facere, formare et plasmare, unde et figuli dicuntur.",0.7,,pending,
776,Arca,arca,,Arca dicta quod,"a Persa et Graeca; gaza enim lingua Persarum thesaurum, FULAKION Graece custodia interpretatur. [2]","arceat visum atque prohibeat. Hinc et arcivum, hinc et arcanum, id est secretum, unde ceteri arcent",0.7,,pending,
777,Involucrum,involucrum,,Involucrum dictum quod,"um paulo inflectuntur propter Romanum eloquium. [6] Sitarciae nautarum sunt, ab eo quod sutae sunt.","aliquid in se teneat involutum. [7] Fiscus sacculus est publicus, unde et fiscellae et fiscinae dic",0.7,,pending,
778,autem,autem,,autem dicta quod,"ICVLIS. [1] Carrum a cardine rotarum dictum; unde et currus dicti, quod rotas habere videntur. Rota",ruat; et rotundum a rota vocatum. [2] Reda genus vehiculi quattuor rotarum. Has antiqui retas diceb,0.7,,pending,
779,Clavis,clavis,,Clavis dicta quod,adhibita calefacit et intorquet capillos. [5] Vnde et calamistrati appellantur qui comam torquent.,"claudat et aperiat. Catenatum, quod capiendo teneat. Horologia, quod ibi horas legamus, id est coll",0.7,,pending,
780,Rota,rota,,Rota dicta quod,"vi humum eruat, seu ab evomendo terram. De quo Lucretius (1,314): XV. DE INSTRVMENTIS HORTORVM. [1]","quasi ruat: est enim machina de qua e flumine aqua extrahitur. Lucretius (5,517): XVI. DE INSTRVMEN",0.7,,pending,
781,Frena,frena,,Frena dicta quod,"s (5,517): XVI. DE INSTRVMENTIS EQVORVM. [1] Phalerae ornamenta equorum sunt; et est sermo Graecus.","equos fremere cogant, vel quod haec equi frendant [id est inprimant] dentibus et obmordeant. Vnde e",0.7,,pending,
782,Ligea,ligea,,Ligea appellata ab,atris natu maximi urbem uocauerunt. 9 Mox in Bruttiis ab Vlixe. extructum templum Mineruae. Insula *,"*eiecto ibi corpore Sirenis ita nominatae; Parthenope a Parthenopae Sirenis sepulcro, quam Augustus",0.7,,pending,
783,solifuga,solifuga,,solifuga dicta quod,"ntibus. 3 Sed quod aliis locis serpens, hoc solifuga Sardis agris, animal *perexiguum aranei forma,","diem fugiat. In metallis argentariis plurima est, nam solum illud argenti diues est; occultim repta",0.7,,pending,
784,Ligea,ligea,,Ligea appellata ab,fratris natu maximi urbem vocaverunt. mox in Bruttiis ab Ulixe. extructum templum Minervae. insula,"eiecto ibi corpore Sirenis ita nominatae: Parthenope a Parthenopae Sirenis sepulcro, quam Augustus",0.7,,pending,
785,solifuga,solifuga,,solifuga dicta quod,"rpentibus. sed quod aliis locis serpens, hoc solifuga Sardis agris, animal perexiguum aranei forma,","diem fugiat. in metallis argentariis plurima est, nam solum illud argenti dives est: occultim repta",0.7,,pending,
787,genus,genus,,genus ab Etruscis,derant eum secutum numerum putant. me haud paenitet eorum sententiae esse quibus et apparitores hoc,"finitimis, unde sella curulis, unde toga praetexta sumpta est, et numerum quoque ipsum ductum place",0.75,,pending,
788,finitimis,finitimis,,ab Etruscis finitimis,eum secutum numerum putant. me haud paenitet eorum sententiae esse quibus et apparitores hoc genus,", unde sella curulis, unde toga praetexta sumpta est, et numerum quoque ipsum ductum placet, et ita",0.7,,pending,
789,non,non,,non in Etruria,"ervitiorum utique et plebis esset, ni consules providissent dimissis passim ad frumentum coemendum,","m modo dextris ab Ostia litoribus laevoque per Volscos mari usque ad Cumas, sed quaesitum in Sicilia",0.7,,pending,
790,Trepidatum,trepidatum,,Trepidatum in Etruria,lacet: Tubero incertus veri est. Sit inter cetera vetustate cooperta hoc quoque in incerto positum.,"est post Fidenas captas, non Veientibus solum exterritis metu similis excidii, sed etiam Faliscis m",0.7,,pending,
791,timentes,timentes,,timentes in Etruria,ominum pecorumque pernicie accepta. Famem quoque ex pestilentia morbo implicitis cultoribus agrorum,"m Pomptinumque agrum et Cumas, postremo in Siciliam quoque frumenti causa misere. Consularium comiti",0.7,,pending,
792,et,et,,et in Etruria,"ia ante provisum erat, periculum fuit. Consilia ad movenda bella in Volscorum Aequorumque conciliis",ad fanum voltumnae agitata. Ibi prolatae in annum res decretoque cautum ne quod ante concilium fier,0.7,,pending,
793,frons,frons,,frons in Etruria,"uniebant ut ancipitia munimenta essent: alia in urbem et contra oppidanorum eruptiones versa, aliis","m spectans, auxiliis si qua forte inde venirent obstruebatur. [ 2] Cum spes maior imperatoribus Roma",0.7,,pending,
794,sed,sed,,sed in Etruria,"runt; castella primo pauca, postea exercitu aucto creberrima fecerunt; munitiones non in urbem modo","m etiam spectantes si qua auxilia veniant, opposuere; quid turres, quid vineas testudinesque et aliu",0.7,,pending,
795,nequiquam,nequiquam,,nequiquam in Etruria,"pugnabit, nisi auxilio hostibus tribuni plebis fuerint, et Romae invenerint praesidia Veientes quae","quaerunt. ""An est quicquam quod Veientibus optatum aeque contingere possit quam ut seditionibus pri",0.7,,pending,
796,auxilia,auxilia,,auxilia ab Etruscis,"modestia est ut non obsidionis taedio, non denique regni, quicquam apud eos novatum sit, non negata","inritaverint animos; morietur enim extemplo quicumque erit seditionis auctor, nec cuiquam dicere ea",0.75,,pending,
797,inritaverint,inritaverint,,ab Etruscis inritaverint,"est ut non obsidionis taedio, non denique regni, quicquam apud eos novatum sit, non negata auxilia","animos; morietur enim extemplo quicumque erit seditionis auctor, nec cuiquam dicere ea licebit quae",0.7,,pending,
798,agrosque,agrosque,,agrosque ab Etruscis,Eam gentem traditur fama dulcedine frugum maximeque vini nova tum voluptate captam Alpes transisse,ante cultos possedisse; et invexisse in Galliam vinum inliciendae gentis causa Arruntem Clusinum ir,0.75,,pending,
799,ante,ante,,ab Etruscis ante,em traditur fama dulcedine frugum maximeque vini nova tum voluptate captam Alpes transisse agrosque,cultos possedisse; et invexisse in Galliam vinum inliciendae gentis causa Arruntem Clusinum ira cor,0.7,,pending,
800,quid,quid,,quid in Etruria,estarent. Quodnam id ius esset agrum a possessoribus petere aut minari arma Romanis quaerentibus et,"rei Gallis esset, cum illi se in armis ius ferre et omnia fortium virorum esse ferociter dicerent,",0.7,,pending,
802,invenere,invenere,,ab Etruscis invenere,ores Valerio in Volscos missi. Profecti ab urbe Sutrium Furius et Valerius partem oppidi iam captam,", ex parte altera intersaeptis itineribus aegre oppidanos vim hostium ab se arcentes. Cum Romani aux",0.7,,pending,
804,fidemque,fidemque,,ab Etruscis fidemque,rum prodente civitatem facta erat deditio; mitti tamen ad principes eorum placuit ut secernerent se,quam implorassent ab Romanis ipsi praestarent. Unde cum responsum allatum esset nihil suae potestat,0.7,,pending,
805,ister,ister,,ister Tusco verbo,"a voce motus erant. Accepta itaque res saepiusque usurpando excitata. Vernaculis artificibus, quia","ludio vocabatur, nomen histrionibus inditum; qui non, sicut ante, Fescennino versu similem incompos",0.85,,pending,
806,ludio,ludio,,Tusco verbo ludio,"e motus erant. Accepta itaque res saepiusque usurpando excitata. Vernaculis artificibus, quia ister","vocabatur, nomen histrionibus inditum; qui non, sicut ante, Fescennino versu similem incompositum t",0.85,,pending,
807,omne,omne,,omne nomen Etruscum,"everterunt, militaribus iocis cum apparatum hostium tum suum increpantes pavorem. Concitatur deinde",et Tarquiniensibus Faliscisque ducibus ad Salinas perveniunt. Aduersus eum terrorem dictator C. Mar,0.8,,pending,
808,annos,annos,,annos in Etruria,nominis urbano prope dilectu decem scribebantur legiones; quaterni quinique exercitus saepe per eos,", in Umbria Gallis hostibus adiunctis, in Samnio, in Lucanis gerebat bellum. Latium deinde omne cum",0.7,,pending,
809,fuere,fuere,,apud Etruscos fuere,"s haud dubie, nisi ultro arma Etrusci inferrent. Eadem in comparando cohibendoque bello consilia et",; neutri finibus egressi. Et censura clara eo anno Ap. Claudi et C. Plauti fuit; memoriae tamen feli,0.85,,pending,
810,clamor,clamor,,clamor ab Etruscis,"ius sol meridie se inclinavit quam telum hinc aut illinc emissum est: inde, ne infecta re abiretur,",oritur concinuntque tubae et signa inferuntur. Nec segnius a Romanis pugna initur. Concurrunt infen,0.75,,pending,
811,oritur,oritur,,ab Etruscis oritur,"meridie se inclinavit quam telum hinc aut illinc emissum est: inde, ne infecta re abiretur, clamor",concinuntque tubae et signa inferuntur. Nec segnius a Romanis pugna initur. Concurrunt infensis ani,0.7,,pending,
812,Sutrium,sutrium,,Sutrium ab Etruscis,"io fuerunt; summaque invidia omnium ordinum solus censuram gessit. [ 35] Dum ea Romae geruntur, iam",obsidebatur consulique Fabio imis montibus ducenti ad ferendam opem sociis temptandasque munitiones,0.75,,pending,
813,obsidebatur,obsidebatur,,ab Etruscis obsidebatur,"nt; summaque invidia omnium ordinum solus censuram gessit. [ 35] Dum ea Romae geruntur, iam Sutrium","consulique Fabio imis montibus ducenti ad ferendam opem sociis temptandasque munitiones, si qua pos",0.7,,pending,
814,haec,haec,,haec in Etruria,"ant, legati pacem foedusque ab Romanis petentes indutias in triginta annos impetraverunt. [ 38] Dum","geruntur, consul alter C. Marcius Rutulus Allifas de Samnitibus vi cepit. Multa alia castella viciq",0.7,,pending,
816,anno,anno,,anno ab Etruscis,adversus Umbros missa a flumine Narnia appellata; exercitus cum magna praeda Romam reductus. Eodem,adversus indutias paratum bellum; sed eos alia molientes Gallorum ingens exercitus fines ingressus,0.75,,pending,
817,adversus,adversus,,ab Etruscis adversus,rsus Umbros missa a flumine Narnia appellata; exercitus cum magna praeda Romam reductus. Eodem anno,indutias paratum bellum; sed eos alia molientes Gallorum ingens exercitus fines ingressus paulisper,0.7,,pending,
818,extemplo,extemplo,,extemplo in Etruria,"ere, ut patres ab iubendo dictatore deterruerint, quem senatus dictatorem dici iussurus fuerat. Tum",m ad legiones proficisci iussit. Adventus eius compressit Etruscos adeo ut nemo extra munimenta egre,0.7,,pending,
819,eos,eos,,eos in Etruria,"endio venisse, et confestim secuturos, vel si ad ipsam Romanam urbem oppugnandam ducant. [ 17] Haec","iactantes molientesque bellum domi Romanum urebat. Nam P. Decius, ubi comperit per exploratores pro",0.7,,pending,
820,Romanis,romanis,,Romanis in Etruria,"mni: ei Samnium provinciam evenisse. [ 18] Dum ea in Samnio cuiuscumque ductu auspicioque geruntur,","interim bellum ingens multis ex gentibus concitur, cuius auctor Gellius Egnatius ex Samnitibus erat",0.7,,pending,
821,tempore,tempore,,tempore in Etruria,"cunda ac tertia sociorumque milibus quindecim profectus in Samnium esset, Ap. Claudium primo quoque","m ire placuit. Duae Romanae legiones secutae, prima et quarta, et sociorum duodecim milia; castra ha",0.7,,pending,
822,copiis,copiis,,copiis in Etruria,"issum eo cum vetere exercitu, compresserat. Decio populandos hostium agros relinquit, ipse cum suis",m ad collegam pergit. Quem advenientem laeti omnes accepere: Appium ex conscientia sua credo animum,0.7,,pending,
824,gestae,gestae,,gestae in Etruria,"des incidisset, desertori magis quam deserto noxae fore; eo rem adductam ut omne rei bene aut secus",decus dedecusque ad L. Volumnium sit delegatum; neminem quaesiturum quae verba Appi sed quae fortun,0.7,,pending,
826,rebus,rebus,,rebus in Etruria,"i extra sortem mandetur, quin alter consul pro supervacaneo atque inutili habeatur? gloriari Fabium","gestis; velle et P. Decium gloriari; et forsitan, quem ille obrutum ignem reliquerit, ita ut totien",0.7,,pending,
827,tempore,tempore,,tempore in Etruria,us quinque milia peditum equitumque cum Fabio venisse. Sibi placere P. Decium consulem primo quoque,"m ad collegam proficisci, L. Volumnio Samnium provinciam dari; si consul malit in suam provinciam ir",0.7,,pending,
828,Volumnium,volumnium,,Volumnium in Etruria,"d collegam proficisci, L. Volumnio Samnium provinciam dari; si consul malit in suam provinciam ire,","m ad consulem cum exercitu iusto consulari proficisci. Cum magnam partem moveret oratio praetoris, P",0.7,,pending,
829,quantum,quantum,,quantum in Etruria,"ommodum rei publicae posset, Romam venisset vel aliquem ex legatis misisset, a quo disceret senatus","belli esset quantisque administrandum copiis et quot per duces esset. [ 26] Fabius, ut Romam rediit",0.7,,pending,
831,profectos,profectos,,profectos in Etruria,riumphusque non bellum decretum consulibus videretur. Invenio apud quosdam extemplo consulatu inito,m Fabium Deciumque sine ulla mentione sortis provinciarum certaminumque inter collegas quae exposui.,0.7,,pending,
832,consules,consules,,consules in Etruria,tur. Constare res incipit ex eo tempore quo profecti ambo consules ad bellum sunt. Ceterum antequam,"m pervenirent, Senones Galli multitudine ingenti ad Clusium venerunt legionem Romanam castraque oppu",0.7,,pending,
833,Et,et,,Et in Etruria,nde omnium aliarum rerum cura Fabius collegae funus omni honore laudibusque meritis celebrat. [ 30],per eosdem dies ab Cn. Fulvio propraetore res ex sententia gesta et praeter ingentem inlatam popula,0.7,,pending,
834,relicto,relicto,,relicto in Etruria,"ernum montem compulsum, non deterritus iniquitate loci, fundit fugatque. Q. Fabius Deciano exercitu","e praesidio, suis legionibus deductis ad urbem de Gallis Etruscisque ac Samnitibus triumphavit. Mili",0.7,,pending,
836,Fabius,fabius,,Fabius in Etruria,olturno adiacent flumini descendere. Adversus eos Ap. Claudius praetor cum exercitu Deciano missus.,"rebellante denuo quattuor milia et quingentos Perusinorum occidit, cepit ad mille septingentos quad",0.7,,pending,
837,bellum,bellum,,bellum in Etruria,"capta amplius duo milia hominum, minus duo milia circa muros caesa. Pax tamen clarior maiorque quam","eo anno fuerat parta est. Tres validissimae urbes, Etruriae capita, Volsinii, Perusia, Arretium, pa",0.7,,pending,
838,Samnio,samnio,,Samnio in Etruria,"pe impetrandi petisset videretque alios quod tardius ab urbe exisset, alios quod iniussu senatus ex","m transisset, partim suos inimicos, partim collegae amicos ad solacium aequatae repulsae sibi quoque",0.7,,pending,
839,Atilio,atilio,,Atilio in Etruria,o captis aliquot urbibus in Apulia fusum fugatumque saucium ipsum cum paucis Luceriam compulsum: ab,res gestas eumque triumphasse. Fabius ambo consules in Samnio et ad Luceriam res gessisse scribit t,0.7,,pending,
840,traductumque,traductumque,,traductumque in Etruria,a res gestas eumque triumphasse. Fabius ambo consules in Samnio et ad Luceriam res gessisse scribit,m exercitum —sed ab utro consule non adiecit—et ad Luceriam utrimque multos occisos inque ea pugna I,0.7,,pending,
841,Samnio,samnio,,Samnio in Etruria,s ex auctoritate patrum iussu populi bellum Faliscis indictum est iussique consules sortiri uter ex,"m cum exercitu transiret. Iam Carvilius Veliam et Palumbinum et Herculaneum ex Samnitibus ceperat, V",0.7,,pending,
842,consul,consul,,consul in Etruria,"in agrum Vescinum, quia regio ea infesta ab Samnitibus erat, hibernatum duxit. Inter haec Carvilius","Troilum primum oppugnare adortus quadringentos septuaginta ditissimos, pecunia grandi pactos ut abi",0.7,,pending,
843,hibernis,hibernis,,hibernis in Etruria,"m intolerabilia frigora erant, quies militi data est; et ad prima ac dubia signa veris profectus ex","m ducit, eam quoque gentem, sicut Gallos Liguresque, aut vi aut voluntate adiuncturus. Transeuntem A",0.7,,pending,
844,praetore,praetore,,praetore in Etruria,"aesidiique quod ibi obsideretur cura est. C. Seruilius legatus, ex auctoritate patrum a P. Cornelio","m ad frumentum coemendum missus, cum aliquot nauibus onustis in portum Tarentinum inter hostium cust",0.7,,pending,
845,Iunio,iunio,,Iunio in Etruria,ta inclinatura rursus animos uidebatur ad ueteris imperii respectum. et praetoribus prioris anni M.,", P. Sempronio in Gallia cum binis legionibus quas habuerant prorogatum est imperium. prorogatum et",0.7,,pending,
846,qui,qui,,qui in Etruria,lius praefuisset Siciliamque prouinciam cum L. Cincio praetore obtineret. exercitus eis duo decreti,"Galliaque essent; eae quattuor erant legiones; urbanae duae superioris anni in Etruriam, duae quibu",0.7,,pending,
848,Aquilius,aquilius,,Aquilius in Etruria,"rsae occupabant cogitationes hominum, ne Tarentinae quidem arcis excidit memoria. M. Ogulnius et P.","m legati ad frumentum coemendum quod Tarentum portaretur profecti, et mille milites de exercitu urba",0.7,,pending,
849,habuerat,habuerat,,habuerat in Etruria,"er equitum dictus. [ 6] Dictator postquam Romam uenit, C. Sempronium Blaesum legatum quem ad Capuam","m prouinciam ad exercitum misit in locum C. Calpurni praetoris, quem ut Capuae exercituique suo prae",0.7,,pending,
850,quibus,quibus,,quibus in Etruria,"ta per prouincias diuisi: Fuluio duae legiones quas in Sicilia M. Ualerius Laeuinus haberet, Fabio,",C. Calpurnius praefuisset: urbanus exercitus ut in Etruriam succederet: C. Calpurnius eidem praeess,0.7,,pending,
853,Apulia,apulia,,Apulia in Etruria,"s Marcellus consul designatus, qui rem inspiceret ac, si digna uideretur, exercitu accito bellum ex",m transferret. eo metu compressi Etrusci quieuerunt. Tarentinorum legatis pacem petentibus cum liber,0.7,,pending,
854,praetore,praetore,,praetore in Etruria,T. Quincti praetoris fuerat cum una legione obtineret. prorogatum et C. Hostilio Tubulo est ut pro,m ad duas legiones succederet C. Calpurnio. prorogatum et L. Ueturio Philoni est ut pro praetore Gal,0.7,,pending,
855,coepta,coepta,,coepta ab Etruscis,"um ab hoste nec receptum ab tergo circumuenti haberent, extrahi tamen diutius certamen potuisset ni",fuga pauorem ceteris iniecisset. non tamen omisere pugnam deserti ab Etruscis Fregellani donec inte,0.75,,pending,
856,fuga,fuga,,ab Etruscis fuga,"oste nec receptum ab tergo circumuenti haberent, extrahi tamen diutius certamen potuisset ni coepta",pauorem ceteris iniecisset. non tamen omisere pugnam deserti ab Etruscis Fregellani donec integri c,0.7,,pending,
857,deserti,deserti,,deserti ab Etruscis,certamen potuisset ni coepta ab Etruscis fuga pauorem ceteris iniecisset. non tamen omisere pugnam,Fregellani donec integri consules hortando ipsique ex parte pugnando rem sustinebant; sed postquam,0.75,,pending,
858,Fregellani,fregellani,,ab Etruscis Fregellani,n potuisset ni coepta ab Etruscis fuga pauorem ceteris iniecisset. non tamen omisere pugnam deserti,donec integri consules hortando ipsique ex parte pugnando rem sustinebant; sed postquam uolneratos,0.7,,pending,
859,Uarro,uarro,,Uarro in Etruria,. comitiis perfectis ludisque factis dictator et magister equitum magistratu abierunt. C. Terentius,m pro praetore missus ut ex ea prouincia C. Hostilius Tarentum ad eum exercitum iret quem T. Quincti,0.7,,pending,
860,quique,quique,,quique in Etruria,"sus Hasdrubalem quem iam Alpibus adpropinquare fama erat, decreta; exercitum e duobus qui in Gallia","esset addito urbano eligeret quem mallet, qui Galliam esset sortitus: cui Bruttii prouincia eueniss",0.7,,pending,
861,Terentius,terentius,,Terentius in Etruria,"essent, quattuor Hispania haberet, binas tres praetores, in Sicilia et Sardinia et Gallia, duas C.",", duas Q. Fuluius in Bruttiis, duas Q. Claudius circa Tarentum et Sallentinos, unam C. Hostilius Tub",0.7,,pending,
862,alterum,alterum,,alterum in Etruria,"quanto exercitu id bellum geratur, in eorum potestate esse. duos exercitus Romanos, unum in Gallia,",esse; satis scire Sp. Lucretium se cum M. Liuio iuncturum; multa milia armanda esse ut duobus ducib,0.7,,pending,
863,exercitum,exercitum,,exercitum in Etruria,"ius Tappulus; hi duo cum aediles plebis essent, praetores creati sunt. consul comitiis perfectis ad",m redit. Sacerdotes eo anno mortui atque in locum eorum suffecti: Ti. Ueturius Philo flamen Martiali,0.7,,pending,
864,idem,idem,,idem in Etruria,"issimus; super haec bellicae quoque laudis consulatus compotem fecerat. quod in Bruttiis prouincia,","ac Liguribus decretum: M. Cornelius nouo consuli tradere exercitum iussus, ipse prorogato imperio G",0.7,,pending,
866,legionibus,legionibus,,legionibus in Etruria,. Lentulus pro praetore habuisset decernitur. M. Seruilio prioris anni consuli cum suis duabus item,"prorogatum imperium est. quod ad Hispanias attineret, aliquot annos iam ibi L. Cornelium Lentulum e",0.7,,pending,
868,Gallia,gallia,,Gallia in Etruria,exercitus consularis ab Arretio Ariminum transductus erat et quinque milia socium Latini nominis ex,m transierant. itaque L. Furius magnis itineribus ab Arimino aduersus Gallos Cremonam tum obsidentes,0.7,,pending,
869,eo,eo,,eo in Etruria,"nciam uenisset, haud clam tulit iram aduersus praetorem quod absente se rem gessisset. misso igitur",m ipse in agrum hostium legiones induxit populandoque cum praeda maiore quam gloria bellum gessit. L,0.7,,pending,
870,quod,quod,,quod in Etruria,hostium legiones induxit populandoque cum praeda maiore quam gloria bellum gessit. L. Furius simul,"nihil erat rei quod gereret, simul Gallico triumpho imminens quem absente consule irato atque inuid",0.7,,pending,
871,propraetori,propraetori,,propraetori in Etruria,i magistratibus C. Laelio cum suo exercitu prorogatum in annum imperium est; prorogatum et P. Iunio,"cum eo exercitu, qui in prouincia esset, et M. Tuccio propraetori in Bruttiis et Apulia. [ 51 ] Pri",0.7,,pending,
872,propraetor,propraetor,,propraetor in Etruria,"am perfugisse et intra triduum exspirasse. senatus ea re audita decreuit, uti P. Iunius Brutus, qui","esset, prouincia exercituque traditis uni, cui uideretur, ex legatis, ipse in ulteriorem Hispaniam",0.7,,pending,
873,praetore,praetore,,praetore in Etruria,"spaniam proficisceretur, eaque ei prouincia esset. hoc senatus consultum litteraeque a Sp. Postumio","m missae sunt, profectusque in Hispaniam est P. Iunius propraetor. in qua prouincia prius aliquanto,",0.7,,pending,
874,legatum,legatum,,legatum in Etruria,"lli auctores sequendi sunt, qui, cum L. Scipio et accusatus et damnatus sit pecuniae captae ab rege",fuisse Africanum tradunt; qua post famam de casu fratris adlatam relicta legatione cucurrisse eum R,0.7,,pending,
875,ignobilis,ignobilis,,ignobilis in Etruria,paniam ulteriorem. consulibus ambobus quaestio de clandestinis coniurationibus decreta est. Graecus,"m primum uenit nulla cum arte earum, quas multas ad animorum corporumque cultum nobis eruditissima o",0.7,,pending,
876,partim,partim,,partim in Etruria,em reversus prope totam Italiam in armis invenit sub iuvene Mario Mari filio; sed omnes eius copias,ad Sacriportum partim ad Collinam Portam prostravit et reliquias adversariorum [eorum] qui se deder,0.7,,pending,
877,legerim,legerim,,apud Varronem legerim,"um fuisse et hodiernum esse. Quot autem saecula urbi Romae debeantur, dicere meum non est; sed quid",", non tacebo, qui libro antiquitatum duodevicensimo ait fuisse Vettium Romae in augurio non ignobile",0.85,,pending,
878,Amictui,amictui,,Amictui dictum quod,"ulam ac crocotulam. Multa post luxuria attulit, quorum vocabula apparet esse Graeca, ut asbestinon.","ambiectum, est, id est circumiectum, a quo etiam quo vestitas se involuunt, circumiectui appellant,",0.7,,pending,
879,Tuscanicum,tuscanicum,,Tuscanicum dictum a Tuscis,"aperet, deorsum quo impluebat, dictum impluium, susum qua compluebat, compluium: utrumque a pluvia.",", posteaquam illorum cavum aedium simulare coeperunt. Atrium appellatum ab Atriatibus Tuscis: illinc",0.85,,pending,
880,Idus,idus,,Sabini Idus dicunt,"nstruas, quae futurae sint eo mense, rex edicit populo. Idus ab eo quod Tusci Itus, vel potius quod",". Dies postridie Kalendas, Nonas, Idus appellati atri, quod per eos dies nihil novi inciperent. Dies",0.75,,pending,
881,decuma,decuma,,decuma appellata ab,"inc profanum, quod est ante fanum coniunctum fano; hinc profanatum quid in sacrificio atque Herculi","eo est quod sacrificio quodam fanatur, id est ut fani lege fit. Id dicitur polluctum, quod a porric",0.7,,pending,
882,Subulo,subulo,,"Subulo dictus, quod ita dicunt tibicines Tusci",Callimachum in poematibus eius inveni. Apud Ennium: Subulo quondam marinas propter astabat plagas.,": quocirca radices eius in Etruria, non Latio quaerundae. Versibus quos olim Fauni vatesque canebant",0.9,,pending,
885,autem,autem,,autem dictum quod,orium ligno ex una parte extentum. Est enim pars media symphoniae in similitudinem cribri. Tympanum,"medium est, unde et margaritum medium tympanum dicitur; et ipsud, ut symphonia, ad virgulam percuti",0.7,,pending,
886,Pessaria,pessaria,,Pessaria dicta quod,"catur. Malagma, quod sine igne maceretur et conprehendatur. Enema Graece, Latine relaxatio dicitur.",intus iniciantur. [12] Medicinam iumentorum Chiron quidam Graecus invenit. Inde pingitur dimidia pa,0.7,,pending,
887,Enchiridion,enchiridion,,Enchiridion dictum quod,scribuntur. Butanicum herbarum dicitur quod ibi herbae notentur. XI. DE INSTRVMENTIS MEDICORVM. [1],"manu adstringatur, dum plurima contineat ferramenta; CHEIR enim Graece manus vocatur. [2] Phlebotom",0.7,,pending,
888,Falsitas,falsitas,,Falsitas appellata a,"ipite nunc malum.' [8] Calumnia est iurgium alienae litis, a calvendo, id est decipiendo dicta. [9]",fando aliud quam verum est. [10] Iniuria est iniustitia. Hinc est apud Comicos (? Plaut. Mil. 436):,0.7,,pending,
889,Poena,poena,,Poena dicta quod,"ena. Malum autem tunc plenum est, cum et praeteritum est et inpendet, ut sit et dolor et metus. [2]","puniat. Est autem epithetum nomen, et sine adiectione non habet plenum sensum: adicis poena carceri",0.7,,pending,
890,autem,autem,,autem dictum quod,"adulta et praeceps sive extrema. Vnde est illud (Virg. Georg. 1,340): Extremae sub casu hiemis. Ver","viret. Tunc enim post hiemem vestitur tellus herbis, et in florem cuncta rumpuntur. [4] Aestas dici",0.7,,pending,
891,autem,autem,,autem dicta quod,Conficitur bibula Memphitis carta papyro. [2] Bibulam autem papyrum dixit quod humorem bibat. Carta,carptim papyri tegmen decerptum glutinatur. Cuius genera quam plura sunt. Prima et praecipua August,0.7,,pending,
892,autem,autem,,autem dicta quod,"e invenies. XVI. DE CANONIBVS CONCILIORVM. [1] Canon autem Graece, Latine regula nuncupatur. Regula","recte ducit, nec aliquando aliorsum trahit. Alii dixerunt regulam dictam vel quod regat, vel quod n",0.7,,pending,
893,autem,autem,,autem vocatur quod,"solitoÝ, id est firmo atque solido nominata. [vel ex eo, quod soleat fieri in anno.] [2] Celebritas","non ibi terrena, sed caelestia tantum agantur. [3] Pascha festivitatum omnium prima est, de cuius v",0.75,,pending,
894,Oblatio,oblatio,,Oblatio vocatur quia,"ri offertur et sacrificatur a pontificibus, a quo offertorium nominatum, quasi propter fertum. [25]","offertur. [26] Dona proprie divina dicuntur, munera hominum. [27] Nam munera dicuntur obsequia, qua",0.75,,pending,
895,Incorruptibilis,incorruptibilis,,Incorruptibilis appellatur quia,"lis utique deprehenditur; ac per hoc solus Deus dicitur inmortalis, quia solus incommutabilis. [20]",corrumpi et dissolvi non potest nec dividi. Quidquid enim capit divisionem et interitum capit. Ille,0.7,,pending,
896,Trinitas,trinitas,,Trinitas appellata quod,ius docet vos de omni re.' Ipse est enim Spiritus sanctus unctio invisibilis. IV. DE TRINITATE. [1],"fiat totum unum ex quibusdam tribus, quasi Triunitas; ut memoria, intellegentia et voluntas, in qui",0.7,,pending,
897,Spes,spes,,Spes vocata quod,"o quod fit illud quod inter utrosque placitum est, quasi inter Deum et hominem; hinc et foedus. [5]","sit pes progrediendi, quasi 'est pes.' Vnde et e contrario desperatio. Deest enim ibi pes, nullaque",0.75,,pending,
898,ideo,ideo,,ideo dictum quod,"ellatur, quia contra Christum venturus est. Non, quomodo quidam simplices intellegunt, Antichristum","ante Christum venturus sit, id est post cum veniat Christus. Non sic, sed Antichristus Graece dicit",0.7,,pending,
899,Iscurra,iscurra,,Iscurra vocatur quia,"152] Investis, id est sine veste; nondum enim habet stolam; quod est signum maritalis virginitatis.","causa escae quempiam consectatur. K [153] Katholicus, universalis: Graecum enim est. Karus Graecum",0.75,,pending,
900,Sicarius,sicarius,,Sicarius vocatur quia,"et asperi. Scrupo est enim arena durior. Sacrilegus dicitur ab eo quod sacra legit, id est furatur.","ad perpetrandum scelus telis armatus est. Sica enim gladius est, a secando vocatus. [253] Scaevus,",0.75,,pending,
901,autem,autem,,autem appellata a,"] Senex autem tantum masculini generis est, sicut anus feminini; nam anus dicitur sola mulier. Anus","multis annis, quasi annosa. Nam si commune esset nomen, cur diceret Terentius (Eun. 357): 'senem mu",0.7,,pending,
902,ita,ita,,ita vocata quia,distant. Sunt enim in facie producta barba et lata cauda. [34] Leontophonos bestia modica; et ex eo,"capta exuritur, eiusque cinere aspersae carnes et positae per conpita semitarum leones necant, si q",0.75,,pending,
903,ita,ita,,ita vocata quod,"um nutrit, sicque iterum de cincribus suis resurgit. [23] Cinnamolgus et ipsa Arabiae avis, proinde",in excelsis nemoribus texit nidos ex fruticibus cinnami: et quoniam non possunt ibi homines conscen,0.75,,pending,
904,vulgo,vulgo,,vulgo appellatur a,"vis, unde et nuncupatus; rapacissimus tamen et semper domesticis avibus insidiator. [59] Ossifragus",vis quae ossa ab alto dimittit et frangit. Vnde et a frangendo ossa nomen accepit. [60] Turtur de vo,0.7,,pending,
905,Tonitruum,tonitruum,,Tonitruum dictum quod,"emque faciunt; unde est illud (Virg. Aen. 5,20): Atque in nubem cogitur aer. VIII. DE TONITRVO. [1]",sonus eius terreat; nam tonus sonus. Qui ideo interdum tam graviter concutit omnia ita ut caelum di,0.7,,pending,
906,Grando,grando,,Grando appellata quod,"e et Lucretius (1,715): Ex igni, terra atque anima nascuntur et imbri. Est autem nomen Graecum. [5]","forma eius granorum similitudinem habeat. Haec autem ventorum rigore durantur in nube, ac solidantu",0.7,,pending,
907,Aqua,aqua,,Aqua dicta quod,"ventos quam fulmina alata fingunt poetae, ut (Virg. Aen. 8,430): Alitis Austri. XII. DE AQVIS. [1]","superficies eius aequalis sit; hinc et aequor appellatum, quia aequaliter sursum est. [2] Duo autem",0.7,,pending,
908,magnum,magnum,,magnum appellatur quia,"est quod ab occasu ex Oceano fluit et in meridiem vergit, deinde ad septentrionem tendit; quod inde","cetera maria in conparatione eius minora sunt. Iste est et Mediterraneus, quia per mediam terram us",0.7,,pending,
909,Charybdis,charybdis,,Charybdis dicta quod,"mam hominis capitibus caninis succinctam, quia conlisi ibi fluctus latratus videntur exprimere. [5]","gurgitibus occultis naves obsorbeat; est enim mare verticosum, et inde ibi laniata naufragia profun",0.7,,pending,
910,Diluvium,diluvium,,Diluvium dictum quod,"a sunt, quaedam vero, quae non erant, abyssi tunc ruptis meatibus eruperunt. XXII. DE DILVVIIS. [1]","aquarum clade omnia quae inundaverit deleat. [2] Primum diluvium extitit sub Noe, quando hominum sc",0.7,,pending,
911,Palaestinae,palaestinae,,Palaestinae vocata quod,ens in terra Agrabath. Situs eius natura consimili nec ullo differens a Iudaea. [23] Galilaea regio,"gignat candidiores homines quam Palaestina. Haec autem duplex est, superior et inferior, sibi tamen",0.75,,pending,
912,Italiae,italiae,,Italiae dicta quod,"minata. Est enim in iugis Appennini montis sita, in parte Italiae iuxta meridiem. [22] Etruria pars","eius fines tendebantur usque ad ripam Tiberis, quasi ETEROURIA. Nam ETERON significat alterum, OROS",0.7,,pending,
913,Libya,libya,,Libya dicta quod,"as, et ultra vel quod ultima vel quod non sit post hanc ulla, hoc est alia, terra. V. DE LIBYA. [1]","inde Libs flat, hoc est Africus. Alii aiunt Epaphum Iovis filium, qui Memphin in Aegypto condidit,",0.7,,pending,
914,autem,autem,,autem vocata quod,"um in ius suum Romani vincendo redigerent, procul positas regiones provincias appellaverunt. Patria","communis sit omnium, qui in ea nati sunt. [20] Terra autem significari, ut praediximus (13,3,1), el",0.75,,pending,
915,Graece,graece,,Graece dicta quod,"] Abydos insula in Europa super Hellespontum posita, angusto et periculoso mari separata, et ABUDOS","sit introitus Hellesponti maris, in quo Xerxes pontem ex navibus fecit, et in Graeciam transiit. [1",0.7,,pending,
916,autem,autem,,autem vocata quod,"Cytherea insula una ex Cycladibus a parte occidua sita, cuius Porphyris antea nomen fuit. Cytherea","ibi Venus sit orta. [26] Icaria insula una de Cycladibus, quae Icario mari nomen dedit. Haec inter",0.75,,pending,
917,Hispaniae,hispaniae,,Hispaniae dicta quod,"is angulosa, gignens laetissima pabula et lapidem quem catochiten Graeci vocant. [43] Ebosus insula","a Zanio non procul sit, quasi abozus; nam septuaginta stadiis ab ea distat. Cuius terram serpentes",0.7,,pending,
918,Deserta,deserta,,Deserta vocata quia,"a conlucendo crebris luminibus dici, quae ibi propter religionem gentilium cultumque fiebant. [31]","non seruntur et ideo quasi deseruntur; ut sunt loca silvarum et montium, contraria uberrimarum terr",0.75,,pending,
919,notatum,notatum,,litteris Tuscis notatum,"aiunt, cum Tarquinius Priscus Capitolii fundamenta Romae aperiret, in loco fundamenti caput hominis","invenit, et proinde Capitolium appellavit. [32] Arces sunt partes urbis excelsae atque munitae. Nam",0.85,,pending,
920,Macellum,macellum,,Macellum dictum quod,"ulis lignisque erant constructae, quae nunc et si non speciem, nomen tamen pristinum retinent. [44]",ibi mactentur pecora quae mercantibus venundantur. [45] Mercatum autem a conmercio nominatum. Ibi e,0.7,,pending,
921,Cella,cella,,Cella dicta quod,". KLINE enim Graece lectus vel adcubitus dicitur, ex quo confectum est ut triclinium diceretur. [9]","nos occultat et celat. Cubiculum vero, quod eo cubamus ibique dormientes requiescimus. Cubile autem",0.7,,pending,
922,Analogium,analogium,,Analogium dictum quod,"niversi exaudire possint. Alias tribunal a tribu denominatum, quod ad illud tribus convocetur. [17]",sermo inde praedicetur; nam LOGOS Graece sermo dicitur; quod et ipsud altius situm est [ut in eo le,0.7,,pending,
923,Fundamentum,fundamentum,,Fundamentum dictum quod,prius quam domum ingrediamur; postes eo quod post ostium stent. VIII. DE PARTIBVS AEDIFICIORVM. [1],"fundus sit domui. Idem et caementum a caedendo dictum, quod caeso crasso lapide surgat. [2] Paries",0.7,,pending,
924,Capitolia,capitolia,,Capitolia dicta quod,"s est earum quae vocantur Atticae, quaternis angulis aut amplius, paribus laterum intervallis. [15]","sint columnarum capita, sicut super collum caput. Epistolia sunt quae super capitella columnarum po",0.7,,pending,
925,Volutabra,volutabra,,Volutabra appellata quod,"e. Lutum vocatum quidam per antiphrasin putant, quod non sit mundum; nam omne lotum mundum est. [5]",ibi apri volutentur. Vligo sordes limi vel aquae sunt. Sabulum levissimum terrae genus. [6] Argilla,0.7,,pending,
926,crepido,crepido,,crepido vocata quod,"LAIA Graece, speluncae Latine. Est autem rupis cavata. [3] Crepido extremitas saxi abrupta; unde et","sit abrupti saxi altitudo, sicut 'haeret pede pes densus' (Virg. Aen. 10,361); unde et vocatur. Cau",0.75,,pending,
927,Chalcosmaragdus,chalcosmaragdus,,Chalcosmaragdus dicta quod,"similes notas habent. Smaragdi autem mero et viridi proficiunt oleo, quamvis natura inbuantur. [3]",viridis sit et turbida aereis venis. Haec in Aegypto vel Cypro insula nascitur. [4] Prasius pro vir,0.7,,pending,
928,Myrrhites,myrrhites,,Myrrhites dicta est quod,"e profundo petat, et carinis ita tenaciter adhaereat ut nisi abrasa parte ligni vix separetur. [14]",in ea myrrhae color est. Conpressus autem usque ad calorem nardi spirat suavitatem. Aromatitis repe,0.7,,pending,
929,Onyx,onyx,,Onyx appellata quod,"aec rubrum habet colorem marmoribus praestans, sed inter gemmas vilissima. Genera eius quinque. [3]",habeat in se permixtum candorem in similitudinem unguis humanae. Graeci enim unguem ONUCHAdicunt. H,0.7,,pending,
930,Melichrysus,melichrysus,,Melichrysus dicta quod,ris habet quadrulas. Gignitur in Persida. [6] Leucochrysus colore aureo interveniente candida vena.,"veluti per aurum (sincerum mel), sic haec gemma transluceat. [7] Chrysocolla gignitur in India, ubi",0.7,,pending,
931,Vitrum,vitrum,,Vitrum dictum quod,"tem non translucidas gemmas caecas appellari, eo quod densitate sua obscurentur. XVI. DE VITRO. [1]",visui perspicuitate transluceat. In aliis enim metallis quidquid intrinsecus continetur absconditur,0.7,,pending,
932,aurum,aurum,,aurum dictum quod,"fulgeat luce alia repercussus. Hinc et aurarii dicti, quorum fulgor splendiosus reddit. [2] Obryzum","obradiet splendore; est enim coloris optimi, quod Hebraei 'ophaz', Graeci KIRRON dicunt. Brattea di",0.7,,pending,
933,vivum,vivum,,vivum dictum quod,"Cui mirum in modum illud ut, dum candidum sit, inpressum corpori liness nigras reddat. [2] Argentum","excidat materias in quibus inicitur; hoc et liquidum, quia percurrit. Invenitur specialiter in meta",0.7,,pending,
934,Aurichalcum,aurichalcum,,Aurichalcum dictum quod,"pide aeroso, quem cadmiam vocant; et est ductile. Huic si addatur plumbum, colore purpureo fit. [3]",et splendorem auri et duritiam aeris possideat. Est autem nomen compositum ex lingua Latina et Grae,0.7,,pending,
935,Ferrum,ferrum,,Ferrum dictum quod,"tque ita distillantibus, quodex eo cecidit in ipsum acetum teritur et cribratur. XXI. DE FERRO. [1]","farra, id est semina frugum, terrae condeat. Idem et chalybs a Chalybe flumine, ubi ferrum optima a",0.7,,pending,
936,Plumbum,plumbum,,Plumbum dictum quod,"menta non vitiat, si eadem medulla cervina vel cerussa mixta rosaceo unguitur. XXII. DE PLVMBO. [1]","ex eo primum pilis factis maris altitudo temptata est. Huius duo genera sunt, nigrum et candidum; s",0.7,,pending,
937,Vncia,vncia,,Vncia dicta quod,"in litteris divinis legatur siclus, uncia est; cum vero in gentilium, quarta pars unciae est. [19]","universitatem minorum ponderum sua unitate vinciat, id est conplectat. Constat autem dragmis octo,",0.7,,pending,
938,Amphora,amphora,,Amphora vocata quod,"s vel 'bata' nominatur, capiens quinquaginta sextaria; quae mensura una molae vice proteritur. [13]","hinc et inde levetur. Haec Graece a figura sui dicta dicitur, quod eius ansae geminatae videantur a",0.75,,pending,
939,Hordeum,hordeum,,Hordeum dictum quod,"tur. [9] Alica Graecum nomen est. Alicastrum simile est alicae, pondere et bonitate praecipua. [10]","prae ceteris generibus frumenti ante fiat aridum, vel quod spica eius ordines habeat. Horum tria ge",0.7,,pending,
940,Panicium,panicium,,Panicium dictum quod,ius in incrementum frugis centesimum renascatur. Hinc et milium a multitudine fructus vocatum. [13],"multis in regionibus ex eo panis vice homines sustententur, quasi panivicium. Pistum a pasto. Sisam",0.7,,pending,
943,Vicia,vicia,,Vicia dicta quod,". Haec semel seritur et decem annis permanet, ita ut quater vel sexies possit per annum recidi. [9]","vix ad triplicem perveniat fructum, cum alia legumina proventum habeant fertilem: unde et Vergilius",0.7,,pending,
944,Vitis,vitis,,Vitis dicta quod,autem inventorem vitis Liberum appellari: unde et eum gentiles post mortem deum esse voluerunt. [2],vim habeat citius radicandi. Alii putant vites dictas quod invicem se vittis innectant vicinisque a,0.7,,pending,
945,Radix,radix,,Radix appellatur quod,ant virgultas vel umbras; sunt autem causa umbrarum. Oculi nodi sunt ex quibus frondes exeunt. [14],quasi radiis quibusdam fixa terris in profunda dimergitur. Nam physici dicunt parem esse altitudine,0.7,,pending,
946,virgultum,virgultum,,virgultum appellatur quod,"est quod de radice pullulat; ramus, qui de ipso robore arboris; virga, quae de ramis. Proprie autem","ad radicem arboris nascitur et quasi inutile ab agricolis amputatur. Et hinc dictum virgultum, quia",0.7,,pending,
947,Graecis,graecis,,Graecis dictum quod,lla potius victores coronantur. Sola quoque haec arbor vulgo fulminari minime creditur. [3] Malum a,sit fructus eius pomorum omnium rotundissimus: unde et haec sunt vera mala quae vehementer rotunda,0.7,,pending,
948,ita,ita,,ita appellata quod,"at, quod et medici et scriptores utuntur. [11] Oleomela nascitur in Palmyra, Syriae civitate; ex eo","ex trunco oleum defluat in crassitudine mellis, sapore suavi. [12] ÝPomelidaÝ sorbo similis, medioc",0.7,,pending,
949,putant,putant,,putant dictum quod,es quibus innascitur carpit; rumpit enim et prodit ex latebris quibus concepta est. Alii caprificum,"ficus arbor eius remedio fecundetur. [19] Morus a Graecis vocata, quam Latini rubum appellant, eo q",0.7,,pending,
950,Nux,nux,,Nux appellata quod,"folia similis moro. Hanc Latini celsam appellant ab altitudine, quia non est brevis, ut morus. [21]",umbra vel stillicidium foliorum eius proximis arboribus noceat. Hanc alio nomine Latini iuglandem v,0.7,,pending,
951,Abies,abies,,Abies dicta quod,"sit arboris. Pinus creditur prodesse cunctis quae sub ea seruntur, sicut ficus nocere omnibus. [32]","prae ceteris arboribus longe eat et in excelsum promineat. Cuius natura expers est terreni humoris,",0.7,,pending,
953,Populus,populus,,Populus dicta quod,"st, ex qua tabulae tegulis adfixae flammam repellunt, neque ex se carbonem ambustae efficiunt. [45]","ex eius calce multitudo nascatur. Cuius genus duplex est: nam altera est alba, altera nigra. Alba a",0.7,,pending,
954,Salix,salix,,Salix dicta quod,d utilis sit ad usum telorum nitore et levitate iaculandi: est enim genus materiae levissimae. [47],"celeriter saliat, hoc est velociter crescat, arbor lenta, vitibus habilis vinciendis. Cuius seminis",0.7,,pending,
955,enim,enim,,enim appellatur a,"omnium resinarum praestantiorem. [53] Buxus Graecum nomen est, ex parte a Latinis corruptum; PUKSOS",pud eos. Arbor semper virens et levitate materiae elementorum apicibus apta. Vnde et Scriptura (Isai,0.7,,pending,
956,Et,et,,Et appellatur a,"ne veluti in pulverem resolutum, et cum frangitur, intus pingue et igni adpositum facile ardescens.","pud nos masculum, eo quod sit natura rotundum in modum testiculorum. Reliquum planum et pene scabros",0.7,,pending,
957,autem,autem,,autem dicta quod,"calamites, pinguis, resinosa, odoris iucundi, humecta et veluti mellosum liquorem emittens. Storax","sit gutta arboris profluens et congelata. Nam Graeci stiriam guttam dicunt, Graece autem STURAKS, L",0.7,,pending,
958,Cinnamomum,cinnamomum,,Cinnamomum dictum quod,i. Denique lignum ipsius vice thymiamatum altaribus adoletur; unde et nomen traxisse creditur. [10],cortex eius in modum cannae sit rotundus et gracilis. Gignitur autem in Indiae et Aethiopiae region,0.7,,pending,
959,Folium,folium,,Folium dictum quod,anationem. Non tamen omnium herbarum etymologiam invenies. Nam pro locis mutantur etiam nomina. [2],sine ulla radice innatans in Indiae litoribus colligatur. Quod lino perforatum siccant Indi atque r,0.7,,pending,
960,Hedera,hedera,,Hedera dicta quod,"ulto; [21] in cuius imitatione arte vestis ornatur, quae acanthina dicitur; et acanthis dicta. [22]","arboribus reptando adhaereat. De qua Vergilius (Ecl. 8,13): Inter victrices hederam tibi serpere la",0.7,,pending,
961,eo,eo,,eo dicta quod,lorum graminum usque adeo celebris est ut noxias herbas aconita illinc nominemus. Nam toxica venena,"ex arboribus taxeis exprimitur, maxime apud Cantabriam. [26] Euphorbium dictum quod eius sucus ocul",0.7,,pending,
962,Euphorbium,euphorbium,,Euphorbium dictum quod,"nemus. Nam toxica venena eo dicta quod ex arboribus taxeis exprimitur, maxime apud Cantabriam. [26]",eius sucus oculorum acuat visum. Cuius vis tanta est ut duris carnibus superadiecta citius coqui co,0.7,,pending,
963,Mandragora,mandragora,,Mandragora dicta quod,"haerentes eiciunt. Hanc quidam Latinorum puleium Martis dicunt, propter belli tela excutienda. [30]","habeat mala suaveolentia, in magnitudinem mali Matiani: unde et eam Latini malum terrae vocant. Han",0.7,,pending,
964,eo,eo,,eo dicta quod,"S, quia locis humectis nascitur. Eadem et fel terrae propter amaritudinem. [34] Glycyriza Graece ex","dulcem radicem habeat; GLUKU enim Graece dulce dicunt. Eadem ADIPSOS, quia sitientibus sitim sedat.",0.7,,pending,
965,autem,autem,,autem dictum quod,"um, illud quod trans Danubium in solo barbarico, istud quod circa Pontum colligitur, nominatum. Reu","sit radix, quasi radix barbara, quasi radix Pontica. [41] Hyoscyamos a Graecis dicta, a Latinis her",0.7,,pending,
966,Saxifraga,saxifraga,,Saxifraga vocata quod,"ni imaginem turbidam. Hanc vulgus milimindrum dicit, propter quod alienationem mentis inducit. [42]","semen eius petras in vesica frangat atque conminuat. Gentiana nomen sumpsit, ut medici memorant, ab",0.75,,pending,
967,eo,eo,,eo vocata quod,"t, quos Graeci ORCHEIS vocant. Idem et leporina, propter quod caulem mollem emittat. [44] Vrtica ex","tactus eius corpus adurat. Est enim igneae omnino naturae et tactu perurit, unde et pruriginem faci",0.75,,pending,
968,Graece,graece,,Graece dicta quod,"e a gentibus consecrata est, unde et nuncupata; Graece enim Diana ARTEMIS dicitur. [46] Chamaemelos",mali Matiani odorem habeat sitque brevis terraeque vicina. [47] Chamaedrys a Graecis appellata quod,0.7,,pending,
969,Graecis,graecis,,Graecis appellata quod,elos Graece dicta quod mali Matiani odorem habeat sitque brevis terraeque vicina. [47] Chamaedrys a,"sit brevis et per terram strata et minuta foliis parvissimis. [48] Paeon quidam medicus fuit, a quo",0.7,,pending,
970,Psyllios,psyllios,,Psyllios dicta quod,"icitur, quod vere primo senescat: unde et eam Latini senicionem vocant. Nascitur per macerias. [54]",semen simile pulicis habeat: unde et eam Latini herbam pulicarem vocant. [55] Hierobotane ideo a Gr,0.7,,pending,
971,Splenos,splenos,,Splenos dicta quod,"am quidam herbam lanariam vocant, eo quod plerique lanam ex ea lavent. Nascitur [in] locis cultis. [","splenem auferat.] [57] Cimicia, propter similitudinem cimicis dicta: unde et eam Greci KORION vocav",0.7,,pending,
972,Citocacia,citocacia,,Citocacia vocata quod,"ic contraria atque falsa ex Syria vel Iudaea. [65] Daucos, foliis feniculi similis thyrso bipalmis.",ventrem cito depurgat; quam vulgus corrupte citocociam vocant. [66] Lappa dicta quod habeat caulem,0.75,,pending,
974,Rubia,rubia,,Rubia dicta quod,", vel quod sit virgulis nigris lenibus cum splendore quasi capilli. Nascitur in aquosis locis. [68]","radix eius sit rubra, unde et colorare lanas perhibetur. [69] Anchusa, cuius radix contrita digitos",0.7,,pending,
975,Graece,graece,,Graece dicta quod,"vocant, ab eo quod ad lychnia facit. Eadem et lucubros, quod lucem praebeat umbris. [74] Pyrethron","habeat radicem incendiosam atque coacervantem. [75] Althaea malva agrestis, sive malvaviscus; sed a",0.7,,pending,
976,Graecis,graecis,,Graecis dicta quod,"rstitio gentilium dicit quod, si integra ad limen suspendatur, omnia mala fugat. [86] Chamaepitys a","terrae adhaereat et odorem pini habeat. Hanc Latini cucurbitularem vocant, quod ex parte odorem cuc",0.7,,pending,
977,Asplenos,asplenos,,Asplenos dicta quod,"rem vocant, quod ex parte odorem cucurbitae referat. Staphysagria nascitur [in] locis amoenis. [87]","splenem auferat; sive scolopendrios, eo quod folia ipsius scolopendro animali sint similia. Nascitu",0.7,,pending,
979,Papyrum,papyrum,,Papyrum dictum quod,iendo ferulam dicunt. Ad hanc enim pueri et puellae vapulare solent: huius sucus galbanum est. [96],igni et cereis est aptum; PUR enim Graeci ignem dicunt. Iuncus [eo quod iunctis radicibus haereat].,0.7,,pending,
980,Faenum,faenum,,Faenum dictum quod,"ium. [106] Zizania, quam poetae semper infelix lolium dicunt, quod sit inutile et infecundum. [107]",eo flamma nutritur; FOS enim flamma est. Manipulum dicimus fascem faeni: et dictum manipulum quod m,0.7,,pending,
981,vocabulo,vocabulo,,vocabulo appellatur A,"est enim summitas olerum vel arborum, in qua vegens virtus naturalis est. [5] Malva ex parte Graeco","PO TOUMALASSEIN, eo quod molliendi alvum solvendique naturam habeat. Cuius sucus, si quis se oleo mi",0.7,,pending,
982,Pastinaca,pastinaca,,Pastinaca vocata quod,s negatur feriri. Folia eius ex oleo trita et inposita scorpionibus creduntur afferre torporem. [6],"eius radix praecipuus pastus sit hominis: est enim odoratu iucunda, cibo delectabilis. [7] Rapa dic",0.75,,pending,
983,Lactuca,lactuca,,Lactuca dicta est quod,contra acceptum venenum. Vnde et apud veteres ante alias epulas haec solebant mensis adponere. [11],"abundantia lactis exuberet, seu quia lacte nutrientes feminas inplet. Haec et in viris Veneris usum",0.7,,pending,
984,Alium,alium,,Alium dictum quod,"3] Ascalonia nuncupata ex una urbium Palaestinae quae Ascalon dicitur, unde prius advecta est. [14]","oleat. Vlpicum appellatum quod alii odorem habeat. Phaselos vocari aiunt a Phaselo insula Graeciae,",0.7,,pending,
985,Apium,apium,,Apium dictum quod,"ra agrestis, acrioris virtutis; utraque tamen Veneris commovent usum. XI. DE ODORATIS OLERIBVS. [1]","eo apex, id est caput, antiquorum triumphantium coronabatur. Hercules autem hanc herbam primus capi",0.7,,pending,
986,Hipposelinon,hipposelinon,,Hipposelinon dictum quod,"Graece apium dicitur. Sed est summum ac probabile Macedonicum, gustu suave et odore aromatico. [3]","sit durum et austerum. Oleoselinon, quod mollius folio et caule tenerum. [4] Feniculum Latini vocan",0.7,,pending,
987,Ruta,ruta,,Ruta dicta quod,"dederis, amentiam nutrit. Canos etiam ex coriandro infici traditum est. Abrotanum. Caerefolium. [8]",sit ferventissima. Cuius altera agrestis atque virtute acrior; sed utraque ferventissimae conproban,0.7,,pending,
988,bellum,bellum,,bellum vocatur quod,"stationem, quam terra marique diu egerant, mira celeritate conpressit ac superavit. [6] Sicut autem","contra hostes agitur, ita tumultus quod civili seditione concitatur. Nam seditio est dissensio civi",0.75,,pending,
989,Victoria,victoria,,Victoria dicta quod,"dies otia. II. DE TRIVMPHIS. [1] Omne regnum saeculi huius bellis quaeritur, victoriis propagatur.","vi, id est virtute, adipiscatur. Hoc est enim ius gentium, vim vi expellere. Nam turpis est dolo qu",0.7,,pending,
990,transvenas,transvenas,,transvenas in Etruria,"icra nuncupata, quod in ludis gerantur aut in cenis. [2] Ludorum origo sic traditur: Lydios ex Asia","consedisse duce Tyrreno, qui fratri suo cesserat regni contentione. Igitur in Etruria inter ceteros",0.7,,pending,
991,Igitur,igitur,,Igitur in Etruria,"s ex Asia transvenas in Etruria consedisse duce Tyrreno, qui fratri suo cesserat regni contentione.",inter ceteros ritus superstitionum suarum spectacula quoque religionis nomine instituerunt. Inde Ro,0.7,,pending,
992,gladiatorium,gladiatorium,,gladiatorium dictum quod,"II. DE AMPHITHEATRO. [1] Amphitheatrum locus est spectaculi, ubi pugnant gladiatores. Et inde ludum","in eo iuvenes usum armorum diverso motu condiscant, et modo inter se aut gladiis aut pugnis certant",0.7,,pending,
993,nomen,nomen,,nomen vocatur quod,"nisterium exhibent, atque aliquid huiuscemodi deinceps ex parte notanda studui. [2]Artifex generale","artem faciat, sicut aurifex qui aurum [facit]. Faxo enim pro facio antiqui dicebant. [3] Nauclerus",0.75,,pending,
994,Fundamentum,fundamentum,,Fundamentum dictum quod,"t instaurare dicebant. [2] Constat autem constructio fundamento, lapidibus, calce, arena et lignis.","fundus sit aedificii. Idem et caementum a caedendo dictum, quod caeso crasso lapide surgat. [3] Lap",0.7,,pending,
995,Capitolia,capitolia,,Capitolia dicta quod,positae fabricae sustinent pondus. [23] Basis autem nomen petrae est fortissimae Syro sermone. [24],"sint columnarum capita, quasi super collum caput. Epistolia sunt, quae super capitella columnarum p",0.7,,pending,
996,Rubrica,rubrica,,Rubrica vocata quod,"inde nomen a Sinope urbe accepit. Species eius tres: rubra et minus rubens, et inter has media. [4]","sit rubra et sanguineo proxima. Haec plurimis locis gignitur, sed optima Ponto; unde et Pontica dic",0.75,,pending,
997,Atramentum,atramentum,,Atramentum dictum quod,"purpurariis officinis, spuma in aereis cortinis innatans, quam infectores detrahentes siccant. [17]","sit atrum, cuius species et picturae et cottidiano usui necessaria est; iste inter facticios est. F",0.7,,pending,
998,Melinum,melinum,,Melinum dictum quod,rit. [20] Omne autem atramentum sole perficitur: omnes colores calcis admixtione conrumpuntur. [21],"eius metalli ferax sit una ex Cycladibus insula Melos nomine. Est enim candidum, nec utuntur eum pi",0.7,,pending,
999,Regula,regula,,Regula dicta quod,rassitudine politas extremis cacuminibus sibi iungit ut schemam trigoni faciant. Id erit norma. [2],"sit recta, quasi rectula, et inpedimentum non habeat. Perpendiculum est quod semper adpenditur. Den",0.7,,pending,
1000,Scobina,scobina,,Scobina dicta quod,"quod ut vermis terendo forat, quasi terefora; vel quasi transforans. Taratrum, quasi teratrum. [15]","haerendo scobem faciat. Cant[h]erium. Guvia, XX. DE INVENTIONE LANIFICII. [1] Minervam quandam gent",0.7,,pending,
1001,antiquissima,antiquissima,,antiquissima appellata quia,"ntur, pro eo quod eisdem iuvenes, qui nudi exercentur in campo, pudenda operiunt. [6] Tonica vestis","in motu incedentis sonum facit; tonus enim sonus est. Primum autem fuere pelliciae tunicae, quibus",0.7,,pending,
1002,Lumbare,lumbare,,Lumbare vocatur quod,"hoc utebantur. Levitonarium est colobium lineum sine manicis, quale Aegyptii monachi utuntur. [25]","lumbis religetur, vel quod lumbis haereat. Hoc in Aegypto et Syria non tantum feminae sed et viri u",0.75,,pending,
1003,vulgo,vulgo,,vulgo vocata quod,"textura eius ligata sit in totum; quasi diceret liginum, C pro G littera commutata. [28] Armilausa","ante et retro divisa atque aperta est, in armos tantum clausa; quasi armiclausa, C littera ablata.",0.75,,pending,
1004,Toga,toga,,Toga dicta quod,"ui ex una parte induitur, neque consuitur, sed fibula infrenatur. Hinc et Graece nomen accepit. [3]","velamento sui corpus tegat atque operiat. Est autem pallium purum forma rotunda et fusiore, et quas",0.7,,pending,
1005,autem,autem,,autem dicta quod,nitio procedebant. Hanc primum Romulus adinvenisse perhibetur ad discretionem regii habitus. Trabea,"in maiori gloria hominem transbearet, hoc est ultra et in posterum ampliori dignitate honoris beatu",0.7,,pending,
1006,Graece,graece,,Graece vocatur quod,"perimentum, quod cooperto capite et scapula a dextro latere in laevum humerum mittitur: stola autem",superemittatur. [4] Idem et ricinium Latino nomine appellatum eo quod dimidia eius pars retro reici,0.75,,pending,
1007,Tapeta,tapeta,,Tapeta dicta quod,"ocatae quod calcentur, id est farciantur, pluma sive tomento, quo molliores calidioresque sint. [5]","pedibus primum strarentur, quasi tapedia. Sipla tapetaexuna parte villosa, quasi simpla. Amphitapa",0.7,,pending,
1009,Tinctura,tinctura,,Tinctura vocata quia,"lacium est stuppa et quasi crassedo serici, et est Graecum nomen. XXVIII. DE COLORIBVS VESTIVM. [1]","tinguitur et in aliam fucata speciem nitoris gratia coloratur. KOKKON Graeci, nos rubrum seu vermic",0.75,,pending,
1010,vulgo,vulgo,,vulgo vocatur quod,"em et per munile omnia ornamenta matronarum significantur, quidquid illis munere datur. [14] Murena",scilicet auri metallo in virgulis lentescente quaedam ordinis flexuosi catena contexitur in similit,0.75,,pending,
1011,Vitta,vitta,,Vitta dicta quod,"a fascia quod in modum fasciculi corpus alligat. Hinc et fasciolae, quibus vulnera conligantur. [7]",ea pectus vincitur instar vitis ligantis. Limbus est quam nos ornaturam dicimus. [8] Fasciola est q,0.7,,pending,
1012,calciamenta,calciamenta,,calciamenta dicta quod,"alciamenta non possunt, quas Graeci KALOPODAS dicunt: fiebant autem prius ex salice tantum. Hinc et","in calo, id est ligno, fiant; vel quod calcentur. [3] Crepidas Graeci ante repertas usi sunt. Est a",0.7,,pending,
1013,Pulpa,pulpa,,Pulpa dicta quod,scitur et silescit. [27] Frustum vocatum quod capiatur a frumine; est enim frumen summa pars gulae.,cum pulte olim mixta vescebatur. Vnde et pulmentarium et pulmentum dictum. [28] Lucanicae dictae qu,0.7,,pending,
1014,inde,inde,,inde dictum quod,"tusta, ut vinum, sed statim sublata de flumine et fonte vel puteo; fetescit enim vetusta. [2] Vinum","eius potus venas sanguine cito repleat. Hoc alii, quod nos cura solvat, Lyaeum appellant. Veteres v",0.7,,pending,
1015,Defrutum,defrutum,,Defrutum dictum est quod,"rit. Dicitur autem passum a patiendo: nam percutitur uva siccior et decoquitur, et inde fit passum.","defrudatur, et quasi fraudem patiatur. [15] Carenum, eo quod fervendo partem careat; tertia enim pa",0.7,,pending,
1016,Fictilia,fictilia,,Fictilia dicta quod,"] Vasa dicta a vescendo, quad in ea escae adponantur. Cuius diminutivum vascula, quasi vescula. [2]","fiant et fingantur ex terra. Fingere enim est facere, formare et plasmare, unde et figuli dicuntur.",0.7,,pending,
1017,Arca,arca,,Arca dicta quod,"a Persa et Graeca; gaza enim lingua Persarum thesaurum, FULAKION Graece custodia interpretatur. [2]","arceat visum atque prohibeat. Hinc et arcivum, hinc et arcanum, id est secretum, unde ceteri arcent",0.7,,pending,
1018,Involucrum,involucrum,,Involucrum dictum quod,"um paulo inflectuntur propter Romanum eloquium. [6] Sitarciae nautarum sunt, ab eo quod sutae sunt.","aliquid in se teneat involutum. [7] Fiscus sacculus est publicus, unde et fiscellae et fiscinae dic",0.7,,pending,
1019,Fax,fax,,Fax dicta quod,"dicebantur. [6] Lampas flamma est in vertice lucens, dicta quod lambentis motum ostendere videatur.",focos faciat: cuius diminutivum facula. [7] Lanterna inde vocatur quod lucem interius habeat clausa,0.7,,pending,
1021,autem,autem,,autem dicta quod,"ICVLIS. [1] Carrum a cardine rotarum dictum; unde et currus dicti, quod rotas habere videntur. Rota",ruat; et rotundum a rota vocatum. [2] Reda genus vehiculi quattuor rotarum. Has antiqui retas diceb,0.7,,pending,
1022,Clavis,clavis,,Clavis dicta quod,adhibita calefacit et intorquet capillos. [5] Vnde et calamistrati appellantur qui comam torquent.,"claudat et aperiat. Catenatum, quod capiendo teneat. Horologia, quod ibi horas legamus, id est coll",0.7,,pending,
1023,Rota,rota,,Rota dicta quod,"quasi fiscolum, a colando oleum dictum, vel quasi fiscella olei. XV. DE INSTRVMENTIS HORTORVM. [1]","quasi ruat: est enim machina de qua e flumine aqua extrahitur. Lucretius (5,517): In fluvio versare",0.7,,pending,
1024,Frena,frena,,Frena dicta quod,Sarculus. XVI. DE INSTRVMENTIS EQVORVM. [1] Phalerae ornamenta equorum sunt; et est sermo Graecus.,"equos fremere cogant, vel quod haec equi frendant [id est inprimant] dentibus et obmordeant. Vnde e",0.7,,pending,
1025,inde,inde,,inde dictum quod,"tusta, ut vinum, sed statim sublata de flumine et fonte vel puteo; fetescit enim vetusta. [2] Vinum","eius potus venas sanguine cito repleat. Hoc alii, quod nos cura solvat, Lyaeum appellant. Veteres v",0.7,,pending,
1026,Defrutum,defrutum,,Defrutum dictum est quod,"rit. Dicitur autem passum a patiendo: nam percutitur uva siccior et decoquitur, et inde fit passum.","defrudatur, et quasi fraudem patiatur. [15] Carenum, eo quod fervendo partem careat; tertia enim pa",0.7,,pending,
1027,Fictilia,fictilia,,Fictilia dicta quod,"] Vasa dicta a vescendo, quad in ea escae adponantur. Cuius diminutivum vascula, quasi vescula. [2]","fiant et fingantur ex terra. Fingere enim est facere, formare et plasmare, unde et figuli dicuntur.",0.7,,pending,
1028,Arca,arca,,Arca dicta quod,"a Persa et Graeca; gaza enim lingua Persarum thesaurum, FULAKION Graece custodia interpretatur. [2]","arceat visum atque prohibeat. Hinc et arcivum, hinc et arcanum, id est secretum, unde ceteri arcent",0.7,,pending,
1029,Involucrum,involucrum,,Involucrum dictum quod,"um paulo inflectuntur propter Romanum eloquium. [6] Sitarciae nautarum sunt, ab eo quod sutae sunt.","aliquid in se teneat involutum. [7] Fiscus sacculus est publicus, unde et fiscellae et fiscinae dic",0.7,,pending,
1030,autem,autem,,autem dicta quod,"ICVLIS. [1] Carrum a cardine rotarum dictum; unde et currus dicti, quod rotas habere videntur. Rota",ruat; et rotundum a rota vocatum. [2] Reda genus vehiculi quattuor rotarum. Has antiqui retas diceb,0.7,,pending,
1031,Clavis,clavis,,Clavis dicta quod,adhibita calefacit et intorquet capillos. [5] Vnde et calamistrati appellantur qui comam torquent.,"claudat et aperiat. Catenatum, quod capiendo teneat. Horologia, quod ibi horas legamus, id est coll",0.7,,pending,
1032,Rota,rota,,Rota dicta quod,"vi humum eruat, seu ab evomendo terram. De quo Lucretius (1,314): XV. DE INSTRVMENTIS HORTORVM. [1]","quasi ruat: est enim machina de qua e flumine aqua extrahitur. Lucretius (5,517): XVI. DE INSTRVMEN",0.7,,pending,
1033,Frena,frena,,Frena dicta quod,"s (5,517): XVI. DE INSTRVMENTIS EQVORVM. [1] Phalerae ornamenta equorum sunt; et est sermo Graecus.","equos fremere cogant, vel quod haec equi frendant [id est inprimant] dentibus et obmordeant. Vnde e",0.7,,pending,
1034,Ligea,ligea,,Ligea appellata ab,atris natu maximi urbem uocauerunt. 9 Mox in Bruttiis ab Vlixe. extructum templum Mineruae. Insula *,"*eiecto ibi corpore Sirenis ita nominatae; Parthenope a Parthenopae Sirenis sepulcro, quam Augustus",0.7,,pending,
1035,solifuga,solifuga,,solifuga dicta quod,"ntibus. 3 Sed quod aliis locis serpens, hoc solifuga Sardis agris, animal *perexiguum aranei forma,","diem fugiat. In metallis argentariis plurima est, nam solum illud argenti diues est; occultim repta",0.7,,pending,
1036,Ligea,ligea,,Ligea appellata ab,fratris natu maximi urbem vocaverunt. mox in Bruttiis ab Ulixe. extructum templum Minervae. insula,"eiecto ibi corpore Sirenis ita nominatae: Parthenope a Parthenopae Sirenis sepulcro, quam Augustus",0.7,,pending,
1037,solifuga,solifuga,,solifuga dicta quod,"rpentibus. sed quod aliis locis serpens, hoc solifuga Sardis agris, animal perexiguum aranei forma,","diem fugiat. in metallis argentariis plurima est, nam solum illud argenti dives est: occultim repta",0.7,,pending,
1039,genus,genus,,genus ab Etruscis,derant eum secutum numerum putant. me haud paenitet eorum sententiae esse quibus et apparitores hoc,"finitimis, unde sella curulis, unde toga praetexta sumpta est, et numerum quoque ipsum ductum place",0.75,,pending,
1040,finitimis,finitimis,,ab Etruscis finitimis,eum secutum numerum putant. me haud paenitet eorum sententiae esse quibus et apparitores hoc genus,", unde sella curulis, unde toga praetexta sumpta est, et numerum quoque ipsum ductum placet, et ita",0.7,,pending,
1041,non,non,,non in Etruria,"ervitiorum utique et plebis esset, ni consules providissent dimissis passim ad frumentum coemendum,","m modo dextris ab Ostia litoribus laevoque per Volscos mari usque ad Cumas, sed quaesitum in Sicilia",0.7,,pending,
1042,Trepidatum,trepidatum,,Trepidatum in Etruria,lacet: Tubero incertus veri est. Sit inter cetera vetustate cooperta hoc quoque in incerto positum.,"est post Fidenas captas, non Veientibus solum exterritis metu similis excidii, sed etiam Faliscis m",0.7,,pending,
1043,timentes,timentes,,timentes in Etruria,ominum pecorumque pernicie accepta. Famem quoque ex pestilentia morbo implicitis cultoribus agrorum,"m Pomptinumque agrum et Cumas, postremo in Siciliam quoque frumenti causa misere. Consularium comiti",0.7,,pending,
1044,et,et,,et in Etruria,"ia ante provisum erat, periculum fuit. Consilia ad movenda bella in Volscorum Aequorumque conciliis",ad fanum voltumnae agitata. Ibi prolatae in annum res decretoque cautum ne quod ante concilium fier,0.7,,pending,
1045,frons,frons,,frons in Etruria,"uniebant ut ancipitia munimenta essent: alia in urbem et contra oppidanorum eruptiones versa, aliis","m spectans, auxiliis si qua forte inde venirent obstruebatur. [ 2] Cum spes maior imperatoribus Roma",0.7,,pending,
1046,sed,sed,,sed in Etruria,"runt; castella primo pauca, postea exercitu aucto creberrima fecerunt; munitiones non in urbem modo","m etiam spectantes si qua auxilia veniant, opposuere; quid turres, quid vineas testudinesque et aliu",0.7,,pending,
1047,nequiquam,nequiquam,,nequiquam in Etruria,"pugnabit, nisi auxilio hostibus tribuni plebis fuerint, et Romae invenerint praesidia Veientes quae","quaerunt. ""An est quicquam quod Veientibus optatum aeque contingere possit quam ut seditionibus pri",0.7,,pending,
1048,auxilia,auxilia,,auxilia ab Etruscis,"modestia est ut non obsidionis taedio, non denique regni, quicquam apud eos novatum sit, non negata","inritaverint animos; morietur enim extemplo quicumque erit seditionis auctor, nec cuiquam dicere ea",0.75,,pending,
1049,inritaverint,inritaverint,,ab Etruscis inritaverint,"est ut non obsidionis taedio, non denique regni, quicquam apud eos novatum sit, non negata auxilia","animos; morietur enim extemplo quicumque erit seditionis auctor, nec cuiquam dicere ea licebit quae",0.7,,pending,
1050,agrosque,agrosque,,agrosque ab Etruscis,Eam gentem traditur fama dulcedine frugum maximeque vini nova tum voluptate captam Alpes transisse,ante cultos possedisse; et invexisse in Galliam vinum inliciendae gentis causa Arruntem Clusinum ir,0.75,,pending,
1051,ante,ante,,ab Etruscis ante,em traditur fama dulcedine frugum maximeque vini nova tum voluptate captam Alpes transisse agrosque,cultos possedisse; et invexisse in Galliam vinum inliciendae gentis causa Arruntem Clusinum ira cor,0.7,,pending,
1052,quid,quid,,quid in Etruria,estarent. Quodnam id ius esset agrum a possessoribus petere aut minari arma Romanis quaerentibus et,"rei Gallis esset, cum illi se in armis ius ferre et omnia fortium virorum esse ferociter dicerent,",0.7,,pending,
1054,invenere,invenere,,ab Etruscis invenere,ores Valerio in Volscos missi. Profecti ab urbe Sutrium Furius et Valerius partem oppidi iam captam,", ex parte altera intersaeptis itineribus aegre oppidanos vim hostium ab se arcentes. Cum Romani aux",0.7,,pending,
1056,fidemque,fidemque,,ab Etruscis fidemque,rum prodente civitatem facta erat deditio; mitti tamen ad principes eorum placuit ut secernerent se,quam implorassent ab Romanis ipsi praestarent. Unde cum responsum allatum esset nihil suae potestat,0.7,,pending,
1057,ister,ister,,ister Tusco verbo,"a voce motus erant. Accepta itaque res saepiusque usurpando excitata. Vernaculis artificibus, quia","ludio vocabatur, nomen histrionibus inditum; qui non, sicut ante, Fescennino versu similem incompos",0.85,,pending,
1058,ludio,ludio,,Tusco verbo ludio,"e motus erant. Accepta itaque res saepiusque usurpando excitata. Vernaculis artificibus, quia ister","vocabatur, nomen histrionibus inditum; qui non, sicut ante, Fescennino versu similem incompositum t",0.85,,pending,
1059,omne,omne,,omne nomen Etruscum,"everterunt, militaribus iocis cum apparatum hostium tum suum increpantes pavorem. Concitatur deinde",et Tarquiniensibus Faliscisque ducibus ad Salinas perveniunt. Aduersus eum terrorem dictator C. Mar,0.8,,pending,
1060,annos,annos,,annos in Etruria,nominis urbano prope dilectu decem scribebantur legiones; quaterni quinique exercitus saepe per eos,", in Umbria Gallis hostibus adiunctis, in Samnio, in Lucanis gerebat bellum. Latium deinde omne cum",0.7,,pending,
1061,fuere,fuere,,apud Etruscos fuere,"s haud dubie, nisi ultro arma Etrusci inferrent. Eadem in comparando cohibendoque bello consilia et",; neutri finibus egressi. Et censura clara eo anno Ap. Claudi et C. Plauti fuit; memoriae tamen feli,0.85,,pending,
1062,clamor,clamor,,clamor ab Etruscis,"ius sol meridie se inclinavit quam telum hinc aut illinc emissum est: inde, ne infecta re abiretur,",oritur concinuntque tubae et signa inferuntur. Nec segnius a Romanis pugna initur. Concurrunt infen,0.75,,pending,
1063,oritur,oritur,,ab Etruscis oritur,"meridie se inclinavit quam telum hinc aut illinc emissum est: inde, ne infecta re abiretur, clamor",concinuntque tubae et signa inferuntur. Nec segnius a Romanis pugna initur. Concurrunt infensis ani,0.7,,pending,
1064,Sutrium,sutrium,,Sutrium ab Etruscis,"io fuerunt; summaque invidia omnium ordinum solus censuram gessit. [ 35] Dum ea Romae geruntur, iam",obsidebatur consulique Fabio imis montibus ducenti ad ferendam opem sociis temptandasque munitiones,0.75,,pending,
1065,obsidebatur,obsidebatur,,ab Etruscis obsidebatur,"nt; summaque invidia omnium ordinum solus censuram gessit. [ 35] Dum ea Romae geruntur, iam Sutrium","consulique Fabio imis montibus ducenti ad ferendam opem sociis temptandasque munitiones, si qua pos",0.7,,pending,
1066,haec,haec,,haec in Etruria,"ant, legati pacem foedusque ab Romanis petentes indutias in triginta annos impetraverunt. [ 38] Dum","geruntur, consul alter C. Marcius Rutulus Allifas de Samnitibus vi cepit. Multa alia castella viciq",0.7,,pending,
1068,anno,anno,,anno ab Etruscis,adversus Umbros missa a flumine Narnia appellata; exercitus cum magna praeda Romam reductus. Eodem,adversus indutias paratum bellum; sed eos alia molientes Gallorum ingens exercitus fines ingressus,0.75,,pending,
1069,adversus,adversus,,ab Etruscis adversus,rsus Umbros missa a flumine Narnia appellata; exercitus cum magna praeda Romam reductus. Eodem anno,indutias paratum bellum; sed eos alia molientes Gallorum ingens exercitus fines ingressus paulisper,0.7,,pending,
1070,extemplo,extemplo,,extemplo in Etruria,"ere, ut patres ab iubendo dictatore deterruerint, quem senatus dictatorem dici iussurus fuerat. Tum",m ad legiones proficisci iussit. Adventus eius compressit Etruscos adeo ut nemo extra munimenta egre,0.7,,pending,
1071,eos,eos,,eos in Etruria,"endio venisse, et confestim secuturos, vel si ad ipsam Romanam urbem oppugnandam ducant. [ 17] Haec","iactantes molientesque bellum domi Romanum urebat. Nam P. Decius, ubi comperit per exploratores pro",0.7,,pending,
1072,Romanis,romanis,,Romanis in Etruria,"mni: ei Samnium provinciam evenisse. [ 18] Dum ea in Samnio cuiuscumque ductu auspicioque geruntur,","interim bellum ingens multis ex gentibus concitur, cuius auctor Gellius Egnatius ex Samnitibus erat",0.7,,pending,
1073,tempore,tempore,,tempore in Etruria,"cunda ac tertia sociorumque milibus quindecim profectus in Samnium esset, Ap. Claudium primo quoque","m ire placuit. Duae Romanae legiones secutae, prima et quarta, et sociorum duodecim milia; castra ha",0.7,,pending,
1074,copiis,copiis,,copiis in Etruria,"issum eo cum vetere exercitu, compresserat. Decio populandos hostium agros relinquit, ipse cum suis",m ad collegam pergit. Quem advenientem laeti omnes accepere: Appium ex conscientia sua credo animum,0.7,,pending,
1076,gestae,gestae,,gestae in Etruria,"des incidisset, desertori magis quam deserto noxae fore; eo rem adductam ut omne rei bene aut secus",decus dedecusque ad L. Volumnium sit delegatum; neminem quaesiturum quae verba Appi sed quae fortun,0.7,,pending,
1078,rebus,rebus,,rebus in Etruria,"i extra sortem mandetur, quin alter consul pro supervacaneo atque inutili habeatur? gloriari Fabium","gestis; velle et P. Decium gloriari; et forsitan, quem ille obrutum ignem reliquerit, ita ut totien",0.7,,pending,
1079,tempore,tempore,,tempore in Etruria,us quinque milia peditum equitumque cum Fabio venisse. Sibi placere P. Decium consulem primo quoque,"m ad collegam proficisci, L. Volumnio Samnium provinciam dari; si consul malit in suam provinciam ir",0.7,,pending,
1080,Volumnium,volumnium,,Volumnium in Etruria,"d collegam proficisci, L. Volumnio Samnium provinciam dari; si consul malit in suam provinciam ire,","m ad consulem cum exercitu iusto consulari proficisci. Cum magnam partem moveret oratio praetoris, P",0.7,,pending,
1081,quantum,quantum,,quantum in Etruria,"ommodum rei publicae posset, Romam venisset vel aliquem ex legatis misisset, a quo disceret senatus","belli esset quantisque administrandum copiis et quot per duces esset. [ 26] Fabius, ut Romam rediit",0.7,,pending,
1083,profectos,profectos,,profectos in Etruria,riumphusque non bellum decretum consulibus videretur. Invenio apud quosdam extemplo consulatu inito,m Fabium Deciumque sine ulla mentione sortis provinciarum certaminumque inter collegas quae exposui.,0.7,,pending,
1084,consules,consules,,consules in Etruria,tur. Constare res incipit ex eo tempore quo profecti ambo consules ad bellum sunt. Ceterum antequam,"m pervenirent, Senones Galli multitudine ingenti ad Clusium venerunt legionem Romanam castraque oppu",0.7,,pending,
1085,Et,et,,Et in Etruria,nde omnium aliarum rerum cura Fabius collegae funus omni honore laudibusque meritis celebrat. [ 30],per eosdem dies ab Cn. Fulvio propraetore res ex sententia gesta et praeter ingentem inlatam popula,0.7,,pending,
1086,relicto,relicto,,relicto in Etruria,"ernum montem compulsum, non deterritus iniquitate loci, fundit fugatque. Q. Fabius Deciano exercitu","e praesidio, suis legionibus deductis ad urbem de Gallis Etruscisque ac Samnitibus triumphavit. Mili",0.7,,pending,
1088,Fabius,fabius,,Fabius in Etruria,olturno adiacent flumini descendere. Adversus eos Ap. Claudius praetor cum exercitu Deciano missus.,"rebellante denuo quattuor milia et quingentos Perusinorum occidit, cepit ad mille septingentos quad",0.7,,pending,
1089,bellum,bellum,,bellum in Etruria,"capta amplius duo milia hominum, minus duo milia circa muros caesa. Pax tamen clarior maiorque quam","eo anno fuerat parta est. Tres validissimae urbes, Etruriae capita, Volsinii, Perusia, Arretium, pa",0.7,,pending,
1090,Samnio,samnio,,Samnio in Etruria,"pe impetrandi petisset videretque alios quod tardius ab urbe exisset, alios quod iniussu senatus ex","m transisset, partim suos inimicos, partim collegae amicos ad solacium aequatae repulsae sibi quoque",0.7,,pending,
1091,Atilio,atilio,,Atilio in Etruria,o captis aliquot urbibus in Apulia fusum fugatumque saucium ipsum cum paucis Luceriam compulsum: ab,res gestas eumque triumphasse. Fabius ambo consules in Samnio et ad Luceriam res gessisse scribit t,0.7,,pending,
1092,traductumque,traductumque,,traductumque in Etruria,a res gestas eumque triumphasse. Fabius ambo consules in Samnio et ad Luceriam res gessisse scribit,m exercitum —sed ab utro consule non adiecit—et ad Luceriam utrimque multos occisos inque ea pugna I,0.7,,pending,
1093,Samnio,samnio,,Samnio in Etruria,s ex auctoritate patrum iussu populi bellum Faliscis indictum est iussique consules sortiri uter ex,"m cum exercitu transiret. Iam Carvilius Veliam et Palumbinum et Herculaneum ex Samnitibus ceperat, V",0.7,,pending,
1094,consul,consul,,consul in Etruria,"in agrum Vescinum, quia regio ea infesta ab Samnitibus erat, hibernatum duxit. Inter haec Carvilius","Troilum primum oppugnare adortus quadringentos septuaginta ditissimos, pecunia grandi pactos ut abi",0.7,,pending,
1095,hibernis,hibernis,,hibernis in Etruria,"m intolerabilia frigora erant, quies militi data est; et ad prima ac dubia signa veris profectus ex","m ducit, eam quoque gentem, sicut Gallos Liguresque, aut vi aut voluntate adiuncturus. Transeuntem A",0.7,,pending,
1096,praetore,praetore,,praetore in Etruria,"aesidiique quod ibi obsideretur cura est. C. Seruilius legatus, ex auctoritate patrum a P. Cornelio","m ad frumentum coemendum missus, cum aliquot nauibus onustis in portum Tarentinum inter hostium cust",0.7,,pending,
1097,Iunio,iunio,,Iunio in Etruria,ta inclinatura rursus animos uidebatur ad ueteris imperii respectum. et praetoribus prioris anni M.,", P. Sempronio in Gallia cum binis legionibus quas habuerant prorogatum est imperium. prorogatum et",0.7,,pending,
1098,qui,qui,,qui in Etruria,lius praefuisset Siciliamque prouinciam cum L. Cincio praetore obtineret. exercitus eis duo decreti,"Galliaque essent; eae quattuor erant legiones; urbanae duae superioris anni in Etruriam, duae quibu",0.7,,pending,
1100,Aquilius,aquilius,,Aquilius in Etruria,"rsae occupabant cogitationes hominum, ne Tarentinae quidem arcis excidit memoria. M. Ogulnius et P.","m legati ad frumentum coemendum quod Tarentum portaretur profecti, et mille milites de exercitu urba",0.7,,pending,
1101,habuerat,habuerat,,habuerat in Etruria,"er equitum dictus. [ 6] Dictator postquam Romam uenit, C. Sempronium Blaesum legatum quem ad Capuam","m prouinciam ad exercitum misit in locum C. Calpurni praetoris, quem ut Capuae exercituique suo prae",0.7,,pending,
1102,quibus,quibus,,quibus in Etruria,"ta per prouincias diuisi: Fuluio duae legiones quas in Sicilia M. Ualerius Laeuinus haberet, Fabio,",C. Calpurnius praefuisset: urbanus exercitus ut in Etruriam succederet: C. Calpurnius eidem praeess,0.7,,pending,
1105,Apulia,apulia,,Apulia in Etruria,"s Marcellus consul designatus, qui rem inspiceret ac, si digna uideretur, exercitu accito bellum ex",m transferret. eo metu compressi Etrusci quieuerunt. Tarentinorum legatis pacem petentibus cum liber,0.7,,pending,
1106,praetore,praetore,,praetore in Etruria,T. Quincti praetoris fuerat cum una legione obtineret. prorogatum et C. Hostilio Tubulo est ut pro,m ad duas legiones succederet C. Calpurnio. prorogatum et L. Ueturio Philoni est ut pro praetore Gal,0.7,,pending,
1107,coepta,coepta,,coepta ab Etruscis,"um ab hoste nec receptum ab tergo circumuenti haberent, extrahi tamen diutius certamen potuisset ni",fuga pauorem ceteris iniecisset. non tamen omisere pugnam deserti ab Etruscis Fregellani donec inte,0.75,,pending,
1108,fuga,fuga,,ab Etruscis fuga,"oste nec receptum ab tergo circumuenti haberent, extrahi tamen diutius certamen potuisset ni coepta",pauorem ceteris iniecisset. non tamen omisere pugnam deserti ab Etruscis Fregellani donec integri c,0.7,,pending,
1109,deserti,deserti,,deserti ab Etruscis,certamen potuisset ni coepta ab Etruscis fuga pauorem ceteris iniecisset. non tamen omisere pugnam,Fregellani donec integri consules hortando ipsique ex parte pugnando rem sustinebant; sed postquam,0.75,,pending,
1110,Fregellani,fregellani,,ab Etruscis Fregellani,n potuisset ni coepta ab Etruscis fuga pauorem ceteris iniecisset. non tamen omisere pugnam deserti,donec integri consules hortando ipsique ex parte pugnando rem sustinebant; sed postquam uolneratos,0.7,,pending,
1111,Uarro,uarro,,Uarro in Etruria,. comitiis perfectis ludisque factis dictator et magister equitum magistratu abierunt. C. Terentius,m pro praetore missus ut ex ea prouincia C. Hostilius Tarentum ad eum exercitum iret quem T. Quincti,0.7,,pending,
1112,quique,quique,,quique in Etruria,"sus Hasdrubalem quem iam Alpibus adpropinquare fama erat, decreta; exercitum e duobus qui in Gallia","esset addito urbano eligeret quem mallet, qui Galliam esset sortitus: cui Bruttii prouincia eueniss",0.7,,pending,
1113,Terentius,terentius,,Terentius in Etruria,"essent, quattuor Hispania haberet, binas tres praetores, in Sicilia et Sardinia et Gallia, duas C.",", duas Q. Fuluius in Bruttiis, duas Q. Claudius circa Tarentum et Sallentinos, unam C. Hostilius Tub",0.7,,pending,
1114,alterum,alterum,,alterum in Etruria,"quanto exercitu id bellum geratur, in eorum potestate esse. duos exercitus Romanos, unum in Gallia,",esse; satis scire Sp. Lucretium se cum M. Liuio iuncturum; multa milia armanda esse ut duobus ducib,0.7,,pending,
1115,exercitum,exercitum,,exercitum in Etruria,"ius Tappulus; hi duo cum aediles plebis essent, praetores creati sunt. consul comitiis perfectis ad",m redit. Sacerdotes eo anno mortui atque in locum eorum suffecti: Ti. Ueturius Philo flamen Martiali,0.7,,pending,
1116,idem,idem,,idem in Etruria,"issimus; super haec bellicae quoque laudis consulatus compotem fecerat. quod in Bruttiis prouincia,","ac Liguribus decretum: M. Cornelius nouo consuli tradere exercitum iussus, ipse prorogato imperio G",0.7,,pending,
1118,legionibus,legionibus,,legionibus in Etruria,. Lentulus pro praetore habuisset decernitur. M. Seruilio prioris anni consuli cum suis duabus item,"prorogatum imperium est. quod ad Hispanias attineret, aliquot annos iam ibi L. Cornelium Lentulum e",0.7,,pending,
1120,Gallia,gallia,,Gallia in Etruria,exercitus consularis ab Arretio Ariminum transductus erat et quinque milia socium Latini nominis ex,m transierant. itaque L. Furius magnis itineribus ab Arimino aduersus Gallos Cremonam tum obsidentes,0.7,,pending,
1121,eo,eo,,eo in Etruria,"nciam uenisset, haud clam tulit iram aduersus praetorem quod absente se rem gessisset. misso igitur",m ipse in agrum hostium legiones induxit populandoque cum praeda maiore quam gloria bellum gessit. L,0.7,,pending,
1122,quod,quod,,quod in Etruria,hostium legiones induxit populandoque cum praeda maiore quam gloria bellum gessit. L. Furius simul,"nihil erat rei quod gereret, simul Gallico triumpho imminens quem absente consule irato atque inuid",0.7,,pending,
1123,propraetori,propraetori,,propraetori in Etruria,i magistratibus C. Laelio cum suo exercitu prorogatum in annum imperium est; prorogatum et P. Iunio,"cum eo exercitu, qui in prouincia esset, et M. Tuccio propraetori in Bruttiis et Apulia. [ 51 ] Pri",0.7,,pending,
1124,propraetor,propraetor,,propraetor in Etruria,"am perfugisse et intra triduum exspirasse. senatus ea re audita decreuit, uti P. Iunius Brutus, qui","esset, prouincia exercituque traditis uni, cui uideretur, ex legatis, ipse in ulteriorem Hispaniam",0.7,,pending,
1125,praetore,praetore,,praetore in Etruria,"spaniam proficisceretur, eaque ei prouincia esset. hoc senatus consultum litteraeque a Sp. Postumio","m missae sunt, profectusque in Hispaniam est P. Iunius propraetor. in qua prouincia prius aliquanto,",0.7,,pending,
1126,legatum,legatum,,legatum in Etruria,"lli auctores sequendi sunt, qui, cum L. Scipio et accusatus et damnatus sit pecuniae captae ab rege",fuisse Africanum tradunt; qua post famam de casu fratris adlatam relicta legatione cucurrisse eum R,0.7,,pending,
1127,ignobilis,ignobilis,,ignobilis in Etruria,paniam ulteriorem. consulibus ambobus quaestio de clandestinis coniurationibus decreta est. Graecus,"m primum uenit nulla cum arte earum, quas multas ad animorum corporumque cultum nobis eruditissima o",0.7,,pending,
1128,partim,partim,,partim in Etruria,em reversus prope totam Italiam in armis invenit sub iuvene Mario Mari filio; sed omnes eius copias,ad Sacriportum partim ad Collinam Portam prostravit et reliquias adversariorum [eorum] qui se deder,0.7,,pending,
1129,legerim,legerim,,apud Varronem legerim,"um fuisse et hodiernum esse. Quot autem saecula urbi Romae debeantur, dicere meum non est; sed quid",", non tacebo, qui libro antiquitatum duodevicensimo ait fuisse Vettium Romae in augurio non ignobile",0.85,,pending,
1132,partim,partim,,partim in Etruria,em reversus prope totam Italiam in armis invenit sub iuvene Mario Mari filio; sed omnes eius copias,ad Sacriportum partim ad Collinam Portam prostravit et reliquias adversariorum [eorum] qui se deder,0.7,,pending,
1133,philosophum,philosophum,,apud Varronem philosophum,"inione, uerum etiam doctorum uirorum auctoritate hoc miraculum de pueris confirmatur. (6) Memini me",", uirum accuratissime doctum atque eruditum, cum alia eiusdem modi, tum hoc etiam legere: Trallibus",0.85,,pending,
1134,Syro,syro,,Syro ex insula oriundu,"ot vices vitae, quae diis manibus pro merito suo cuique tormenta vel praemia. Quin etiam Pherecydes","s, qui primus versuum nexu repudiato conscribere ausus est passis verbis, soluto locutu, libera orat",0.7,,pending,
1135,modo,modo,,modo dictum est quod,sed sumitur essentia ab ente primo modo dicto. Unde Commentator in eodem loco dicit quod ens primo,"significat essentiam rei. Et quia, ut dictum est, ens hoc modo dictum dividitur per decem genera, o",0.7,,pending,
1136,sicut,sicut,,sicut dictum est quod,"quantum scilicet non praecidit designationem materiae, sed implicite, continet eam et indistincte,",genus continet differentiam; et ideo praedicatur hoc nomen homo de individuis. Sed hoc nomen humani,0.7,,pending,
1137,ideo,ideo,,ideo dictum est quod,quiditas vel natura seu forma sua. Unde oportet quod in intelligentiis sit esse praeter formam; et,intelligentia est forma et esse. Omne autem quod convenit alicui vel est causatum ex principiis nat,0.7,,pending,
1138,supra,supra,,supra dictum est quod,"ur sana, non a sanitate quae in ipsa sit, sed a sanitate animalis, quam significat. Similiter etiam","res denominantur verae a veritate intellectus. Unde si nullus intellectus esset aeternus, nulla ver",0.7,,pending,
1140,supra,supra,,supra dictum est quod,"telligendum secundum impossibilitatem absolutam, sed secundum impossibilitatem conditionatam: sicut","praedestinatum necesse est salvari, necessitate conditionata, quae non tollit libertatem arbitrii.",0.7,,pending,
1141,supra,supra,,supra dictum est quod,"natio falli possit. Ad tertium dicendum quod, cum praedestinatio includat divinam voluntatem, sicut","Deum velle aliquid creatum est necessarium ex suppositione, propter immutabilitatem divinae volunta",0.7,,pending,
1142,supra,supra,,supra dictum est quod,", procedit secundum rationem similitudinis, sicut etiam id quod procedit per modum naturae: et ideo","processio verbi divini est ipsa generatio per modum naturae. Amor autem, inquantum huiusmodi, non p",0.7,,pending,
1143,supra,supra,,supra dictum est quod,"uidam falso opinati sunt: nam relatio quam significat hoc nomen Pater, est subsistens persona. Unde",hoc nomen persona in divinis significat relationem ut subsistentem in divina natura. Ad secundum di,0.7,,pending,
1145,sicut,sicut,,sicut dictum est quod,"m est tota ratio existendi, et bonitatis alii, magis diligitur naturaliter tale alterum quam ipsum;",unaquaequae pars diligit naturaliter totum plus quam se. Et quodlibet singulare naturaliter diligit,0.7,,pending,
1147,autem,autem,,autem dictum est quod,ae. Respondeo dicendum quod habitus quodammodo est medium inter potentiam puram et purum actum. Iam,"nihil cognoscitur nisi secundum quod est actu. Sic ergo inquantum habitus deficit ab actu perfecto,",0.7,,pending,
1148,qui,qui,,qui appellatur a,digne abrogatos his cultus et honoris inpertitione viduatos? 4. Quod si non mentis elatio et typhus,"Graecis obstaret atque officeret vobis, iamdudum scire potuissetis, quid aut quare prohibuerit fier",0.7,,pending,
1149,tum,tum,,tum in Etruria,"ticens ostendit. Fuerat enim opinio, ut Catilina ex urbe profugerat in castra Manli centurionis qui","ad Faesulas exercitum ei comparabat, Clodium subsequi eum voluisse et coepisse, tum dein mutato con",0.7,,pending,
1150,solo,solo,,solo dictum est quod,"tuo dictum est hoc? cur de illo tantum dictum est quasi locus ubi esset, qui non est locus, de quo",sit donum tuum? in dono tuo requiescimus: ibi te fruimur. requies nostra locus noster. amor illuc a,0.7,,pending,
1151,putat,putat,,putat dicta quod,erpretatio ita verborum origo pro cuiusque ingenio iudicatur. Ecce enim 'verba' ipsa quispiam ex eo,"aurem quasi 'verberent'. Immo inquit alius quod aerem. Sed quid? Nostra non magna lis est, nam uter",0.7,,pending,
1152,laude,laude,,laude dictum est quod,"PTIS LEGIS HABITVS CARTHAGINE AD MENSAM SANCTI CYPRIANI domino deo nostro, cuius cultores sumus, in",am scripturarum loco: [omnia in mensura et numero et pondere disposuisti]. deinde apostolica doctrin,0.7,,pending,
1154,quippe,quippe,,quippe dictum est quod,"it; et quos uocauit, ipsos et iustificauit; quos autem iustificauit, ipsos et glorificauit. De illo","iustificet impium; de illo dictum est quod sit iustus et iustificans. Si ergo quos iustificauit, ip",0.7,,pending,
1155,illo,illo,,illo dictum est quod,"uos autem iustificauit, ipsos et glorificauit. De illo quippe dictum est quod iustificet impium; de","sit iustus et iustificans. Si ergo quos iustificauit, ipsos et glorificauit, qui iustificat ipse et",0.7,,pending,
1156,ergo,ergo,,ergo dictum est quod,udicat quemquam. Secundum hoc enim quod aequalem pater genuit filium iudicat cum illo. Secundum hoc,in iudicio non forma dei sed forma filii hominis apparebit. Non quia non iudicabit qui dedit omne i,0.7,,pending,
1157,qui,qui,,qui appellatur a,"ium non receperunt, quamuis ex auditu in nobis facta sit, non tamen ad eum sensum corporis pertinet","uditus quoniam non est sonus, nec ad oculos huius carnis quoniam non est color aut corporis forma, n",0.7,,pending,
1158,illo,illo,,illo dictum est quod,ctus est illi. Nec ita ut aliquando esse desistat aut coeperit; immortalis est enim. Nec frustra de,solus habeat immortalitatem. Nam immortalitas eius uere immortalitas est in cuius natura nulla est,0.7,,pending,
1160,enim,enim,,enim dictum est quod,"uia dictum est de illo: Non enim loquetur a semetipso, sed quaecumque audiet loquetur; secundum hoc","de patre procedit. Cum uero et filius de patre sit et spiritus sanctus a patre procedat, cur non am",0.7,,pending,
1163,qui,qui,,qui appellatur A,", D equites transportabat biduoque et noctibus tribus navigatione consumptis appellit ad eum locum,",nquillaria. Hic locus abest a Clupeis passuum XXII milia habetque non incommodam aestate stationem e,0.7,,pending,
1165,legerim,legerim,,apud Varronem legerim,"um fuisse et hodiernum esse. Quot autem saecula urbi Romae debeantur, dicere meum non est; sed quid",", non tacebo, qui libro antiquitatum duodevicensimo ait fuisse Vettium Romae in augurio non ignobile",0.85,,pending,
1166,Romanum,romanum,,Romanum in Etruria,"videri, sed iam me ipse inertiae nequitiaeque condemno. [ 5 ] Castra sunt in Italia contra populum","e faucibus conlocata, crescit in dies singulos hostium numerus; eorum autem castrorum imperatorem du",0.7,,pending,
1169,Stilbwn,stilbwn,,Stilbwn appellatur a,"or, diebus minus eundem lustrat orbem quem duae superiores, infra hanc autem stella Mercuri est (ea","Graecis), quae anno fere vertenti signiferum lustrat orbem neque a sole longius umquam unius signi",0.7,,pending,
1170,certe,certe,,certe in Etruria,"s auctoritas? Nobiscum nec animo certe est nec corpore. Si autem aut domi est aut non longe a domo,","est, id est in via. Quis igitur mihi praestat Lentonem uno capite esse contentum? Dic mihi praetere",0.7,,pending,
1172,eo,eo,,eo appellatur quia,"nes singulos esse voluerunt, quorum ipsum nomen vim suae potestatis indicat. nam dictator quidem ab","dicitur, sed in nostris libris vides eum Laeli magistrum populi appellari.' (Laelius) 'video' inqui",0.7,,pending,
1173,volgo,volgo,,volgo appellatur a,"Veneriis voluptatibus, sic flagitiosi, qui eas inflammato animo concupiscunt. Totus vero iste, qui","mor - nec hercule invenio, quo nomine alio possit appellari -, tantae levitatis est, ut nihil videam",0.7,,pending,
1174,testibus,testibus,,testibus dictum quod,mnibus nullum esset in quo quisquam vestrum perpetuam accusationem requireret. Nego esse quicquam a,aut vestrum cuipiam esset obscurum aut cuiusquam oratoris eloquentiam quaereret. Etenim sic me ipsu,0.7,,pending,
1176,qui,qui,,qui appellatur A,dae Leptogeneseos apocryphus Centonem de Christo virgilianis conpaginatum versibus apocryphum Liber,ctus Theclae et Pauli apocryphus Liber qui appellatur Nepotis apocryphus Liber Proverbiorum ab heret,0.7,,pending,
1179,eorum,eorum,,eorum in Etruria,"acra alite adiutus, tulit spolia; et inde Corvini. Nec non tamen post aliquod annos omnis reliquias","ad lacum Vadimonis Dolabella delevit, ne quis exstaret ex ea gente, quae incensam a se Romanam urbe",0.7,,pending,
1180,profectus,profectus,,profectus in Etruria,"a curatione ipsa rescinderentur. Ergo cum turbidis concionibus velut classico civitatem terruisset,",m arma inde et exercitum urbi admovebat. Sed iam Mulvium pontem collemque Ianiculum Lutatius Catulus,0.7,,pending,
1181,Manlio,manlio,,Manlio in Etruria,eque palam ac professo incendium suum restincturum ruina minaretur. Et ille quidem ad praeparatum a,exercitum proficiscitur signa inlaturus urbi. Lentulus destinatum familiae suae Sibyllinis versibus,0.7,,pending,
1182,inventore,inventore,,inventore appellatur A,"t auxilio, aliam aquam eiusdem bonitatis opere subterraneo perduxit usque ad Marciae rivum, quae ab","ugusta. Nascitur ultra fontem Marciae. Cuius ductus donec Marciae accedat, efficit passus octingento",0.7,,pending,
1184,Romanorum,romanorum,,ab Etruscis Romanorum,"traxit aciem et sine iactura suorum cecidit aversos. Cn. Manlius consul, cum ex acie reversus capta","castra invenisset, omnibus portis statione circumdatis inclusos hostes in eam rabiem efferavit, ut",0.7,,pending,
1186,novum,novum,,novum appellatur a,"los, dicit Dominus; dabo legem meam in visceribus eorum et in corde eorum scribam eam"". En et fedus","propheta lex ipsa spiritalis, que scribenda erat in suo tempore in libro cordium humanorum non liqu",0.7,,pending,
1187,totum,totum,,totum appellatur a,". Tunc enim potest recusari, nisi datus sit de partium consensu. Abbas. Ò § 2. A subdelegato non in","d subdelegantem, non autem ad primum delegantem; secus si in totum. H. d. usque ad § Quem vero. Ò §",0.7,,pending,
1188,idcirco,idcirco,,idcirco appellatur quia,"ihil minus continet, sed semel et simul omnia intuetur praeterita, praesentia et futura. Vivax mens",quod semel in divina fuerit ratione nulla umquam oblivione aboletur. [751B] primaeva ratio rerum es,0.7,,pending,
1189,venientes,venientes,,venientes in Etruria,"crates, Asclepio patre genitus in insula Coo. ludi a Lydis initium sumpsisse creduntur, qui ex Asia","consederunt sub Tyrreno duce, ibique inter ceteros superstitionum suarum ritus spectacula instituer",0.7,,pending,
1190,qui,qui,,qui appellatur A,vel Genesis apocryphus. Centimetrum de Christo Vergilianis compaginatum versibus apocryphum. liber,ctus Theclae et Pauli apocryphus. liber qui appellatur Nepotis apocryphus. liber Proverbiorum ab hae,0.7,,pending,
1191,augustus,augustus,,augustus appellatur a,"et invidorum consilio fultus, fraude interficit circumventum. Romanorum XLV, SEVERUS a senatu Romae",nno imperii Leonis quinto. VI. I. (Olymp. CCCXI.) Suniericus redit ad Gallias. Nepotianus Theudorico,0.7,,pending,
1192,eorum,eorum,,eorum in Etruria,iutus rettulit spolia dictusque est ipse Corvinus. Nec non tamen post aliquod annos omnes reliquias,"ad lacum Vadi montis Dolabella delevit, ne quis extaret ex ea gente quae incensam a se Romanam urbe",0.7,,pending,
1194,ita,ita,,ita vocata quod,"ricus conposuit. [8] A frequentatoribus, ut Asclepiadia. Non enim ea Asclepius invenit, sed proinde","ea idem elegantissime [et frequentissime] usus sit. [9] A rebus quae scribuntur, ut heroicum, elegi",0.75,,pending,
1195,Iscurra,iscurra,,Iscurra vocatur quia,"152] Investis, id est sine veste; nondum enim habet stolam; quod est signum maritalis virginitatis.","causa escae quempiam consectatur. K [153] Katholicus, universalis: Graecum enim est. Karus Graecum",0.75,,pending,
1196,Sicarius,sicarius,,Sicarius vocatur quia,"et asperi. Scrupo est enim arena durior. Sacrilegus dicitur ab eo quod sacra legit, id est furatur.","ad perpetrandum scelus telis armatus est. Sica enim gladius est, a secando vocatus. [253] Scaevus,",0.75,,pending,
1197,autem,autem,,autem appellata a,"] Senex autem tantum masculini generis est, sicut anus feminini; nam anus dicitur sola mulier. Anus","multis annis, quasi annosa. Nam si commune esset nomen, cur diceret Terentius (Eun. 357): 'senem mu",0.7,,pending,
1198,ita,ita,,ita vocata quia,distant. Sunt enim in facie producta barba et lata cauda. [34] Leontophonos bestia modica; et ex eo,"capta exuritur, eiusque cinere aspersae carnes et positae per conpita semitarum leones necant, si q",0.75,,pending,
1199,ita,ita,,ita vocata quod,"um nutrit, sicque iterum de cincribus suis resurgit. [23] Cinnamolgus et ipsa Arabiae avis, proinde",in excelsis nemoribus texit nidos ex fruticibus cinnami: et quoniam non possunt ibi homines conscen,0.75,,pending,
1200,vulgo,vulgo,,vulgo appellatur a,"vis, unde et nuncupatus; rapacissimus tamen et semper domesticis avibus insidiator. [59] Ossifragus",vis quae ossa ab alto dimittit et frangit. Vnde et a frangendo ossa nomen accepit. [60] Turtur de vo,0.7,,pending,
1201,Tonitruum,tonitruum,,Tonitruum dictum quod,"emque faciunt; unde est illud (Virg. Aen. 5,20): Atque in nubem cogitur aer. VIII. DE TONITRVO. [1]",sonus eius terreat; nam tonus sonus. Qui ideo interdum tam graviter concutit omnia ita ut caelum di,0.7,,pending,
1202,Grando,grando,,Grando appellata quod,"e et Lucretius (1,715): Ex igni, terra atque anima nascuntur et imbri. Est autem nomen Graecum. [5]","forma eius granorum similitudinem habeat. Haec autem ventorum rigore durantur in nube, ac solidantu",0.7,,pending,
1203,Aqua,aqua,,Aqua dicta quod,"ventos quam fulmina alata fingunt poetae, ut (Virg. Aen. 8,430): Alitis Austri. XII. DE AQVIS. [1]","superficies eius aequalis sit; hinc et aequor appellatum, quia aequaliter sursum est. [2] Duo autem",0.7,,pending,
1204,magnum,magnum,,magnum appellatur quia,"est quod ab occasu ex Oceano fluit et in meridiem vergit, deinde ad septentrionem tendit; quod inde","cetera maria in conparatione eius minora sunt. Iste est et Mediterraneus, quia per mediam terram us",0.7,,pending,
1205,Charybdis,charybdis,,Charybdis dicta quod,"mam hominis capitibus caninis succinctam, quia conlisi ibi fluctus latratus videntur exprimere. [5]","gurgitibus occultis naves obsorbeat; est enim mare verticosum, et inde ibi laniata naufragia profun",0.7,,pending,
1206,Diluvium,diluvium,,Diluvium dictum quod,"a sunt, quaedam vero, quae non erant, abyssi tunc ruptis meatibus eruperunt. XXII. DE DILVVIIS. [1]","aquarum clade omnia quae inundaverit deleat. [2] Primum diluvium extitit sub Noe, quando hominum sc",0.7,,pending,
1207,Palaestinae,palaestinae,,Palaestinae vocata quod,ens in terra Agrabath. Situs eius natura consimili nec ullo differens a Iudaea. [23] Galilaea regio,"gignat candidiores homines quam Palaestina. Haec autem duplex est, superior et inferior, sibi tamen",0.75,,pending,
1208,Italiae,italiae,,Italiae dicta quod,"minata. Est enim in iugis Appennini montis sita, in parte Italiae iuxta meridiem. [22] Etruria pars","eius fines tendebantur usque ad ripam Tiberis, quasi ETEROURIA. Nam ETERON significat alterum, OROS",0.7,,pending,
1209,Libya,libya,,Libya dicta quod,"as, et ultra vel quod ultima vel quod non sit post hanc ulla, hoc est alia, terra. V. DE LIBYA. [1]","inde Libs flat, hoc est Africus. Alii aiunt Epaphum Iovis filium, qui Memphin in Aegypto condidit,",0.7,,pending,
1210,autem,autem,,autem vocata quod,"um in ius suum Romani vincendo redigerent, procul positas regiones provincias appellaverunt. Patria","communis sit omnium, qui in ea nati sunt. [20] Terra autem significari, ut praediximus (13,3,1), el",0.75,,pending,
1211,Graece,graece,,Graece dicta quod,"] Abydos insula in Europa super Hellespontum posita, angusto et periculoso mari separata, et ABUDOS","sit introitus Hellesponti maris, in quo Xerxes pontem ex navibus fecit, et in Graeciam transiit. [1",0.7,,pending,
1212,autem,autem,,autem vocata quod,"Cytherea insula una ex Cycladibus a parte occidua sita, cuius Porphyris antea nomen fuit. Cytherea","ibi Venus sit orta. [26] Icaria insula una de Cycladibus, quae Icario mari nomen dedit. Haec inter",0.75,,pending,
1213,Hispaniae,hispaniae,,Hispaniae dicta quod,"is angulosa, gignens laetissima pabula et lapidem quem catochiten Graeci vocant. [43] Ebosus insula","a Zanio non procul sit, quasi abozus; nam septuaginta stadiis ab ea distat. Cuius terram serpentes",0.7,,pending,
1214,Deserta,deserta,,Deserta vocata quia,"a conlucendo crebris luminibus dici, quae ibi propter religionem gentilium cultumque fiebant. [31]","non seruntur et ideo quasi deseruntur; ut sunt loca silvarum et montium, contraria uberrimarum terr",0.75,,pending,
1215,notatum,notatum,,litteris Tuscis notatum,"aiunt, cum Tarquinius Priscus Capitolii fundamenta Romae aperiret, in loco fundamenti caput hominis","invenit, et proinde Capitolium appellavit. [32] Arces sunt partes urbis excelsae atque munitae. Nam",0.85,,pending,
1216,Macellum,macellum,,Macellum dictum quod,"ulis lignisque erant constructae, quae nunc et si non speciem, nomen tamen pristinum retinent. [44]",ibi mactentur pecora quae mercantibus venundantur. [45] Mercatum autem a conmercio nominatum. Ibi e,0.7,,pending,
1217,Cella,cella,,Cella dicta quod,". KLINE enim Graece lectus vel adcubitus dicitur, ex quo confectum est ut triclinium diceretur. [9]","nos occultat et celat. Cubiculum vero, quod eo cubamus ibique dormientes requiescimus. Cubile autem",0.7,,pending,
1218,Analogium,analogium,,Analogium dictum quod,"niversi exaudire possint. Alias tribunal a tribu denominatum, quod ad illud tribus convocetur. [17]",sermo inde praedicetur; nam LOGOS Graece sermo dicitur; quod et ipsud altius situm est [ut in eo le,0.7,,pending,
1219,Fundamentum,fundamentum,,Fundamentum dictum quod,prius quam domum ingrediamur; postes eo quod post ostium stent. VIII. DE PARTIBVS AEDIFICIORVM. [1],"fundus sit domui. Idem et caementum a caedendo dictum, quod caeso crasso lapide surgat. [2] Paries",0.7,,pending,
1220,Capitolia,capitolia,,Capitolia dicta quod,"s est earum quae vocantur Atticae, quaternis angulis aut amplius, paribus laterum intervallis. [15]","sint columnarum capita, sicut super collum caput. Epistolia sunt quae super capitella columnarum po",0.7,,pending,
1221,Volutabra,volutabra,,Volutabra appellata quod,"e. Lutum vocatum quidam per antiphrasin putant, quod non sit mundum; nam omne lotum mundum est. [5]",ibi apri volutentur. Vligo sordes limi vel aquae sunt. Sabulum levissimum terrae genus. [6] Argilla,0.7,,pending,
1222,crepido,crepido,,crepido vocata quod,"LAIA Graece, speluncae Latine. Est autem rupis cavata. [3] Crepido extremitas saxi abrupta; unde et","sit abrupti saxi altitudo, sicut 'haeret pede pes densus' (Virg. Aen. 10,361); unde et vocatur. Cau",0.75,,pending,
1223,Chalcosmaragdus,chalcosmaragdus,,Chalcosmaragdus dicta quod,"similes notas habent. Smaragdi autem mero et viridi proficiunt oleo, quamvis natura inbuantur. [3]",viridis sit et turbida aereis venis. Haec in Aegypto vel Cypro insula nascitur. [4] Prasius pro vir,0.7,,pending,
1224,Myrrhites,myrrhites,,Myrrhites dicta est quod,"e profundo petat, et carinis ita tenaciter adhaereat ut nisi abrasa parte ligni vix separetur. [14]",in ea myrrhae color est. Conpressus autem usque ad calorem nardi spirat suavitatem. Aromatitis repe,0.7,,pending,
1225,Onyx,onyx,,Onyx appellata quod,"aec rubrum habet colorem marmoribus praestans, sed inter gemmas vilissima. Genera eius quinque. [3]",habeat in se permixtum candorem in similitudinem unguis humanae. Graeci enim unguem ONUCHAdicunt. H,0.7,,pending,
1226,Melichrysus,melichrysus,,Melichrysus dicta quod,ris habet quadrulas. Gignitur in Persida. [6] Leucochrysus colore aureo interveniente candida vena.,"veluti per aurum (sincerum mel), sic haec gemma transluceat. [7] Chrysocolla gignitur in India, ubi",0.7,,pending,
1227,Vitrum,vitrum,,Vitrum dictum quod,"tem non translucidas gemmas caecas appellari, eo quod densitate sua obscurentur. XVI. DE VITRO. [1]",visui perspicuitate transluceat. In aliis enim metallis quidquid intrinsecus continetur absconditur,0.7,,pending,
1228,aurum,aurum,,aurum dictum quod,"fulgeat luce alia repercussus. Hinc et aurarii dicti, quorum fulgor splendiosus reddit. [2] Obryzum","obradiet splendore; est enim coloris optimi, quod Hebraei 'ophaz', Graeci KIRRON dicunt. Brattea di",0.7,,pending,
1229,vivum,vivum,,vivum dictum quod,"Cui mirum in modum illud ut, dum candidum sit, inpressum corpori liness nigras reddat. [2] Argentum","excidat materias in quibus inicitur; hoc et liquidum, quia percurrit. Invenitur specialiter in meta",0.7,,pending,
1230,Aurichalcum,aurichalcum,,Aurichalcum dictum quod,"pide aeroso, quem cadmiam vocant; et est ductile. Huic si addatur plumbum, colore purpureo fit. [3]",et splendorem auri et duritiam aeris possideat. Est autem nomen compositum ex lingua Latina et Grae,0.7,,pending,
1231,Ferrum,ferrum,,Ferrum dictum quod,"tque ita distillantibus, quodex eo cecidit in ipsum acetum teritur et cribratur. XXI. DE FERRO. [1]","farra, id est semina frugum, terrae condeat. Idem et chalybs a Chalybe flumine, ubi ferrum optima a",0.7,,pending,
1232,Plumbum,plumbum,,Plumbum dictum quod,"menta non vitiat, si eadem medulla cervina vel cerussa mixta rosaceo unguitur. XXII. DE PLVMBO. [1]","ex eo primum pilis factis maris altitudo temptata est. Huius duo genera sunt, nigrum et candidum; s",0.7,,pending,
1233,Vncia,vncia,,Vncia dicta quod,"in litteris divinis legatur siclus, uncia est; cum vero in gentilium, quarta pars unciae est. [19]","universitatem minorum ponderum sua unitate vinciat, id est conplectat. Constat autem dragmis octo,",0.7,,pending,
1234,Amphora,amphora,,Amphora vocata quod,"s vel 'bata' nominatur, capiens quinquaginta sextaria; quae mensura una molae vice proteritur. [13]","hinc et inde levetur. Haec Graece a figura sui dicta dicitur, quod eius ansae geminatae videantur a",0.75,,pending,
1235,Hordeum,hordeum,,Hordeum dictum quod,"tur. [9] Alica Graecum nomen est. Alicastrum simile est alicae, pondere et bonitate praecipua. [10]","prae ceteris generibus frumenti ante fiat aridum, vel quod spica eius ordines habeat. Horum tria ge",0.7,,pending,
1236,Panicium,panicium,,Panicium dictum quod,ius in incrementum frugis centesimum renascatur. Hinc et milium a multitudine fructus vocatum. [13],"multis in regionibus ex eo panis vice homines sustententur, quasi panivicium. Pistum a pasto. Sisam",0.7,,pending,
1239,Vicia,vicia,,Vicia dicta quod,". Haec semel seritur et decem annis permanet, ita ut quater vel sexies possit per annum recidi. [9]","vix ad triplicem perveniat fructum, cum alia legumina proventum habeant fertilem: unde et Vergilius",0.7,,pending,
1240,Vitis,vitis,,Vitis dicta quod,autem inventorem vitis Liberum appellari: unde et eum gentiles post mortem deum esse voluerunt. [2],vim habeat citius radicandi. Alii putant vites dictas quod invicem se vittis innectant vicinisque a,0.7,,pending,
1241,Radix,radix,,Radix appellatur quod,ant virgultas vel umbras; sunt autem causa umbrarum. Oculi nodi sunt ex quibus frondes exeunt. [14],quasi radiis quibusdam fixa terris in profunda dimergitur. Nam physici dicunt parem esse altitudine,0.7,,pending,
1242,virgultum,virgultum,,virgultum appellatur quod,"est quod de radice pullulat; ramus, qui de ipso robore arboris; virga, quae de ramis. Proprie autem","ad radicem arboris nascitur et quasi inutile ab agricolis amputatur. Et hinc dictum virgultum, quia",0.7,,pending,
1243,Graecis,graecis,,Graecis dictum quod,lla potius victores coronantur. Sola quoque haec arbor vulgo fulminari minime creditur. [3] Malum a,sit fructus eius pomorum omnium rotundissimus: unde et haec sunt vera mala quae vehementer rotunda,0.7,,pending,
1244,ita,ita,,ita appellata quod,"at, quod et medici et scriptores utuntur. [11] Oleomela nascitur in Palmyra, Syriae civitate; ex eo","ex trunco oleum defluat in crassitudine mellis, sapore suavi. [12] ›Pomelida› sorbo similis, medioc",0.7,,pending,
1245,putant,putant,,putant dictum quod,es quibus innascitur carpit; rumpit enim et prodit ex latebris quibus concepta est. Alii caprificum,"ficus arbor eius remedio fecundetur. [19] Morus a Graecis vocata, quam Latini rubum appellant, eo q",0.7,,pending,
1246,Nux,nux,,Nux appellata quod,"folia similis moro. Hanc Latini celsam appellant ab altitudine, quia non est brevis, ut morus. [21]",umbra vel stillicidium foliorum eius proximis arboribus noceat. Hanc alio nomine Latini iuglandem v,0.7,,pending,
1247,Abies,abies,,Abies dicta quod,"sit arboris. Pinus creditur prodesse cunctis quae sub ea seruntur, sicut ficus nocere omnibus. [32]","prae ceteris arboribus longe eat et in excelsum promineat. Cuius natura expers est terreni humoris,",0.7,,pending,
1249,Populus,populus,,Populus dicta quod,"st, ex qua tabulae tegulis adfixae flammam repellunt, neque ex se carbonem ambustae efficiunt. [45]","ex eius calce multitudo nascatur. Cuius genus duplex est: nam altera est alba, altera nigra. Alba a",0.7,,pending,
1250,Salix,salix,,Salix dicta quod,d utilis sit ad usum telorum nitore et levitate iaculandi: est enim genus materiae levissimae. [47],"celeriter saliat, hoc est velociter crescat, arbor lenta, vitibus habilis vinciendis. Cuius seminis",0.7,,pending,
1251,enim,enim,,enim appellatur a,"omnium resinarum praestantiorem. [53] Buxus Graecum nomen est, ex parte a Latinis corruptum; PUKSOS",pud eos. Arbor semper virens et levitate materiae elementorum apicibus apta. Vnde et Scriptura (Isai,0.7,,pending,
1252,Et,et,,Et appellatur a,"ne veluti in pulverem resolutum, et cum frangitur, intus pingue et igni adpositum facile ardescens.","pud nos masculum, eo quod sit natura rotundum in modum testiculorum. Reliquum planum et pene scabros",0.7,,pending,
1253,autem,autem,,autem dicta quod,"calamites, pinguis, resinosa, odoris iucundi, humecta et veluti mellosum liquorem emittens. Storax","sit gutta arboris profluens et congelata. Nam Graeci stiriam guttam dicunt, Graece autem STURAKS, L",0.7,,pending,
1254,Cinnamomum,cinnamomum,,Cinnamomum dictum quod,i. Denique lignum ipsius vice thymiamatum altaribus adoletur; unde et nomen traxisse creditur. [10],cortex eius in modum cannae sit rotundus et gracilis. Gignitur autem in Indiae et Aethiopiae region,0.7,,pending,
1255,Folium,folium,,Folium dictum quod,anationem. Non tamen omnium herbarum etymologiam invenies. Nam pro locis mutantur etiam nomina. [2],sine ulla radice innatans in Indiae litoribus colligatur. Quod lino perforatum siccant Indi atque r,0.7,,pending,
1256,Hedera,hedera,,Hedera dicta quod,"ulto; [21] in cuius imitatione arte vestis ornatur, quae acanthina dicitur; et acanthis dicta. [22]","arboribus reptando adhaereat. De qua Vergilius (Ecl. 8,13): Inter victrices hederam tibi serpere la",0.7,,pending,
1257,eo,eo,,eo dicta quod,lorum graminum usque adeo celebris est ut noxias herbas aconita illinc nominemus. Nam toxica venena,"ex arboribus taxeis exprimitur, maxime apud Cantabriam. [26] Euphorbium dictum quod eius sucus ocul",0.7,,pending,
1258,Euphorbium,euphorbium,,Euphorbium dictum quod,"nemus. Nam toxica venena eo dicta quod ex arboribus taxeis exprimitur, maxime apud Cantabriam. [26]",eius sucus oculorum acuat visum. Cuius vis tanta est ut duris carnibus superadiecta citius coqui co,0.7,,pending,
1259,Mandragora,mandragora,,Mandragora dicta quod,"haerentes eiciunt. Hanc quidam Latinorum puleium Martis dicunt, propter belli tela excutienda. [30]","habeat mala suaveolentia, in magnitudinem mali Matiani: unde et eam Latini malum terrae vocant. Han",0.7,,pending,
1260,eo,eo,,eo dicta quod,"S, quia locis humectis nascitur. Eadem et fel terrae propter amaritudinem. [34] Glycyriza Graece ex","dulcem radicem habeat; GLUKU enim Graece dulce dicunt. Eadem ADIPSOS, quia sitientibus sitim sedat.",0.7,,pending,
1261,autem,autem,,autem dictum quod,"um, illud quod trans Danubium in solo barbarico, istud quod circa Pontum colligitur, nominatum. Reu","sit radix, quasi radix barbara, quasi radix Pontica. [41] Hyoscyamos a Graecis dicta, a Latinis her",0.7,,pending,
1262,Saxifraga,saxifraga,,Saxifraga vocata quod,"ni imaginem turbidam. Hanc vulgus milimindrum dicit, propter quod alienationem mentis inducit. [42]","semen eius petras in vesica frangat atque conminuat. Gentiana nomen sumpsit, ut medici memorant, ab",0.75,,pending,
1263,eo,eo,,eo vocata quod,"t, quos Graeci ORCHEIS vocant. Idem et leporina, propter quod caulem mollem emittat. [44] Vrtica ex","tactus eius corpus adurat. Est enim igneae omnino naturae et tactu perurit, unde et pruriginem faci",0.75,,pending,
1264,Graece,graece,,Graece dicta quod,"e a gentibus consecrata est, unde et nuncupata; Graece enim Diana ARTEMIS dicitur. [46] Chamaemelos",mali Matiani odorem habeat sitque brevis terraeque vicina. [47] Chamaedrys a Graecis appellata quod,0.7,,pending,
1265,Graecis,graecis,,Graecis appellata quod,elos Graece dicta quod mali Matiani odorem habeat sitque brevis terraeque vicina. [47] Chamaedrys a,"sit brevis et per terram strata et minuta foliis parvissimis. [48] Paeon quidam medicus fuit, a quo",0.7,,pending,
1266,Psyllios,psyllios,,Psyllios dicta quod,"icitur, quod vere primo senescat: unde et eam Latini senicionem vocant. Nascitur per macerias. [54]",semen simile pulicis habeat: unde et eam Latini herbam pulicarem vocant. [55] Hierobotane ideo a Gr,0.7,,pending,
1267,Splenos,splenos,,Splenos dicta quod,"am quidam herbam lanariam vocant, eo quod plerique lanam ex ea lavent. Nascitur [in] locis cultis. [","splenem auferat.] [57] Cimicia, propter similitudinem cimicis dicta: unde et eam Greci KORION vocav",0.7,,pending,
1268,Citocacia,citocacia,,Citocacia vocata quod,"ic contraria atque falsa ex Syria vel Iudaea. [65] Daucos, foliis feniculi similis thyrso bipalmis.",ventrem cito depurgat; quam vulgus corrupte citocociam vocant. [66] Lappa dicta quod habeat caulem,0.75,,pending,
1270,Rubia,rubia,,Rubia dicta quod,", vel quod sit virgulis nigris lenibus cum splendore quasi capilli. Nascitur in aquosis locis. [68]","radix eius sit rubra, unde et colorare lanas perhibetur. [69] Anchusa, cuius radix contrita digitos",0.7,,pending,
1271,Graece,graece,,Graece dicta quod,"vocant, ab eo quod ad lychnia facit. Eadem et lucubros, quod lucem praebeat umbris. [74] Pyrethron","habeat radicem incendiosam atque coacervantem. [75] Althaea malva agrestis, sive malvaviscus; sed a",0.7,,pending,
1272,Graecis,graecis,,Graecis dicta quod,"rstitio gentilium dicit quod, si integra ad limen suspendatur, omnia mala fugat. [86] Chamaepitys a","terrae adhaereat et odorem pini habeat. Hanc Latini cucurbitularem vocant, quod ex parte odorem cuc",0.7,,pending,
1273,Asplenos,asplenos,,Asplenos dicta quod,"rem vocant, quod ex parte odorem cucurbitae referat. Staphysagria nascitur [in] locis amoenis. [87]","splenem auferat; sive scolopendrios, eo quod folia ipsius scolopendro animali sint similia. Nascitu",0.7,,pending,
1275,Papyrum,papyrum,,Papyrum dictum quod,iendo ferulam dicunt. Ad hanc enim pueri et puellae vapulare solent: huius sucus galbanum est. [96],igni et cereis est aptum; PUR enim Graeci ignem dicunt. Iuncus [eo quod iunctis radicibus haereat].,0.7,,pending,
1276,Faenum,faenum,,Faenum dictum quod,"ium. [106] Zizania, quam poetae semper infelix lolium dicunt, quod sit inutile et infecundum. [107]",eo flamma nutritur; FOS enim flamma est. Manipulum dicimus fascem faeni: et dictum manipulum quod m,0.7,,pending,
1277,vocabulo,vocabulo,,vocabulo appellatur A,"est enim summitas olerum vel arborum, in qua vegens virtus naturalis est. [5] Malva ex parte Graeco","PO TOUMALASSEIN, eo quod molliendi alvum solvendique naturam habeat. Cuius sucus, si quis se oleo mi",0.7,,pending,
1278,Pastinaca,pastinaca,,Pastinaca vocata quod,s negatur feriri. Folia eius ex oleo trita et inposita scorpionibus creduntur afferre torporem. [6],"eius radix praecipuus pastus sit hominis: est enim odoratu iucunda, cibo delectabilis. [7] Rapa dic",0.75,,pending,
1279,Lactuca,lactuca,,Lactuca dicta est quod,contra acceptum venenum. Vnde et apud veteres ante alias epulas haec solebant mensis adponere. [11],"abundantia lactis exuberet, seu quia lacte nutrientes feminas inplet. Haec et in viris Veneris usum",0.7,,pending,
1280,Alium,alium,,Alium dictum quod,"3] Ascalonia nuncupata ex una urbium Palaestinae quae Ascalon dicitur, unde prius advecta est. [14]","oleat. Vlpicum appellatum quod alii odorem habeat. Phaselos vocari aiunt a Phaselo insula Graeciae,",0.7,,pending,
1281,Apium,apium,,Apium dictum quod,"ra agrestis, acrioris virtutis; utraque tamen Veneris commovent usum. XI. DE ODORATIS OLERIBVS. [1]","eo apex, id est caput, antiquorum triumphantium coronabatur. Hercules autem hanc herbam primus capi",0.7,,pending,
1282,Hipposelinon,hipposelinon,,Hipposelinon dictum quod,"Graece apium dicitur. Sed est summum ac probabile Macedonicum, gustu suave et odore aromatico. [3]","sit durum et austerum. Oleoselinon, quod mollius folio et caule tenerum. [4] Feniculum Latini vocan",0.7,,pending,
1283,Ruta,ruta,,Ruta dicta quod,"dederis, amentiam nutrit. Canos etiam ex coriandro infici traditum est. Abrotanum. Caerefolium. [8]",sit ferventissima. Cuius altera agrestis atque virtute acrior; sed utraque ferventissimae conproban,0.7,,pending,
1284,bellum,bellum,,bellum vocatur quod,"stationem, quam terra marique diu egerant, mira celeritate conpressit ac superavit. [6] Sicut autem","contra hostes agitur, ita tumultus quod civili seditione concitatur. Nam seditio est dissensio civi",0.75,,pending,
1285,Victoria,victoria,,Victoria dicta quod,"dies otia. II. DE TRIVMPHIS. [1] Omne regnum saeculi huius bellis quaeritur, victoriis propagatur.","vi, id est virtute, adipiscatur. Hoc est enim ius gentium, vim vi expellere. Nam turpis est dolo qu",0.7,,pending,
1286,transvenas,transvenas,,transvenas in Etruria,"icra nuncupata, quod in ludis gerantur aut in cenis. [2] Ludorum origo sic traditur: Lydios ex Asia","consedisse duce Tyrreno, qui fratri suo cesserat regni contentione. Igitur in Etruria inter ceteros",0.7,,pending,
1287,Igitur,igitur,,Igitur in Etruria,"s ex Asia transvenas in Etruria consedisse duce Tyrreno, qui fratri suo cesserat regni contentione.",inter ceteros ritus superstitionum suarum spectacula quoque religionis nomine instituerunt. Inde Ro,0.7,,pending,
1288,gladiatorium,gladiatorium,,gladiatorium dictum quod,"II. DE AMPHITHEATRO. [1] Amphitheatrum locus est spectaculi, ubi pugnant gladiatores. Et inde ludum","in eo iuvenes usum armorum diverso motu condiscant, et modo inter se aut gladiis aut pugnis certant",0.7,,pending,
1289,nomen,nomen,,nomen vocatur quod,"nisterium exhibent, atque aliquid huiuscemodi deinceps ex parte notanda studui. [2]Artifex generale","artem faciat, sicut aurifex qui aurum [facit]. Faxo enim pro facio antiqui dicebant. [3] Nauclerus",0.75,,pending,
1290,Fundamentum,fundamentum,,Fundamentum dictum quod,"t instaurare dicebant. [2] Constat autem constructio fundamento, lapidibus, calce, arena et lignis.","fundus sit aedificii. Idem et caementum a caedendo dictum, quod caeso crasso lapide surgat. [3] Lap",0.7,,pending,
1291,Capitolia,capitolia,,Capitolia dicta quod,positae fabricae sustinent pondus. [23] Basis autem nomen petrae est fortissimae Syro sermone. [24],"sint columnarum capita, quasi super collum caput. Epistolia sunt, quae super capitella columnarum p",0.7,,pending,
1292,Rubrica,rubrica,,Rubrica vocata quod,"inde nomen a Sinope urbe accepit. Species eius tres: rubra et minus rubens, et inter has media. [4]","sit rubra et sanguineo proxima. Haec plurimis locis gignitur, sed optima Ponto; unde et Pontica dic",0.75,,pending,
1293,Atramentum,atramentum,,Atramentum dictum quod,"purpurariis officinis, spuma in aereis cortinis innatans, quam infectores detrahentes siccant. [17]","sit atrum, cuius species et picturae et cottidiano usui necessaria est; iste inter facticios est. F",0.7,,pending,
1294,Melinum,melinum,,Melinum dictum quod,rit. [20] Omne autem atramentum sole perficitur: omnes colores calcis admixtione conrumpuntur. [21],"eius metalli ferax sit una ex Cycladibus insula Melos nomine. Est enim candidum, nec utuntur eum pi",0.7,,pending,
1295,Regula,regula,,Regula dicta quod,rassitudine politas extremis cacuminibus sibi iungit ut schemam trigoni faciant. Id erit norma. [2],"sit recta, quasi rectula, et inpedimentum non habeat. Perpendiculum est quod semper adpenditur. Den",0.7,,pending,
1296,Scobina,scobina,,Scobina dicta quod,"quod ut vermis terendo forat, quasi terefora; vel quasi transforans. Taratrum, quasi teratrum. [15]","haerendo scobem faciat. Cant[h]erium. Guvia, XX. DE INVENTIONE LANIFICII. [1] Minervam quandam gent",0.7,,pending,
1297,antiquissima,antiquissima,,antiquissima appellata quia,"ntur, pro eo quod eisdem iuvenes, qui nudi exercentur in campo, pudenda operiunt. [6] Tonica vestis","in motu incedentis sonum facit; tonus enim sonus est. Primum autem fuere pelliciae tunicae, quibus",0.7,,pending,
1298,Lumbare,lumbare,,Lumbare vocatur quod,"hoc utebantur. Levitonarium est colobium lineum sine manicis, quale Aegyptii monachi utuntur. [25]","lumbis religetur, vel quod lumbis haereat. Hoc in Aegypto et Syria non tantum feminae sed et viri u",0.75,,pending,
1299,vulgo,vulgo,,vulgo vocata quod,"textura eius ligata sit in totum; quasi diceret liginum, C pro G littera commutata. [28] Armilausa","ante et retro divisa atque aperta est, in armos tantum clausa; quasi armiclausa, C littera ablata.",0.75,,pending,
1300,Toga,toga,,Toga dicta quod,"ui ex una parte induitur, neque consuitur, sed fibula infrenatur. Hinc et Graece nomen accepit. [3]","velamento sui corpus tegat atque operiat. Est autem pallium purum forma rotunda et fusiore, et quas",0.7,,pending,
1301,autem,autem,,autem dicta quod,nitio procedebant. Hanc primum Romulus adinvenisse perhibetur ad discretionem regii habitus. Trabea,"in maiori gloria hominem transbearet, hoc est ultra et in posterum ampliori dignitate honoris beatu",0.7,,pending,
1302,Graece,graece,,Graece vocatur quod,"perimentum, quod cooperto capite et scapula a dextro latere in laevum humerum mittitur: stola autem",superemittatur. [4] Idem et ricinium Latino nomine appellatum eo quod dimidia eius pars retro reici,0.75,,pending,
1303,Tapeta,tapeta,,Tapeta dicta quod,"ocatae quod calcentur, id est farciantur, pluma sive tomento, quo molliores calidioresque sint. [5]","pedibus primum strarentur, quasi tapedia. Sipla tapetaexuna parte villosa, quasi simpla. Amphitapa",0.7,,pending,
1305,Tinctura,tinctura,,Tinctura vocata quia,"lacium est stuppa et quasi crassedo serici, et est Graecum nomen. XXVIII. DE COLORIBVS VESTIVM. [1]","tinguitur et in aliam fucata speciem nitoris gratia coloratur. KOKKON Graeci, nos rubrum seu vermic",0.75,,pending,
1306,vulgo,vulgo,,vulgo vocatur quod,"em et per munile omnia ornamenta matronarum significantur, quidquid illis munere datur. [14] Murena",scilicet auri metallo in virgulis lentescente quaedam ordinis flexuosi catena contexitur in similit,0.75,,pending,
1307,Vitta,vitta,,Vitta dicta quod,"a fascia quod in modum fasciculi corpus alligat. Hinc et fasciolae, quibus vulnera conligantur. [7]",ea pectus vincitur instar vitis ligantis. Limbus est quam nos ornaturam dicimus. [8] Fasciola est q,0.7,,pending,
1308,calciamenta,calciamenta,,calciamenta dicta quod,"alciamenta non possunt, quas Graeci KALOPODAS dicunt: fiebant autem prius ex salice tantum. Hinc et","in calo, id est ligno, fiant; vel quod calcentur. [3] Crepidas Graeci ante repertas usi sunt. Est a",0.7,,pending,
1309,et,et,,et appellatur ab,"nt, haec nisi conexe dici non possunt. Quod genus quartum apud Dialecticos multum habet conflictum,","eis valde oppositum, siquidem et tertium non recipit. [8] Nam ex illis quaedam habere tertium possu",0.7,,pending,
1310,Pulpa,pulpa,,Pulpa dicta quod,scitur et silescit. [27] Frustum vocatum quod capiatur a frumine; est enim frumen summa pars gulae.,cum pulte olim mixta vescebatur. Vnde et pulmentarium et pulmentum dictum. [28] Lucanicae dictae qu,0.7,,pending,
1311,inde,inde,,inde dictum quod,"tusta, ut vinum, sed statim sublata de flumine et fonte vel puteo; fetescit enim vetusta. [2] Vinum","eius potus venas sanguine cito repleat. Hoc alii, quod nos cura solvat, Lyaeum appellant. Veteres v",0.7,,pending,
1312,Defrutum,defrutum,,Defrutum dictum est quod,"rit. Dicitur autem passum a patiendo: nam percutitur uva siccior et decoquitur, et inde fit passum.","defrudatur, et quasi fraudem patiatur. [15] Carenum, eo quod fervendo partem careat; tertia enim pa",0.7,,pending,
1313,Fictilia,fictilia,,Fictilia dicta quod,"] Vasa dicta a vescendo, quad in ea escae adponantur. Cuius diminutivum vascula, quasi vescula. [2]","fiant et fingantur ex terra. Fingere enim est facere, formare et plasmare, unde et figuli dicuntur.",0.7,,pending,
1314,Arca,arca,,Arca dicta quod,"a Persa et Graeca; gaza enim lingua Persarum thesaurum, FULAKION Graece custodia interpretatur. [2]","arceat visum atque prohibeat. Hinc et arcivum, hinc et arcanum, id est secretum, unde ceteri arcent",0.7,,pending,
1315,Involucrum,involucrum,,Involucrum dictum quod,"um paulo inflectuntur propter Romanum eloquium. [6] Sitarciae nautarum sunt, ab eo quod sutae sunt.","aliquid in se teneat involutum. [7] Fiscus sacculus est publicus, unde et fiscellae et fiscinae dic",0.7,,pending,
1316,Fax,fax,,Fax dicta quod,"dicebantur. [6] Lampas flamma est in vertice lucens, dicta quod lambentis motum ostendere videatur.",focos faciat: cuius diminutivum facula. [7] Lanterna inde vocatur quod lucem interius habeat clausa,0.7,,pending,
1318,autem,autem,,autem dicta quod,"ICVLIS. [1] Carrum a cardine rotarum dictum; unde et currus dicti, quod rotas habere videntur. Rota",ruat; et rotundum a rota vocatum. [2] Reda genus vehiculi quattuor rotarum. Has antiqui retas diceb,0.7,,pending,
1319,Clavis,clavis,,Clavis dicta quod,adhibita calefacit et intorquet capillos. [5] Vnde et calamistrati appellantur qui comam torquent.,"claudat et aperiat. Catenatum, quod capiendo teneat. Horologia, quod ibi horas legamus, id est coll",0.7,,pending,
1320,Rota,rota,,Rota dicta quod,"quasi fiscolum, a colando oleum dictum, vel quasi fiscella olei. XV. DE INSTRVMENTIS HORTORVM. [1]","quasi ruat: est enim machina de qua e flumine aqua extrahitur. Lucretius (5,517): In fluvio versare",0.7,,pending,
1321,Frena,frena,,Frena dicta quod,Sarculus. XVI. DE INSTRVMENTIS EQVORVM. [1] Phalerae ornamenta equorum sunt; et est sermo Graecus.,"equos fremere cogant, vel quod haec equi frendant [id est inprimant] dentibus et obmordeant. Vnde e",0.7,,pending,
1322,autem,autem,,autem dictum quod,orium ligno ex una parte extentum. Est enim pars media symphoniae in similitudinem cribri. Tympanum,"medium est, unde et margaritum medium tympanum dicitur; et ipsud, ut symphonia, ad virgulam percuti",0.7,,pending,
1323,Pessaria,pessaria,,Pessaria dicta quod,"catur. Malagma, quod sine igne maceretur et conprehendatur. Enema Graece, Latine relaxatio dicitur.",intus iniciantur. [12] Medicinam iumentorum Chiron quidam Graecus invenit. Inde pingitur dimidia pa,0.7,,pending,
1324,Enchiridion,enchiridion,,Enchiridion dictum quod,scribuntur. Butanicum herbarum dicitur quod ibi herbae notentur. XI. DE INSTRVMENTIS MEDICORVM. [1],"manu adstringatur, dum plurima contineat ferramenta; CHEIR enim Graece manus vocatur. [2] Phlebotom",0.7,,pending,
1325,Falsitas,falsitas,,Falsitas appellata a,"ipite nunc malum.' [8] Calumnia est iurgium alienae litis, a calvendo, id est decipiendo dicta. [9]",fando aliud quam verum est. [10] Iniuria est iniustitia. Hinc est apud Comicos (? Plaut. Mil. 436):,0.7,,pending,
1326,Poena,poena,,Poena dicta quod,"ena. Malum autem tunc plenum est, cum et praeteritum est et inpendet, ut sit et dolor et metus. [2]","puniat. Est autem epithetum nomen, et sine adiectione non habet plenum sensum: adicis poena carceri",0.7,,pending,
1327,autem,autem,,autem dictum quod,"adulta et praeceps sive extrema. Vnde est illud (Virg. Georg. 1,340): Extremae sub casu hiemis. Ver","viret. Tunc enim post hiemem vestitur tellus herbis, et in florem cuncta rumpuntur. [4] Aestas dici",0.7,,pending,
1328,autem,autem,,autem dicta quod,Conficitur bibula Memphitis carta papyro. [2] Bibulam autem papyrum dixit quod humorem bibat. Carta,carptim papyri tegmen decerptum glutinatur. Cuius genera quam plura sunt. Prima et praecipua August,0.7,,pending,
1329,autem,autem,,autem dicta quod,"e invenies. XVI. DE CANONIBVS CONCILIORVM. [1] Canon autem Graece, Latine regula nuncupatur. Regula","recte ducit, nec aliquando aliorsum trahit. Alii dixerunt regulam dictam vel quod regat, vel quod n",0.7,,pending,
1330,autem,autem,,autem vocatur quod,"solito›, id est firmo atque solido nominata. [vel ex eo, quod soleat fieri in anno.] [2] Celebritas","non ibi terrena, sed caelestia tantum agantur. [3] Pascha festivitatum omnium prima est, de cuius v",0.75,,pending,
1331,Oblatio,oblatio,,Oblatio vocatur quia,"ri offertur et sacrificatur a pontificibus, a quo offertorium nominatum, quasi propter fertum. [25]","offertur. [26] Dona proprie divina dicuntur, munera hominum. [27] Nam munera dicuntur obsequia, qua",0.75,,pending,
1332,Incorruptibilis,incorruptibilis,,Incorruptibilis appellatur quia,"lis utique deprehenditur; ac per hoc solus Deus dicitur inmortalis, quia solus incommutabilis. [20]",corrumpi et dissolvi non potest nec dividi. Quidquid enim capit divisionem et interitum capit. Ille,0.7,,pending,
1333,Trinitas,trinitas,,Trinitas appellata quod,ius docet vos de omni re.' Ipse est enim Spiritus sanctus unctio invisibilis. IV. DE TRINITATE. [1],"fiat totum unum ex quibusdam tribus, quasi Triunitas; ut memoria, intellegentia et voluntas, in qui",0.7,,pending,
1334,Spes,spes,,Spes vocata quod,"o quod fit illud quod inter utrosque placitum est, quasi inter Deum et hominem; hinc et foedus. [5]","sit pes progrediendi, quasi 'est pes.' Vnde et e contrario desperatio. Deest enim ibi pes, nullaque",0.75,,pending,
1335,ideo,ideo,,ideo dictum quod,"ellatur, quia contra Christum venturus est. Non, quomodo quidam simplices intellegunt, Antichristum","ante Christum venturus sit, id est post cum veniat Christus. Non sic, sed Antichristus Graece dicit",0.7,,pending,
1337,eo,eo,,eo appellatur quod,"itio de ordinandis testamentis exponere. LIB. II, TIT. X. DE TESTAMENTIS ORDINANDIS. Testamentum ex","testatio mentis est. Sed ut nihil antiquitatis penitus ignoretur sciendum est, olim quidem duo gene",0.7,,pending,
1339,id,id,,id appellatur quod,"autem, ut Gaius noster in interpretatione legis duodecim tabularum scriptum reliquit, vulgo quidem","ab arcu mittitur, sed et omne significatur quod manu cuiusdam mittitur: sequitur ergo ut et lapis e",0.7,,pending,
1340,Et,et,,Et dictum est quod,"n transcurrere, sed de ipsis argumentari, videlicet intelligenciam et futurorum inquisicionem. IV .","homo duobus indiget in vita sua scilicet noticia et doctrina, quia hec sensum purificant. Et sicut",0.7,,pending,
1341,Et,et,,Et dictum est quod,"plinare. Et qui mundum diligit, oportet tria acquirere: intelligenciam et divicias et discrecionem.","homo qui querit rem et non cognoscit utilitatem eius, in vanum laborat et insipiens vocatur. Et qui",0.7,,pending,
1342,Item,item,,Item dictum est quod,"de rebus que fieri possunt, et ante omnia oportet ipsum cogitare sempiterna et non temporalia. VI .","duo sunt que hominem decorant scilicet divicie et doctrina; sicut lucerna illuminat domum, ita et i",0.7,,pending,
1343,Et,et,,Et dictum est quod,"ro temporalibus, condempnabitur; et quicumque pro utrisque laborat, et dominabitur et vivet. VIII .","quilibet secularis tria debet habere in se: fidem servare, victum et necessaria iuste querere et re",0.7,,pending,
1344,Item,item,,Item dictum est quod,"habere in se: fidem servare, victum et necessaria iuste querere et recte cum hominibus conversari.","quicumque est piger et negligens, credens verbis instabilibus nec sensu suo receptis, assimilabitur",0.7,,pending,
1346,quoniam,quoniam,,quoniam dictum est quod,"s adversabitur mihi in bonis operibus et obstupebit me mors et paciar quod passus fuit quidam homo,",quidam homo concupivit coniugatam. Que fodiens iuxta puteum ingressum et egressum adultero ostendit,0.7,,pending,
1347,quia,quia,,quia dictum est quod,"am homini qui multam pecuniam amiserat et sic socius fuit illius qui uno die devenit in derisionem,",quidam negociator conduxit quendam uno die centum solidis pro perforandis margaritis. Et veniens cu,0.7,,pending,
1348,quia,quia,,quia dictum est quod,"iud ingenium, ut serpens disperdatur et tu maneas illesus, ne paciaris quod passus est cignus, 26 .","quidam cignus apud stagna habitans multitudinem piscium habencia, et exsenivit et ob senectutem pis",0.7,,pending,
1349,Quia,quia,,Quia dictum est quod,", nam certum est: qui non audit pacificos consiliatores suos, pacietur quod passa est testudo. 40 .","in quodam fonte conversabantur due anates, et erat ibi testudo, adinvicem se diligentes. Una autem",0.7,,pending,
1351,Quia,quia,,Quia dictum est quod,"t: ""Ego faciam hoc, sed cave ne propriis laqueis alligeris et paciaris quod passus est cignus. 48 .","quidam cignus manebat in quodam loco prope serpentem et quociens pariebat pullos, serpens eos comed",0.7,,pending,
1352,Quia,quia,,Quia dictum est quod,"sapientibus: Qui credit fictis rebus et non veracibus, pacietur quod passa est stulta mulier. 59 .","in quadam civitate erat quidam negociator, pulchram habens uxorem que diligebat quendam pictorem. Q",0.7,,pending,
1353,Quia,quia,,Quia dictum est quod,m et coniunxit se cum illo qui erat generis sui et sprevit solem et lunam et alias creaturas. 109 .,"quidam heremita religiosus stabat super flumen et orabat. Et ecce milvus portabat murem, et cum ess",0.7,,pending,
1354,antiquis,antiquis,,antiquis dictum est quod,"mortuus est. 127 . Ita pacientur illi qui in ira consilium retinent, sed impetum sequuntur. Item ab","quidam vir habuit uxorem pulcram quam valde diligebat. Una autem dierum cum sederet in domo sua, de",0.7,,pending,
1355,Item,item,,Item dictum est quod,ituit de hoc quod fecerat. Ita pacientur illi qui festinant aliquid facere sine discrecione . 128 .,homo ferebat saccum plenum lentibus et volens requiescere posuit illum sub arbore ubi erat symea. D,0.7,,pending,
1356,quia,quia,,quia dictum est quod,"o appropinquarem. Nemo sapiens debet credere adulacionibus inimici. Utile est mihi a te longe esse,","sapiens habet amicos et consanguineos suos et memorare debet filios, fratres et nepotes et alios be",0.7,,pending,
1357,Quia,quia,,Quia dictum est quod,"m experimento et arte, alii potencia et malignitate, alii prudencia dei, ceteri nobilitate +. 141 .","quatuor viri infortunati se in uno itinere invenerunt. Erat autem eorum unus filius regis, alius cu",0.7,,pending,
1358,qui,qui,,qui appellatur A,"antini hereticum et rebaptizatum secundo ab Eusebio Nicomediense episcopo iuxta Nicomedia, in uilla",quilone. Et pro hoc declaratum ab eodem Constantii praecepto Augusti filii Constantini Augusti marty,0.7,,pending,
1359,genus,genus,,genus ab Etruscis,derant eum secutum numerum putant. me haud paenitet eorum sententiae esse quibus et apparitores hoc,"finitimis, unde sella curulis, unde toga praetexta sumpta est, et numerum quoque ipsum ductum place",0.75,,pending,
1360,finitimis,finitimis,,ab Etruscis finitimis,eum secutum numerum putant. me haud paenitet eorum sententiae esse quibus et apparitores hoc genus,", unde sella curulis, unde toga praetexta sumpta est, et numerum quoque ipsum ductum placet, et ita",0.7,,pending,
1361,anno,anno,,anno ab Etruscis,aduersus Vmbros missa a flumine Narnia appellata; exercitus cum magna praeda Romam reductus. Eodem,aduersus indutias paratum bellum; sed eos alia molientes Gallorum ingens exercitus fines ingressus,0.75,,pending,
1362,aduersus,aduersus,,ab Etruscis aduersus,rsus Vmbros missa a flumine Narnia appellata; exercitus cum magna praeda Romam reductus. Eodem anno,indutias paratum bellum; sed eos alia molientes Gallorum ingens exercitus fines ingressus paulisper,0.7,,pending,
1363,extemplo,extemplo,,extemplo in Etruria,"ere, ut patres ab iubendo dictatore deterruerint, quem senatus dictatorem dici iussurus fuerat. Tum",m ad legiones proficisci iussit. Aduentus eius compressit Etruscos adeo ut nemo extra munimenta egre,0.7,,pending,
1364,eos,eos,,eos in Etruria,"endio uenisse, et confestim secuturos, uel si ad ipsam Romanam urbem oppugnandam ducant. [ 17] Haec","iactantes molientesque bellum domi Romanum urebat. Nam P. Decius, ubi comperit per exploratores pro",0.7,,pending,
1365,Romanis,romanis,,Romanis in Etruria,"mni: ei Samnium prouinciam euenisse. [ 18] Dum ea in Samnio cuiuscumque ductu auspicioque geruntur,","interim bellum ingens multis ex gentibus concitur, cuius auctor Gellius Egnatius ex Samnitibus erat",0.7,,pending,
1366,tempore,tempore,,tempore in Etruria,"cunda ac tertia sociorumque milibus quindecim profectus in Samnium esset, Ap. Claudium primo quoque","m ire placuit. Duae Romanae legiones secutae, prima et quarta, et sociorum duodecim milia; castra ha",0.7,,pending,
1367,copiis,copiis,,copiis in Etruria,"issum eo cum uetere exercitu, compresserat. Decio populandos hostium agros relinquit, ipse cum suis",m ad collegam pergit. Quem aduenientem laeti omnes accepere: Appium ex conscientia sua credo animum,0.7,,pending,
1369,gestae,gestae,,gestae in Etruria,"des incidisset, desertori magis quam deserto noxae fore; eo rem adductam ut omne rei bene aut secus",decus dedecusque ad L. Volumnium sit delegatum; neminem quaesiturum quae uerba Appi sed quae fortun,0.7,,pending,
1371,Fabius,fabius,,Fabius in Etruria,"tua esset, ordinum magis quam ipsorum inter se certamen interuenisse reor, patriciis tendentibus ut","m extra ordinem prouinciam haberet, plebeiis auctoribus Decio ut ad sortem rem uocaret. Fuit certe c",0.7,,pending,
1372,rebus,rebus,,rebus in Etruria,"i extra sortem mandetur, quin alter consul pro superuacaneo atque inutili habeatur? gloriari Fabium","gestis; uelle et P. Decium gloriari; et forsitan, quem ille obrutum ignem reliquerit, ita ut totien",0.7,,pending,
1373,tempore,tempore,,tempore in Etruria,us quinque milia peditum equitumque cum Fabio uenisse. Sibi placere P. Decium consulem primo quoque,"m ad collegam proficisci, L. Volumnio Samnium prouinciam dari; si consul malit in suam prouinciam ir",0.7,,pending,
1374,Volumnium,volumnium,,Volumnium in Etruria,"d collegam proficisci, L. Volumnio Samnium prouinciam dari; si consul malit in suam prouinciam ire,","m ad consulem cum exercitu iusto consulari proficisci. Cum magnam partem moueret oratio praetoris, P",0.7,,pending,
1375,quantum,quantum,,quantum in Etruria,"ommodum rei publicae posset, Romam uenisset uel aliquem ex legatis misisset, a quo disceret senatus","belli esset quantisque administrandum copiis et quot per duces esset. [ 26] Fabius, ut Romam rediit",0.7,,pending,
1377,profectos,profectos,,profectos in Etruria,riumphusque non bellum decretum consulibus uideretur. Inuenio apud quosdam extemplo consulatu inito,m Fabium Deciumque sine ulla mentione sortis prouinciarum certaminumque inter collegas quae exposui.,0.7,,pending,
1378,consules,consules,,consules in Etruria,tur. Constare res incipit ex eo tempore quo profecti ambo consules ad bellum sunt. Ceterum antequam,"m peruenirent, Senones Galli multitudine ingenti ad Clusium uenerunt legionem Romanam castraque oppu",0.7,,pending,
1379,Et,et,,Et in Etruria,nde omnium aliarum rerum cura Fabius collegae funus omni honore laudibusque meritis celebrat. [ 30],per eosdem dies ab Cn. Fuluio propraetore res ex sententia gesta et praeter ingentem inlatam popula,0.7,,pending,
1380,relicto,relicto,,relicto in Etruria,"ernum montem compulsum, non deterritus iniquitate loci, fundit fugatque. Q. Fabius Deciano exercitu","e praesidio, suis legionibus deductis ad urbem de Gallis Etruscisque ac Samnitibus triumphauit. Mili",0.7,,pending,
1382,Fabius,fabius,,Fabius in Etruria,olturno adiacent flumini descendere. Aduersus eos Ap. Claudius praetor cum exercitu Deciano missus.,"rebellante denuo quattuor milia et quingentos Perusinorum occidit, cepit ad mille septingentos quad",0.7,,pending,
1383,bellum,bellum,,bellum in Etruria,"capta amplius duo milia hominum, minus duo milia circa muros caesa. Pax tamen clarior maiorque quam","eo anno fuerat parta est. Tres ualidissimae urbes, Etruriae capita, Volsinii, Perusia, Arretium, pa",0.7,,pending,
1384,Samnio,samnio,,Samnio in Etruria,"pe impetrandi petisset uideretque alios quod tardius ab urbe exisset, alios quod iniussu senatus ex","m transisset, partim suos inimicos, partim collegae amicos ad solacium aequatae repulsae sibi quoque",0.7,,pending,
1385,Atilio,atilio,,Atilio in Etruria,o captis aliquot urbibus in Apulia fusum fugatumque saucium ipsum cum paucis Luceriam compulsum: ab,res gestas eumque triumphasse. Fabius ambo consules in Samnio et ad Luceriam res gessisse scribit t,0.7,,pending,
1386,traductumque,traductumque,,traductumque in Etruria,a res gestas eumque triumphasse. Fabius ambo consules in Samnio et ad Luceriam res gessisse scribit,m exercitum —sed ab utro consule non adiecit—et ad Luceriam utrimque multos occisos inque ea pugna I,0.7,,pending,
1387,Samnio,samnio,,Samnio in Etruria,s ex auctoritate patrum iussu populi bellum Faliscis indictum est iussique consules sortiri uter ex,"m cum exercitu transiret. Iam Caruilius Veliam et Palumbinum et Herculaneum ex Samnitibus ceperat, V",0.7,,pending,
1388,consul,consul,,consul in Etruria,"in agrum Vescinum, quia regio ea infesta ab Samnitibus erat, hibernatum duxit. Inter haec Caruilius","Troilum primum oppugnare adortus quadringentos septuaginta ditissimos, pecunia grandi pactos ut abi",0.7,,pending,
1389,non,non,,non in Etruria,"eruitiorum utique et plebis esset, ni consules prouidissent dimissis passim ad frumentum coemendum,","m modo dextris ab Ostia litoribus laeuoque per Volscos mari usque ad Cumas, sed quaesitum in Sicilia",0.7,,pending,
1390,hibernis,hibernis,,hibernis in Etruria,"m intolerabilia frigora erant, quies militi data est; et ad prima ac dubia signa ueris profectus ex","m ducit, eam quoque gentem, sicut Gallos Liguresque, aut ui aut uoluntate adiuncturus. Transeuntem A",0.7,,pending,
1391,praetore,praetore,,praetore in Etruria,"aesidiique quod ibi obsideretur cura est. C. Seruilius legatus, ex auctoritate patrum a P. Cornelio","m ad frumentum coemendum missus, cum aliquot nauibus onustis in portum Tarentinum inter hostium cust",0.7,,pending,
1392,Iunio,iunio,,Iunio in Etruria,ta inclinatura rursus animos uidebatur ad ueteris imperii respectum. et praetoribus prioris anni M.,", P. Sempronio in Gallia cum binis legionibus quas habuerant prorogatum est imperium. prorogatum et",0.7,,pending,
1393,qui,qui,,qui in Etruria,lius praefuisset Siciliamque prouinciam cum L. Cincio praetore obtineret. exercitus eis duo decreti,"Galliaque essent; eae quattuor erant legiones; urbanae duae superioris anni in Etruriam, duae quibu",0.7,,pending,
1395,Aquilius,aquilius,,Aquilius in Etruria,"rsae occupabant cogitationes hominum, ne Tarentinae quidem arcis excidit memoria. M. Ogulnius et P.","m legati ad frumentum coemendum quod Tarentum portaretur profecti, et mille milites de exercitu urba",0.7,,pending,
1396,habuerat,habuerat,,habuerat in Etruria,"er equitum dictus. [ 6] Dictator postquam Romam uenit, C. Sempronium Blaesum legatum quem ad Capuam","m prouinciam ad exercitum misit in locum C. Calpurni praetoris, quem ut Capuae exercituique suo prae",0.7,,pending,
1397,quibus,quibus,,quibus in Etruria,"ta per prouincias diuisi: Fuluio duae legiones quas in Sicilia M. Ualerius Laeuinus haberet, Fabio,",C. Calpurnius praefuisset: urbanus exercitus ut in Etruriam succederet: C. Calpurnius eidem praeess,0.7,,pending,
1400,Apulia,apulia,,Apulia in Etruria,"s Marcellus consul designatus, qui rem inspiceret ac, si digna uideretur, exercitu accito bellum ex",m transferret. eo metu compressi Etrusci quieuerunt. Tarentinorum legatis pacem petentibus cum liber,0.7,,pending,
1401,praetore,praetore,,praetore in Etruria,T. Quincti praetoris fuerat cum una legione obtineret. prorogatum et C. Hostilio Tubulo est ut pro,m ad duas legiones succederet C. Calpurnio. prorogatum et L. Ueturio Philoni est ut pro praetore Gal,0.7,,pending,
1402,coepta,coepta,,coepta ab Etruscis,"um ab hoste nec receptum ab tergo circumuenti haberent, extrahi tamen diutius certamen potuisset ni",fuga pauorem ceteris iniecisset. non tamen omisere pugnam deserti ab Etruscis Fregellani donec inte,0.75,,pending,
1403,fuga,fuga,,ab Etruscis fuga,"oste nec receptum ab tergo circumuenti haberent, extrahi tamen diutius certamen potuisset ni coepta",pauorem ceteris iniecisset. non tamen omisere pugnam deserti ab Etruscis Fregellani donec integri c,0.7,,pending,
1404,deserti,deserti,,deserti ab Etruscis,certamen potuisset ni coepta ab Etruscis fuga pauorem ceteris iniecisset. non tamen omisere pugnam,Fregellani donec integri consules hortando ipsique ex parte pugnando rem sustinebant; sed postquam,0.75,,pending,
1405,Fregellani,fregellani,,ab Etruscis Fregellani,n potuisset ni coepta ab Etruscis fuga pauorem ceteris iniecisset. non tamen omisere pugnam deserti,donec integri consules hortando ipsique ex parte pugnando rem sustinebant; sed postquam uolneratos,0.7,,pending,
1406,Uarro,uarro,,Uarro in Etruria,. comitiis perfectis ludisque factis dictator et magister equitum magistratu abierunt. C. Terentius,m pro praetore missus ut ex ea prouincia C. Hostilius Tarentum ad eum exercitum iret quem T. Quincti,0.7,,pending,
1407,quique,quique,,quique in Etruria,"sus Hasdrubalem quem iam Alpibus adpropinquare fama erat, decreta; exercitum e duobus qui in Gallia","esset addito urbano eligeret quem mallet, qui Galliam esset sortitus: cui Bruttii prouincia eueniss",0.7,,pending,
1408,Terentius,terentius,,Terentius in Etruria,"essent, quattuor Hispania haberet, binas tres praetores, in Sicilia et Sardinia et Gallia, duas C.",", duas Q. Fuluius in Bruttiis, duas Q. Claudius circa Tarentum et Sallentinos, unam C. Hostilius Tub",0.7,,pending,
1409,alterum,alterum,,alterum in Etruria,"quanto exercitu id bellum geratur, in eorum potestate esse. duos exercitus Romanos, unum in Gallia,",esse; satis scire Sp. Lucretium se cum M. Liuio iuncturum; multa milia armanda esse ut duobus ducib,0.7,,pending,
1410,exercitum,exercitum,,exercitum in Etruria,"ius Tappulus; hi duo cum aediles plebis essent, praetores creati sunt. consul comitiis perfectis ad",m redit. Sacerdotes eo anno mortui atque in locum eorum suffecti: Ti. Ueturius Philo flamen Martiali,0.7,,pending,
1411,idem,idem,,idem in Etruria,"issimus; super haec bellicae quoque laudis consulatus compotem fecerat. quod in Bruttiis prouincia,","ac Liguribus decretum: M. Cornelius nouo consuli tradere exercitum iussus, ipse prorogato imperio G",0.7,,pending,
1413,legionibus,legionibus,,legionibus in Etruria,. Lentulus pro praetore habuisset decernitur. M. Seruilio prioris anni consuli cum suis duabus item,"prorogatum imperium est. quod ad Hispanias attineret, aliquot annos iam ibi L. Cornelium Lentulum e",0.7,,pending,
1415,Gallia,gallia,,Gallia in Etruria,exercitus consularis ab Arretio Ariminum transductus erat et quinque milia socium Latini nominis ex,m transierant. itaque L. Furius magnis itineribus ab Arimino aduersus Gallos Cremonam tum obsidentes,0.7,,pending,
1416,eo,eo,,eo in Etruria,"nciam uenisset, haud clam tulit iram aduersus praetorem quod absente se rem gessisset. misso igitur",m ipse in agrum hostium legiones induxit populandoque cum praeda maiore quam gloria bellum gessit. L,0.7,,pending,
1417,quod,quod,,quod in Etruria,hostium legiones induxit populandoque cum praeda maiore quam gloria bellum gessit. L. Furius simul,"nihil erat rei quod gereret, simul Gallico triumpho imminens quem absente consule irato atque inuid",0.7,,pending,
1418,propraetori,propraetori,,propraetori in Etruria,i magistratibus C. Laelio cum suo exercitu prorogatum in annum imperium est; prorogatum et P. Iunio,"cum eo exercitu, qui in prouincia esset, et M. Tuccio propraetori in Bruttiis et Apulia. [ 51 ] Pri",0.7,,pending,
1419,propraetor,propraetor,,propraetor in Etruria,"am perfugisse et intra triduum exspirasse. senatus ea re audita decreuit, uti P. Iunius Brutus, qui","esset, prouincia exercituque traditis uni, cui uideretur, ex legatis, ipse in ulteriorem Hispaniam",0.7,,pending,
1420,praetore,praetore,,praetore in Etruria,"spaniam proficisceretur, eaque ei prouincia esset. hoc senatus consultum litteraeque a Sp. Postumio","m missae sunt, profectusque in Hispaniam est P. Iunius propraetor. in qua prouincia prius aliquanto,",0.7,,pending,
1421,legatum,legatum,,legatum in Etruria,"lli auctores sequendi sunt, qui, cum L. Scipio et accusatus et damnatus sit pecuniae captae ab rege",fuisse Africanum tradunt; qua post famam de casu fratris adlatam relicta legatione cucurrisse eum R,0.7,,pending,
1422,ignobilis,ignobilis,,ignobilis in Etruria,paniam ulteriorem. consulibus ambobus quaestio de clandestinis coniurationibus decreta est. Graecus,"m primum uenit nulla cum arte earum, quas multas ad animorum corporumque cultum nobis eruditissima o",0.7,,pending,
1423,Trepidatum,trepidatum,,Trepidatum in Etruria,lacet: Tubero incertus veri est. Sit inter cetera vetustate cooperta hoc quoque in incerto positum.,"est post Fidenas captas, non Veientibus solum exterritis metu similis excidii, sed etiam Faliscis m",0.7,,pending,
1424,timentes,timentes,,timentes in Etruria,ominum pecorumque pernicie accepta. Famem quoque ex pestilentia morbo implicitis cultoribus agrorum,"m Pomptinumque agrum et Cumas, postremo in Siciliam quoque frumenti causa misere. Consularium comiti",0.7,,pending,
1425,et,et,,et in Etruria,"ia ante prouisum erat, periculum fuit. Consilia ad movenda bella in Volscorum Aequorumque conciliis",ad fanum voltumnae agitata. Ibi prolatae in annum res decretoque cautum ne quod ante concilium fier,0.7,,pending,
1426,frons,frons,,frons in Etruria,"uniebant ut ancipitia munimenta essent: alia in urbem et contra oppidanorum eruptiones uersa, aliis","m spectans, auxiliis si qua forte inde uenirent obstruebatur. [ 2] Cum spes maior imperatoribus Roma",0.7,,pending,
1427,sed,sed,,sed in Etruria,"runt; castella primo pauca, postea exercitu aucto creberrima fecerunt; munitiones non in urbem modo","m etiam spectantes si qua auxilia ueniant, opposuere; quid turres, quid uineas testudinesque et aliu",0.7,,pending,
1428,nequiquam,nequiquam,,nequiquam in Etruria,"pugnabit, nisi auxilio hostibus tribuni plebis fuerint, et Romae inuenerint praesidia Veientes quae",quaerunt. An est quicquam quod Veientibus optatum aeque contingere possit quam ut seditionibus prim,0.7,,pending,
1429,auxilia,auxilia,,auxilia ab Etruscis,"modestia est ut non obsidionis taedio, non denique regni, quicquam apud eos nouatum sit, non negata","inritauerint animos; morietur enim extemplo quicumque erit seditionis auctor, nec cuiquam dicere ea",0.75,,pending,
1430,inritauerint,inritauerint,,ab Etruscis inritauerint,"est ut non obsidionis taedio, non denique regni, quicquam apud eos nouatum sit, non negata auxilia","animos; morietur enim extemplo quicumque erit seditionis auctor, nec cuiquam dicere ea licebit quae",0.7,,pending,
1431,agrosque,agrosque,,agrosque ab Etruscis,Eam gentem traditur fama dulcedine frugum maximeque uini noua tum uoluptate captam Alpes transisse,ante cultos possedisse; et inuexisse in Galliam uinum inliciendae gentis causa Arruntem Clusinum ir,0.75,,pending,
1432,ante,ante,,ab Etruscis ante,em traditur fama dulcedine frugum maximeque uini noua tum uoluptate captam Alpes transisse agrosque,cultos possedisse; et inuexisse in Galliam uinum inliciendae gentis causa Arruntem Clusinum ira cor,0.7,,pending,
1433,quid,quid,,quid in Etruria,estarent. Quodnam id ius esset agrum a possessoribus petere aut minari arma Romanis quaerentibus et,"rei Gallis esset, cum illi se in armis ius ferre et omnia fortium uirorum esse ferociter dicerent,",0.7,,pending,
1435,inuenere,inuenere,,ab Etruscis inuenere,ores Valerio in Volscos missi. Profecti ab urbe Sutrium Furius et Valerius partem oppidi iam captam,", ex parte altera intersaeptis itineribus aegre oppidanos uim hostium ab se arcentes. Cum Romani aux",0.7,,pending,
1437,fidemque,fidemque,,ab Etruscis fidemque,rum prodente ciuitatem facta erat deditio; mitti tamen ad principes eorum placuit ut secernerent se,quam implorassent ab Romanis ipsi praestarent. Vnde cum responsum allatum esset nihil suae potestat,0.7,,pending,
1438,omne,omne,,omne nomen Etruscum,"euerterunt, militaribus iocis cum apparatum hostium tum suum increpantes pauorem. Concitatur deinde",et Tarquiniensibus Faliscisque ducibus ad Salinas perueniunt. Aduersus eum terrorem dictator C. Mar,0.8,,pending,
1439,annos,annos,,annos in Etruria,nominis urbano prope dilectu decem scribebantur legiones; quaterni quinique exercitus saepe per eos,", in Vmbria Gallis hostibus adiunctis, in Samnio, in Lucanis gerebat bellum. Latium deinde omne cum",0.7,,pending,
1440,fuere,fuere,,apud Etruscos fuere,"s haud dubie, nisi ultro arma Etrusci inferrent. Eadem in comparando cohibendoque bello consilia et",; neutri finibus egressi. Et censura clara eo anno Ap. Claudi et C. Plauti fuit; memoriae tamen feli,0.85,,pending,
1441,clamor,clamor,,clamor ab Etruscis,"ius sol meridie se inclinauit quam telum hinc aut illinc emissum est: inde, ne infecta re abiretur,",oritur concinuntque tubae et signa inferuntur. Nec segnius a Romanis pugna initur. Concurrunt infen,0.75,,pending,
1442,oritur,oritur,,ab Etruscis oritur,"meridie se inclinauit quam telum hinc aut illinc emissum est: inde, ne infecta re abiretur, clamor",concinuntque tubae et signa inferuntur. Nec segnius a Romanis pugna initur. Concurrunt infensis ani,0.7,,pending,
1443,Sutrium,sutrium,,Sutrium ab Etruscis,"io fuerunt; summaque inuidia omnium ordinum solus censuram gessit. [ 35] Dum ea Romae geruntur, iam",obsidebatur consulique Fabio imis montibus ducenti ad ferendam opem sociis temptandasque munitiones,0.75,,pending,
1444,obsidebatur,obsidebatur,,ab Etruscis obsidebatur,"nt; summaque inuidia omnium ordinum solus censuram gessit. [ 35] Dum ea Romae geruntur, iam Sutrium","consulique Fabio imis montibus ducenti ad ferendam opem sociis temptandasque munitiones, si qua pos",0.7,,pending,
1445,haec,haec,,haec in Etruria,"ant, legati pacem foedusque ab Romanis petentes indutias in triginta annos impetrauerunt. [ 38] Dum","geruntur, consul alter C. Marcius Rutulus Allifas de Samnitibus ui cepit. Multa alia castella uiciq",0.7,,pending,
1447,quoque,quoque,,quoque in Etruria,"uribus aliis coniurauit de caede consulum et senatus, incendiis urbis et obprimenda re p., exercitu","conparato. Ea coniuratio industria M. Tulli Ciceronis eruta est. Catilina urbe pulso, de reliquis c",0.7,,pending,
1448,amisso,amisso,,amisso in Etruria,II TITI LIVI AB URBE CONDITA LIBER XXII PERIOCHA Hannibal per continuas uigilias in paludibus oculo,"m uenit, per quas paludes quadriduo et tribus noctibus sine ulla requie iter fecit. C. Flaminius cos",0.7,,pending,
1449,Gallisque,gallisque,,ab Etruscis Gallisque,"cilius praetor ob ulciscendam legatorum necem et conprimendum tumultum hostium cum exercitu missus,","oppressus interiit. 14 septem praeterea tribuni militum in ea pugna occisi, multi nobiles trucidati",0.7,,pending,
1450,cum,cum,,cum in Etruria,", amisso exercitu paene solus evasit. in eo tamen bello etiam Hannibal sauciatus est. 8 qui postea,","m primo uere transiret, in summo Appennino tempestate correptus, biduo continuo inmobiliter cum exer",0.7,,pending,
1451,Marcellus,marcellus,,Marcellus in Etruria,Tuditanus in Hispania citeriore bello oppressus cum omni exercitu Romano interfectus est; 11 consul,a Bois oppressus magnam partem exercitus perdidit; cui postea Furius alter consul auxilio accessit:,0.7,,pending,
1452,Norinberch,norinberch,,Norinberch appellatur a,"um est, ut non pauci ex ipsis huiusmodi inmanitatem fugientes, in oppido principis quod Noricum seu",liisque municipiis eius ad conservandam vitam se reciperent. Capitulum XXXVIIII. At prefatus Clareva,0.7,,pending,
1453,ita,ita,,ita dictum quod,"est, fuisse perhibetur. Huius Venetiae Aquileia civitatis extitit caput; pro qua nunc Forum Iulii,","Iulius Caesar negotiationis forum ibi statuerat, habetur. 15. Non ab re esse arbitror, si etiam cet",0.7,,pending,
1454,posteaquam,posteaquam,,posteaquam in Etruria,s euasit; in eo tamen bello etiam Annibal sauciatus est. Tunc se Annibali multi Itali dedidere. Qui,"m primo uere transiret, in summo Apennino tempestate correptus biduo continuo immobiliter stetit niu",0.7,,pending,
1455,Marcellus,marcellus,,Marcellus in Etruria,", Cremonam Placentiamque uastantes difficillimo bello a Lucio Fuluio praetore superati sunt. Consul",a Boiis oppressus magnam partem exercitus perdidit; cui postea Furius alter consul auxilio accessit,0.7,,pending,
1456,10,10,,10 ex dulci oriundu,"morabile: tute tibi puer es, lautus luces cereum. Phaed. Egon apicularum congestum opera non feram,","m melculo dulci meo? Pal. Nam quo te dicam ego ire? Phaed. Si tu me roges, dicam ut scias. Pal. Si r",0.7,,pending,
1457,mater,mater,,mater dicta quod,". quanta est cura in animo, quantum corde capio 454-455 dolorem — dolus ne occidat morte pueri: 456","sum, eo magis studeo vitae; quae ausa hunc sum, tantundem dolum <nunc> adgrediar. lucri causa avara",0.7,,pending,
1458,alio,alio,,alio dictum est quod,"ibus sentiunt. 13 Praeterea suae quisque inventioni favet, et quasi fortissimum amplectitur, cum ab","ipse praevidit. Omnibus ergo dandum est aliquid quod teneant, quod agnoscant. 14 Dixit aliquando mi",0.7,,pending,
1459,Vetulonios,vetulonios,,Vetulonios in Etruria,"m et in Gaditano oceano. Patavinorum aquis calidis herbae virentes innascuntur, Pisanorum ranae, ad","non procul a mari pisces. in Casinate fluvius appellatur Scatebra, frigidus, abundantior aestate; i",0.7,,pending,
1460,Tarentinus,tarentinus,,Tarentinus appellatur ab,"uerit. [99] Conectitur secunda regio amplexa Hirpinos, Calabriam, Apuliam, Sallentinos,CCL sinu qui","oppido Laconum — in recessu hoc intimo situm, contributa eo maritima colonia, quae ibi fuerat, abes",0.7,,pending,
1461,Transpadana,transpadana,,Transpadana appellatur ab,"to adest oppidum iuxta Industria vetusto nomine Bodincomagum, ubi praecipua altitudo incipit. [123]","eo regio undecima, tota in mediterraneo, cui marina cuncta fructuoso alveo inportat. oppida Vibi Fo",0.7,,pending,
1462,universum,universum,,universum appellata a,"terarum claritas ex hoc primum sinu effulsit, quapropter paululum in eo conmorabimur. [2] Epiros in","Cerauniis incipit montibus. in ea primi Chaones, a quibus Chaonia, dein Thesproti, Antigonenses, lo",0.7,,pending,
1463,Pieria,pieria,,Pieria appellatur a,"elagonia protegunt a Triballis. oppida Aegae, in quo sepeliri mos reges, Beroea et in regione, quae","nemore, Aeginium. [34] in ora Heraclea, flumen Apilas, oppida Pydna, Aloros, amnis Haliacmon. intus",0.7,,pending,
1464,Pachynum,pachynum,,Pachynum vocatur quod,ibus promunturiis in diversa procurrens Graecae litterae imaginem quae Delta dicitur efficit. [101],"Graeciam spectat, Lilybaeum quod in Africam, Pelorias quod in Italiam vergens Scyllae adversum est.",0.75,,pending,
1466,saucius,saucius,,ab Etruscis saucius,"s amores, formosum ni vis perdere rursus Hylan. XXI Tu, qui consortem properas evadere casum, miles","aggeribus, quid nostro gemitu turgentia lumina torques? pars ego sum vestrae proxima militiae. sic",0.7,,pending,
1467,quod,quod,,quod appellatur a,"dere gentem!""; ""facere enim probus adulescens periculose quam perpeti turpiter maluit"". XII. Est et","novis noema, qua voce omnis intellectus accipi potest, sed hoc nomine donarunt ea quae non dicunt v",0.7,,pending,
1468,aliquot,aliquot,,aliquot in Etruria,"fatis omnia permissurum. Rutuli ad oppugnandum, Troiani ad defendendum urbem redeunt. Aeneas, dies","commoratus, collectis inde auxiliis, ad suos redit, triginta navium classe auctus. Nymphas, e suis",0.7,,pending,
1470,Styx,styx,,Styx appellata ab,"bit. [25,1] Quaedam aquae mortiferae sunt nec odore notabiles nec sapore. Circa Nonacrin in Arcadia","incolis aduenas fallit, quia non facie, non odore suspecta est: qualia sunt magnorum artificum uene",0.7,,pending,
1471,et,et,,et in Etruria,"us ramis arboris adcrescentibus adpensus est, et fulgur caelo sereno sine noxa in eius domum venit,","dolia, quae defossa fuerant, supra terram reperta suntet statuas eius in omni Etruria examen apium",0.7,,pending,
1472,Ligea,ligea,,Ligea appellata ab,i fratris natu maximi urbem vocaverunt. Mox in Bruttiis ab Ulyxe exstructum templum Minervæ. Insula,"ejecto ibi corpore sirenis ita nominatæ; Parthenope a Parthenopæ sirenis sepulcro, quam Augustus po",0.7,,pending,
1473,Ligea,ligea,,Ligea appellata ab,fratris natu maximi urbem vocaverunt. mox in Bruttiis ab Ulixe. extructum templum Minervae. insula,"eiecto ibi corpore Sirenis ita nominatae: Parthenope a Parthenopae Sirenis sepulcro, quam Augustus",0.7,,pending,
1474,solifuga,solifuga,,solifuga dicta quod,"rpentibus. sed quod aliis locis serpens, hoc solifuga Sardis agris, animal perexiguum aranei forma,","diem fugiat. in metallis argentariis plurima est, nam solum illud argenti dives est: occultim repta",0.7,,pending,
1475,Ligea,ligea,,Ligea appellata ab,atris natu maximi urbem uocauerunt. 9 Mox in Bruttiis ab Vlixe. extructum templum Mineruae. Insula *,"*eiecto ibi corpore Sirenis ita nominatae; Parthenope a Parthenopae Sirenis sepulcro, quam Augustus",0.7,,pending,
1476,solifuga,solifuga,,solifuga dicta quod,"ntibus. 3 Sed quod aliis locis serpens, hoc solifuga Sardis agris, animal *perexiguum aranei forma,","diem fugiat. In metallis argentariis plurima est, nam solum illud argenti diues est; occultim repta",0.7,,pending,
1477,deus,deus,,Etrusca lingua deus,"ra notaret, futurumque ut inter deos referretur, quod aesar, id est reliqua pars e Caesaris nomine,","vocaretur. Tiberium igitur in Illyricum dimissurus et Beneventum usque prosecuturus, cum interpella",0.9,,pending,
1479,prolocutum,prolocutum,,prolocutum in Etruria,"tatuam divi Iulii in insula Tiberini amnis sereno et immoto die ab occidente in orientem conversam,","bovem, insolitos animalium partus, et plura alia rudibus saeculis etiam in pace observata, quae nun",0.7,,pending,
1480,iam,iam,,iam dictum quod,"riosum militem, puerum supponi, falli per servom senem, amare odisse suspicari? denique 40 nullumst",non dictum sit prius. qua re aequom est vos cognoscere atque ignoscere quae veteres factitarunt si,0.7,,pending,
1481,Id,id,,Id vocatur quod,ur — de solo triclinio Christianorum retractatur. [16] Cena nostra de nomine rationem sui ostendit:,"dilectio penes Graecos. Quantiscumque sumptibus constet, lucrum est pietatis nomine facere sumptum,",0.75,,pending,
1482,transvenas,transvenas,,transvenas in Etruria,"s multi, qui super ista re commentarios ediderunt. ab his ludorum origo sic traditur: Lydos ex Asia","consedisse Timaeus refert duce Tyrreno, qui fratri suo cesserat regni contentione. igitur in Etruri",0.7,,pending,
1483,igitur,igitur,,igitur in Etruria,"venas in Etruria consedisse Timaeus refert duce Tyrreno, qui fratri suo cesserat regni contentione.",inter ceteros ritus superstitionum suarum spectacula quoque religionis nomine instituunt. inde Roma,0.7,,pending,
1485,Amictui,amictui,,Amictui dictum quod,"ulam ac crocotulam. Multa post luxuria attulit, quorum vocabula apparet esse Graeca, ut asbestinon.","ambiectum, est, id est circumiectum, a quo etiam quo vestitas se involuunt, circumiectui appellant,",0.7,,pending,
1486,Tuscanicum,tuscanicum,,Tuscanicum dictum a Tuscis,"aperet, deorsum quo impluebat, dictum impluium, susum qua compluebat, compluium: utrumque a pluvia.",", posteaquam illorum cavum aedium simulare coeperunt. Atrium appellatum ab Atriatibus Tuscis: illinc",0.85,,pending,
1487,Idus,idus,,Sabini Idus dicunt,"nstruas, quae futurae sint eo mense, rex edicit populo. Idus ab eo quod Tusci Itus, vel potius quod",". Dies postridie Kalendas, Nonas, Idus appellati atri, quod per eos dies nihil novi inciperent. Dies",0.75,,pending,
1488,decuma,decuma,,decuma appellata ab,"inc profanum, quod est ante fanum coniunctum fano; hinc profanatum quid in sacrificio atque Herculi","eo est quod sacrificio quodam fanatur, id est ut fani lege fit. Id dicitur polluctum, quod a porric",0.7,,pending,
1489,Subulo,subulo,,"Subulo dictus, quod ita dicunt tibicines Tusci",Callimachum in poematibus eius inveni. Apud Ennium: Subulo quondam marinas propter astabat plagas.,": quocirca radices eius in Etruria, non Latio quaerundae. Versibus quos olim Fauni vatesque canebant",0.9,,pending,
1494,Granum,granum,,Granum dictum quod,"tico, tria habet continentia, granum, glumam, aristam et etiam, primitus spica cum oritur, vaginam.","est intimum soldum; gluma qui est folliculus eius; arista quae ut acus tenuis longa eminet e gluma,",0.7,,pending,
1495,atque,atque,,atque appellatur a,"ra subiectari vallis aut ventilabris, cum ventus spirat lenis. Ita fit ut quod levissimum est in eo","cus ac palea evannatur foras extra aream ac frumentum, quod est ponderosum, purum veniat ad corbem.",0.7,,pending,
1496,viri,viri,,viri in Etruria,"iis pacis, foedus cum feritur, porcus occiditur, et quod nuptiarum initio antiqui reges ac sublimes","in coniunctione nuptiali nova nupta et nouus maritus primum procum immolant. Prisci quoque Latini,",0.7,,pending,
1497,item,item,,item appellatur quod,"a, cornicines canunt; quotiens antem pugnatur, et tubicines et cornicines pariter canunt. Classicum","bucinatores per cornu dicunt. Hoc insigne uidetur imperii, quia classicum canitur imperatore praese",0.7,,pending,
1498,et,et,,et appellatur a,"uocatur ab eo, quod incurua est, ut de muro extrahat lapides, aut certe caput ipsius uestitur ferro","ries, uel quod habet durissimam frontem, qua subruit muros, uel quod more arietum retrocedit, ut cum",0.7,,pending,
1499,fugiens,fugiens,,fugiens in Etruria,"serat regem. 6 1 Lucius Tarquinius Priscus, Demarati Corinthii filius, eius, qui Cypseli tyrannidem","m commigravit. 2 Ipse Lucumo dictus, urbe Tarquiniis profectus Romam petiit. 3 Advenienti aquila pil",0.7,,pending,
1502,vulgo,vulgo,,vulgo appellatur A,"astrum Harenc obsiderent. Est autem praedictus locus, in territorio Chalcidensi, quae civitas hodie","rtasia, nobilis aliquando, nunc ad instar parvissimi redacta oppidi. Distat autem uterque locus ab A",0.7,,pending,
1505,partim,partim,,partim in Etruria,em reversus prope totam Italiam in armis invenit sub iuvene Mario Mari filio; sed omnes eius copias,ad Sacriportum partim ad Collinam Portam prostravit et reliquias adversariorum [eorum] qui se deder,0.7,,pending,
1506,philosophum,philosophum,,apud Varronem philosophum,"inione, uerum etiam doctorum uirorum auctoritate hoc miraculum de pueris confirmatur. (6) Memini me",", uirum accuratissime doctum atque eruditum, cum alia eiusdem modi, tum hoc etiam legere: Trallibus",0.85,,pending,
1507,Syro,syro,,Syro ex insula oriundu,"ot vices vitae, quae diis manibus pro merito suo cuique tormenta vel praemia. Quin etiam Pherecydes","s, qui primus versuum nexu repudiato conscribere ausus est passis verbis, soluto locutu, libera orat",0.7,,pending,
1508,modo,modo,,modo dictum est quod,sed sumitur essentia ab ente primo modo dicto. Unde Commentator in eodem loco dicit quod ens primo,"significat essentiam rei. Et quia, ut dictum est, ens hoc modo dictum dividitur per decem genera, o",0.7,,pending,
1509,sicut,sicut,,sicut dictum est quod,"quantum scilicet non praecidit designationem materiae, sed implicite, continet eam et indistincte,",genus continet differentiam; et ideo praedicatur hoc nomen homo de individuis. Sed hoc nomen humani,0.7,,pending,
1510,ideo,ideo,,ideo dictum est quod,quiditas vel natura seu forma sua. Unde oportet quod in intelligentiis sit esse praeter formam; et,intelligentia est forma et esse. Omne autem quod convenit alicui vel est causatum ex principiis nat,0.7,,pending,
1511,supra,supra,,supra dictum est quod,"ur sana, non a sanitate quae in ipsa sit, sed a sanitate animalis, quam significat. Similiter etiam","res denominantur verae a veritate intellectus. Unde si nullus intellectus esset aeternus, nulla ver",0.7,,pending,
1513,supra,supra,,supra dictum est quod,"telligendum secundum impossibilitatem absolutam, sed secundum impossibilitatem conditionatam: sicut","praedestinatum necesse est salvari, necessitate conditionata, quae non tollit libertatem arbitrii.",0.7,,pending,
1514,supra,supra,,supra dictum est quod,"natio falli possit. Ad tertium dicendum quod, cum praedestinatio includat divinam voluntatem, sicut","Deum velle aliquid creatum est necessarium ex suppositione, propter immutabilitatem divinae volunta",0.7,,pending,
1515,supra,supra,,supra dictum est quod,", procedit secundum rationem similitudinis, sicut etiam id quod procedit per modum naturae: et ideo","processio verbi divini est ipsa generatio per modum naturae. Amor autem, inquantum huiusmodi, non p",0.7,,pending,
1516,supra,supra,,supra dictum est quod,"uidam falso opinati sunt: nam relatio quam significat hoc nomen Pater, est subsistens persona. Unde",hoc nomen persona in divinis significat relationem ut subsistentem in divina natura. Ad secundum di,0.7,,pending,
1518,sicut,sicut,,sicut dictum est quod,"m est tota ratio existendi, et bonitatis alii, magis diligitur naturaliter tale alterum quam ipsum;",unaquaequae pars diligit naturaliter totum plus quam se. Et quodlibet singulare naturaliter diligit,0.7,,pending,
1520,autem,autem,,autem dictum est quod,ae. Respondeo dicendum quod habitus quodammodo est medium inter potentiam puram et purum actum. Iam,"nihil cognoscitur nisi secundum quod est actu. Sic ergo inquantum habitus deficit ab actu perfecto,",0.7,,pending,
1521,qui,qui,,qui appellatur a,digne abrogatos his cultus et honoris inpertitione viduatos? 4. Quod si non mentis elatio et typhus,"Graecis obstaret atque officeret vobis, iamdudum scire potuissetis, quid aut quare prohibuerit fier",0.7,,pending,
1522,tum,tum,,tum in Etruria,"ticens ostendit. Fuerat enim opinio, ut Catilina ex urbe profugerat in castra Manli centurionis qui","ad Faesulas exercitum ei comparabat, Clodium subsequi eum voluisse et coepisse, tum dein mutato con",0.7,,pending,
1523,solo,solo,,solo dictum est quod,"tuo dictum est hoc? cur de illo tantum dictum est quasi locus ubi esset, qui non est locus, de quo",sit donum tuum? in dono tuo requiescimus: ibi te fruimur. requies nostra locus noster. amor illuc a,0.7,,pending,
1524,putat,putat,,putat dicta quod,erpretatio ita verborum origo pro cuiusque ingenio iudicatur. Ecce enim 'verba' ipsa quispiam ex eo,"aurem quasi 'verberent'. Immo inquit alius quod aerem. Sed quid? Nostra non magna lis est, nam uter",0.7,,pending,
1525,laude,laude,,laude dictum est quod,"PTIS LEGIS HABITVS CARTHAGINE AD MENSAM SANCTI CYPRIANI domino deo nostro, cuius cultores sumus, in",am scripturarum loco: [omnia in mensura et numero et pondere disposuisti]. deinde apostolica doctrin,0.7,,pending,
1527,quippe,quippe,,quippe dictum est quod,"it; et quos uocauit, ipsos et iustificauit; quos autem iustificauit, ipsos et glorificauit. De illo","iustificet impium; de illo dictum est quod sit iustus et iustificans. Si ergo quos iustificauit, ip",0.7,,pending,
1528,illo,illo,,illo dictum est quod,"uos autem iustificauit, ipsos et glorificauit. De illo quippe dictum est quod iustificet impium; de","sit iustus et iustificans. Si ergo quos iustificauit, ipsos et glorificauit, qui iustificat ipse et",0.7,,pending,
1529,ergo,ergo,,ergo dictum est quod,udicat quemquam. Secundum hoc enim quod aequalem pater genuit filium iudicat cum illo. Secundum hoc,in iudicio non forma dei sed forma filii hominis apparebit. Non quia non iudicabit qui dedit omne i,0.7,,pending,
1530,qui,qui,,qui appellatur a,"ium non receperunt, quamuis ex auditu in nobis facta sit, non tamen ad eum sensum corporis pertinet","uditus quoniam non est sonus, nec ad oculos huius carnis quoniam non est color aut corporis forma, n",0.7,,pending,
1531,illo,illo,,illo dictum est quod,ctus est illi. Nec ita ut aliquando esse desistat aut coeperit; immortalis est enim. Nec frustra de,solus habeat immortalitatem. Nam immortalitas eius uere immortalitas est in cuius natura nulla est,0.7,,pending,
1533,enim,enim,,enim dictum est quod,"uia dictum est de illo: Non enim loquetur a semetipso, sed quaecumque audiet loquetur; secundum hoc","de patre procedit. Cum uero et filius de patre sit et spiritus sanctus a patre procedat, cur non am",0.7,,pending,
1536,qui,qui,,qui appellatur A,", D equites transportabat biduoque et noctibus tribus navigatione consumptis appellit ad eum locum,",nquillaria. Hic locus abest a Clupeis passuum XXII milia habetque non incommodam aestate stationem e,0.7,,pending,
1538,legerim,legerim,,apud Varronem legerim,"um fuisse et hodiernum esse. Quot autem saecula urbi Romae debeantur, dicere meum non est; sed quid",", non tacebo, qui libro antiquitatum duodevicensimo ait fuisse Vettium Romae in augurio non ignobile",0.85,,pending,
1539,Romanum,romanum,,Romanum in Etruria,"videri, sed iam me ipse inertiae nequitiaeque condemno. [ 5 ] Castra sunt in Italia contra populum","e faucibus conlocata, crescit in dies singulos hostium numerus; eorum autem castrorum imperatorem du",0.7,,pending,
1542,Stilbwn,stilbwn,,Stilbwn appellatur a,"or, diebus minus eundem lustrat orbem quem duae superiores, infra hanc autem stella Mercuri est (ea","Graecis), quae anno fere vertenti signiferum lustrat orbem neque a sole longius umquam unius signi",0.7,,pending,
1543,certe,certe,,certe in Etruria,"s auctoritas? Nobiscum nec animo certe est nec corpore. Si autem aut domi est aut non longe a domo,","est, id est in via. Quis igitur mihi praestat Lentonem uno capite esse contentum? Dic mihi praetere",0.7,,pending,
1545,eo,eo,,eo appellatur quia,"nes singulos esse voluerunt, quorum ipsum nomen vim suae potestatis indicat. nam dictator quidem ab","dicitur, sed in nostris libris vides eum Laeli magistrum populi appellari.' (Laelius) 'video' inqui",0.7,,pending,
1546,volgo,volgo,,volgo appellatur a,"Veneriis voluptatibus, sic flagitiosi, qui eas inflammato animo concupiscunt. Totus vero iste, qui","mor - nec hercule invenio, quo nomine alio possit appellari -, tantae levitatis est, ut nihil videam",0.7,,pending,
1547,testibus,testibus,,testibus dictum quod,mnibus nullum esset in quo quisquam vestrum perpetuam accusationem requireret. Nego esse quicquam a,aut vestrum cuipiam esset obscurum aut cuiusquam oratoris eloquentiam quaereret. Etenim sic me ipsu,0.7,,pending,
1549,qui,qui,,qui appellatur A,dae Leptogeneseos apocryphus Centonem de Christo virgilianis conpaginatum versibus apocryphum Liber,ctus Theclae et Pauli apocryphus Liber qui appellatur Nepotis apocryphus Liber Proverbiorum ab heret,0.7,,pending,
1552,eorum,eorum,,eorum in Etruria,"acra alite adiutus, tulit spolia; et inde Corvini. Nec non tamen post aliquod annos omnis reliquias","ad lacum Vadimonis Dolabella delevit, ne quis exstaret ex ea gente, quae incensam a se Romanam urbe",0.7,,pending,
1553,profectus,profectus,,profectus in Etruria,"a curatione ipsa rescinderentur. Ergo cum turbidis concionibus velut classico civitatem terruisset,",m arma inde et exercitum urbi admovebat. Sed iam Mulvium pontem collemque Ianiculum Lutatius Catulus,0.7,,pending,
1554,Manlio,manlio,,Manlio in Etruria,eque palam ac professo incendium suum restincturum ruina minaretur. Et ille quidem ad praeparatum a,exercitum proficiscitur signa inlaturus urbi. Lentulus destinatum familiae suae Sibyllinis versibus,0.7,,pending,
1555,inventore,inventore,,inventore appellatur A,"t auxilio, aliam aquam eiusdem bonitatis opere subterraneo perduxit usque ad Marciae rivum, quae ab","ugusta. Nascitur ultra fontem Marciae. Cuius ductus donec Marciae accedat, efficit passus octingento",0.7,,pending,
1557,Romanorum,romanorum,,ab Etruscis Romanorum,"traxit aciem et sine iactura suorum cecidit aversos. Cn. Manlius consul, cum ex acie reversus capta","castra invenisset, omnibus portis statione circumdatis inclusos hostes in eam rabiem efferavit, ut",0.7,,pending,
1559,novum,novum,,novum appellatur a,"los, dicit Dominus; dabo legem meam in visceribus eorum et in corde eorum scribam eam"". En et fedus","propheta lex ipsa spiritalis, que scribenda erat in suo tempore in libro cordium humanorum non liqu",0.7,,pending,
1560,totum,totum,,totum appellatur a,". Tunc enim potest recusari, nisi datus sit de partium consensu. Abbas. Ò § 2. A subdelegato non in","d subdelegantem, non autem ad primum delegantem; secus si in totum. H. d. usque ad § Quem vero. Ò §",0.7,,pending,
1561,idcirco,idcirco,,idcirco appellatur quia,"ihil minus continet, sed semel et simul omnia intuetur praeterita, praesentia et futura. Vivax mens",quod semel in divina fuerit ratione nulla umquam oblivione aboletur. [751B] primaeva ratio rerum es,0.7,,pending,
1562,venientes,venientes,,venientes in Etruria,"crates, Asclepio patre genitus in insula Coo. ludi a Lydis initium sumpsisse creduntur, qui ex Asia","consederunt sub Tyrreno duce, ibique inter ceteros superstitionum suarum ritus spectacula instituer",0.7,,pending,
1563,qui,qui,,qui appellatur A,vel Genesis apocryphus. Centimetrum de Christo Vergilianis compaginatum versibus apocryphum. liber,ctus Theclae et Pauli apocryphus. liber qui appellatur Nepotis apocryphus. liber Proverbiorum ab hae,0.7,,pending,
1564,augustus,augustus,,augustus appellatur a,"et invidorum consilio fultus, fraude interficit circumventum. Romanorum XLV, SEVERUS a senatu Romae",nno imperii Leonis quinto. VI. I. (Olymp. CCCXI.) Suniericus redit ad Gallias. Nepotianus Theudorico,0.7,,pending,
1565,eorum,eorum,,eorum in Etruria,iutus rettulit spolia dictusque est ipse Corvinus. Nec non tamen post aliquod annos omnes reliquias,"ad lacum Vadi montis Dolabella delevit, ne quis extaret ex ea gente quae incensam a se Romanam urbe",0.7,,pending,
1567,ita,ita,,ita vocata quod,"ricus conposuit. [8] A frequentatoribus, ut Asclepiadia. Non enim ea Asclepius invenit, sed proinde","ea idem elegantissime [et frequentissime] usus sit. [9] A rebus quae scribuntur, ut heroicum, elegi",0.75,,pending,
1568,Iscurra,iscurra,,Iscurra vocatur quia,"152] Investis, id est sine veste; nondum enim habet stolam; quod est signum maritalis virginitatis.","causa escae quempiam consectatur. K [153] Katholicus, universalis: Graecum enim est. Karus Graecum",0.75,,pending,
1569,Sicarius,sicarius,,Sicarius vocatur quia,"et asperi. Scrupo est enim arena durior. Sacrilegus dicitur ab eo quod sacra legit, id est furatur.","ad perpetrandum scelus telis armatus est. Sica enim gladius est, a secando vocatus. [253] Scaevus,",0.75,,pending,
1570,autem,autem,,autem appellata a,"] Senex autem tantum masculini generis est, sicut anus feminini; nam anus dicitur sola mulier. Anus","multis annis, quasi annosa. Nam si commune esset nomen, cur diceret Terentius (Eun. 357): 'senem mu",0.7,,pending,
1571,ita,ita,,ita vocata quia,distant. Sunt enim in facie producta barba et lata cauda. [34] Leontophonos bestia modica; et ex eo,"capta exuritur, eiusque cinere aspersae carnes et positae per conpita semitarum leones necant, si q",0.75,,pending,
1572,ita,ita,,ita vocata quod,"um nutrit, sicque iterum de cincribus suis resurgit. [23] Cinnamolgus et ipsa Arabiae avis, proinde",in excelsis nemoribus texit nidos ex fruticibus cinnami: et quoniam non possunt ibi homines conscen,0.75,,pending,
1573,vulgo,vulgo,,vulgo appellatur a,"vis, unde et nuncupatus; rapacissimus tamen et semper domesticis avibus insidiator. [59] Ossifragus",vis quae ossa ab alto dimittit et frangit. Vnde et a frangendo ossa nomen accepit. [60] Turtur de vo,0.7,,pending,
1574,Tonitruum,tonitruum,,Tonitruum dictum quod,"emque faciunt; unde est illud (Virg. Aen. 5,20): Atque in nubem cogitur aer. VIII. DE TONITRVO. [1]",sonus eius terreat; nam tonus sonus. Qui ideo interdum tam graviter concutit omnia ita ut caelum di,0.7,,pending,
1575,Grando,grando,,Grando appellata quod,"e et Lucretius (1,715): Ex igni, terra atque anima nascuntur et imbri. Est autem nomen Graecum. [5]","forma eius granorum similitudinem habeat. Haec autem ventorum rigore durantur in nube, ac solidantu",0.7,,pending,
1576,Aqua,aqua,,Aqua dicta quod,"ventos quam fulmina alata fingunt poetae, ut (Virg. Aen. 8,430): Alitis Austri. XII. DE AQVIS. [1]","superficies eius aequalis sit; hinc et aequor appellatum, quia aequaliter sursum est. [2] Duo autem",0.7,,pending,
1577,magnum,magnum,,magnum appellatur quia,"est quod ab occasu ex Oceano fluit et in meridiem vergit, deinde ad septentrionem tendit; quod inde","cetera maria in conparatione eius minora sunt. Iste est et Mediterraneus, quia per mediam terram us",0.7,,pending,
1578,Charybdis,charybdis,,Charybdis dicta quod,"mam hominis capitibus caninis succinctam, quia conlisi ibi fluctus latratus videntur exprimere. [5]","gurgitibus occultis naves obsorbeat; est enim mare verticosum, et inde ibi laniata naufragia profun",0.7,,pending,
1579,Diluvium,diluvium,,Diluvium dictum quod,"a sunt, quaedam vero, quae non erant, abyssi tunc ruptis meatibus eruperunt. XXII. DE DILVVIIS. [1]","aquarum clade omnia quae inundaverit deleat. [2] Primum diluvium extitit sub Noe, quando hominum sc",0.7,,pending,
1580,Palaestinae,palaestinae,,Palaestinae vocata quod,ens in terra Agrabath. Situs eius natura consimili nec ullo differens a Iudaea. [23] Galilaea regio,"gignat candidiores homines quam Palaestina. Haec autem duplex est, superior et inferior, sibi tamen",0.75,,pending,
1581,Italiae,italiae,,Italiae dicta quod,"minata. Est enim in iugis Appennini montis sita, in parte Italiae iuxta meridiem. [22] Etruria pars","eius fines tendebantur usque ad ripam Tiberis, quasi ETEROURIA. Nam ETERON significat alterum, OROS",0.7,,pending,
1582,Libya,libya,,Libya dicta quod,"as, et ultra vel quod ultima vel quod non sit post hanc ulla, hoc est alia, terra. V. DE LIBYA. [1]","inde Libs flat, hoc est Africus. Alii aiunt Epaphum Iovis filium, qui Memphin in Aegypto condidit,",0.7,,pending,
1583,autem,autem,,autem vocata quod,"um in ius suum Romani vincendo redigerent, procul positas regiones provincias appellaverunt. Patria","communis sit omnium, qui in ea nati sunt. [20] Terra autem significari, ut praediximus (13,3,1), el",0.75,,pending,
1584,Graece,graece,,Graece dicta quod,"] Abydos insula in Europa super Hellespontum posita, angusto et periculoso mari separata, et ABUDOS","sit introitus Hellesponti maris, in quo Xerxes pontem ex navibus fecit, et in Graeciam transiit. [1",0.7,,pending,
1585,autem,autem,,autem vocata quod,"Cytherea insula una ex Cycladibus a parte occidua sita, cuius Porphyris antea nomen fuit. Cytherea","ibi Venus sit orta. [26] Icaria insula una de Cycladibus, quae Icario mari nomen dedit. Haec inter",0.75,,pending,
1586,Hispaniae,hispaniae,,Hispaniae dicta quod,"is angulosa, gignens laetissima pabula et lapidem quem catochiten Graeci vocant. [43] Ebosus insula","a Zanio non procul sit, quasi abozus; nam septuaginta stadiis ab ea distat. Cuius terram serpentes",0.7,,pending,
1587,Deserta,deserta,,Deserta vocata quia,"a conlucendo crebris luminibus dici, quae ibi propter religionem gentilium cultumque fiebant. [31]","non seruntur et ideo quasi deseruntur; ut sunt loca silvarum et montium, contraria uberrimarum terr",0.75,,pending,
1588,notatum,notatum,,litteris Tuscis notatum,"aiunt, cum Tarquinius Priscus Capitolii fundamenta Romae aperiret, in loco fundamenti caput hominis","invenit, et proinde Capitolium appellavit. [32] Arces sunt partes urbis excelsae atque munitae. Nam",0.85,,pending,
1589,Macellum,macellum,,Macellum dictum quod,"ulis lignisque erant constructae, quae nunc et si non speciem, nomen tamen pristinum retinent. [44]",ibi mactentur pecora quae mercantibus venundantur. [45] Mercatum autem a conmercio nominatum. Ibi e,0.7,,pending,
1590,Cella,cella,,Cella dicta quod,". KLINE enim Graece lectus vel adcubitus dicitur, ex quo confectum est ut triclinium diceretur. [9]","nos occultat et celat. Cubiculum vero, quod eo cubamus ibique dormientes requiescimus. Cubile autem",0.7,,pending,
1591,Analogium,analogium,,Analogium dictum quod,"niversi exaudire possint. Alias tribunal a tribu denominatum, quod ad illud tribus convocetur. [17]",sermo inde praedicetur; nam LOGOS Graece sermo dicitur; quod et ipsud altius situm est [ut in eo le,0.7,,pending,
1592,Fundamentum,fundamentum,,Fundamentum dictum quod,prius quam domum ingrediamur; postes eo quod post ostium stent. VIII. DE PARTIBVS AEDIFICIORVM. [1],"fundus sit domui. Idem et caementum a caedendo dictum, quod caeso crasso lapide surgat. [2] Paries",0.7,,pending,
1593,Capitolia,capitolia,,Capitolia dicta quod,"s est earum quae vocantur Atticae, quaternis angulis aut amplius, paribus laterum intervallis. [15]","sint columnarum capita, sicut super collum caput. Epistolia sunt quae super capitella columnarum po",0.7,,pending,
1594,Volutabra,volutabra,,Volutabra appellata quod,"e. Lutum vocatum quidam per antiphrasin putant, quod non sit mundum; nam omne lotum mundum est. [5]",ibi apri volutentur. Vligo sordes limi vel aquae sunt. Sabulum levissimum terrae genus. [6] Argilla,0.7,,pending,
1595,crepido,crepido,,crepido vocata quod,"LAIA Graece, speluncae Latine. Est autem rupis cavata. [3] Crepido extremitas saxi abrupta; unde et","sit abrupti saxi altitudo, sicut 'haeret pede pes densus' (Virg. Aen. 10,361); unde et vocatur. Cau",0.75,,pending,
1596,Chalcosmaragdus,chalcosmaragdus,,Chalcosmaragdus dicta quod,"similes notas habent. Smaragdi autem mero et viridi proficiunt oleo, quamvis natura inbuantur. [3]",viridis sit et turbida aereis venis. Haec in Aegypto vel Cypro insula nascitur. [4] Prasius pro vir,0.7,,pending,
1597,Myrrhites,myrrhites,,Myrrhites dicta est quod,"e profundo petat, et carinis ita tenaciter adhaereat ut nisi abrasa parte ligni vix separetur. [14]",in ea myrrhae color est. Conpressus autem usque ad calorem nardi spirat suavitatem. Aromatitis repe,0.7,,pending,
1598,Onyx,onyx,,Onyx appellata quod,"aec rubrum habet colorem marmoribus praestans, sed inter gemmas vilissima. Genera eius quinque. [3]",habeat in se permixtum candorem in similitudinem unguis humanae. Graeci enim unguem ONUCHAdicunt. H,0.7,,pending,
1599,Melichrysus,melichrysus,,Melichrysus dicta quod,ris habet quadrulas. Gignitur in Persida. [6] Leucochrysus colore aureo interveniente candida vena.,"veluti per aurum (sincerum mel), sic haec gemma transluceat. [7] Chrysocolla gignitur in India, ubi",0.7,,pending,
1600,Vitrum,vitrum,,Vitrum dictum quod,"tem non translucidas gemmas caecas appellari, eo quod densitate sua obscurentur. XVI. DE VITRO. [1]",visui perspicuitate transluceat. In aliis enim metallis quidquid intrinsecus continetur absconditur,0.7,,pending,
1601,aurum,aurum,,aurum dictum quod,"fulgeat luce alia repercussus. Hinc et aurarii dicti, quorum fulgor splendiosus reddit. [2] Obryzum","obradiet splendore; est enim coloris optimi, quod Hebraei 'ophaz', Graeci KIRRON dicunt. Brattea di",0.7,,pending,
1602,vivum,vivum,,vivum dictum quod,"Cui mirum in modum illud ut, dum candidum sit, inpressum corpori liness nigras reddat. [2] Argentum","excidat materias in quibus inicitur; hoc et liquidum, quia percurrit. Invenitur specialiter in meta",0.7,,pending,
1603,Aurichalcum,aurichalcum,,Aurichalcum dictum quod,"pide aeroso, quem cadmiam vocant; et est ductile. Huic si addatur plumbum, colore purpureo fit. [3]",et splendorem auri et duritiam aeris possideat. Est autem nomen compositum ex lingua Latina et Grae,0.7,,pending,
1604,Ferrum,ferrum,,Ferrum dictum quod,"tque ita distillantibus, quodex eo cecidit in ipsum acetum teritur et cribratur. XXI. DE FERRO. [1]","farra, id est semina frugum, terrae condeat. Idem et chalybs a Chalybe flumine, ubi ferrum optima a",0.7,,pending,
1605,Plumbum,plumbum,,Plumbum dictum quod,"menta non vitiat, si eadem medulla cervina vel cerussa mixta rosaceo unguitur. XXII. DE PLVMBO. [1]","ex eo primum pilis factis maris altitudo temptata est. Huius duo genera sunt, nigrum et candidum; s",0.7,,pending,
1606,Vncia,vncia,,Vncia dicta quod,"in litteris divinis legatur siclus, uncia est; cum vero in gentilium, quarta pars unciae est. [19]","universitatem minorum ponderum sua unitate vinciat, id est conplectat. Constat autem dragmis octo,",0.7,,pending,
1607,Amphora,amphora,,Amphora vocata quod,"s vel 'bata' nominatur, capiens quinquaginta sextaria; quae mensura una molae vice proteritur. [13]","hinc et inde levetur. Haec Graece a figura sui dicta dicitur, quod eius ansae geminatae videantur a",0.75,,pending,
1608,Hordeum,hordeum,,Hordeum dictum quod,"tur. [9] Alica Graecum nomen est. Alicastrum simile est alicae, pondere et bonitate praecipua. [10]","prae ceteris generibus frumenti ante fiat aridum, vel quod spica eius ordines habeat. Horum tria ge",0.7,,pending,
1609,Panicium,panicium,,Panicium dictum quod,ius in incrementum frugis centesimum renascatur. Hinc et milium a multitudine fructus vocatum. [13],"multis in regionibus ex eo panis vice homines sustententur, quasi panivicium. Pistum a pasto. Sisam",0.7,,pending,
1612,Vicia,vicia,,Vicia dicta quod,". Haec semel seritur et decem annis permanet, ita ut quater vel sexies possit per annum recidi. [9]","vix ad triplicem perveniat fructum, cum alia legumina proventum habeant fertilem: unde et Vergilius",0.7,,pending,
1613,Vitis,vitis,,Vitis dicta quod,autem inventorem vitis Liberum appellari: unde et eum gentiles post mortem deum esse voluerunt. [2],vim habeat citius radicandi. Alii putant vites dictas quod invicem se vittis innectant vicinisque a,0.7,,pending,
1614,Radix,radix,,Radix appellatur quod,ant virgultas vel umbras; sunt autem causa umbrarum. Oculi nodi sunt ex quibus frondes exeunt. [14],quasi radiis quibusdam fixa terris in profunda dimergitur. Nam physici dicunt parem esse altitudine,0.7,,pending,
1615,virgultum,virgultum,,virgultum appellatur quod,"est quod de radice pullulat; ramus, qui de ipso robore arboris; virga, quae de ramis. Proprie autem","ad radicem arboris nascitur et quasi inutile ab agricolis amputatur. Et hinc dictum virgultum, quia",0.7,,pending,
1616,Graecis,graecis,,Graecis dictum quod,lla potius victores coronantur. Sola quoque haec arbor vulgo fulminari minime creditur. [3] Malum a,sit fructus eius pomorum omnium rotundissimus: unde et haec sunt vera mala quae vehementer rotunda,0.7,,pending,
1617,ita,ita,,ita appellata quod,"at, quod et medici et scriptores utuntur. [11] Oleomela nascitur in Palmyra, Syriae civitate; ex eo","ex trunco oleum defluat in crassitudine mellis, sapore suavi. [12] ›Pomelida› sorbo similis, medioc",0.7,,pending,
1618,putant,putant,,putant dictum quod,es quibus innascitur carpit; rumpit enim et prodit ex latebris quibus concepta est. Alii caprificum,"ficus arbor eius remedio fecundetur. [19] Morus a Graecis vocata, quam Latini rubum appellant, eo q",0.7,,pending,
1619,Nux,nux,,Nux appellata quod,"folia similis moro. Hanc Latini celsam appellant ab altitudine, quia non est brevis, ut morus. [21]",umbra vel stillicidium foliorum eius proximis arboribus noceat. Hanc alio nomine Latini iuglandem v,0.7,,pending,
1620,Abies,abies,,Abies dicta quod,"sit arboris. Pinus creditur prodesse cunctis quae sub ea seruntur, sicut ficus nocere omnibus. [32]","prae ceteris arboribus longe eat et in excelsum promineat. Cuius natura expers est terreni humoris,",0.7,,pending,
1622,Populus,populus,,Populus dicta quod,"st, ex qua tabulae tegulis adfixae flammam repellunt, neque ex se carbonem ambustae efficiunt. [45]","ex eius calce multitudo nascatur. Cuius genus duplex est: nam altera est alba, altera nigra. Alba a",0.7,,pending,
1623,Salix,salix,,Salix dicta quod,d utilis sit ad usum telorum nitore et levitate iaculandi: est enim genus materiae levissimae. [47],"celeriter saliat, hoc est velociter crescat, arbor lenta, vitibus habilis vinciendis. Cuius seminis",0.7,,pending,
1624,enim,enim,,enim appellatur a,"omnium resinarum praestantiorem. [53] Buxus Graecum nomen est, ex parte a Latinis corruptum; PUKSOS",pud eos. Arbor semper virens et levitate materiae elementorum apicibus apta. Vnde et Scriptura (Isai,0.7,,pending,
1625,Et,et,,Et appellatur a,"ne veluti in pulverem resolutum, et cum frangitur, intus pingue et igni adpositum facile ardescens.","pud nos masculum, eo quod sit natura rotundum in modum testiculorum. Reliquum planum et pene scabros",0.7,,pending,
1626,autem,autem,,autem dicta quod,"calamites, pinguis, resinosa, odoris iucundi, humecta et veluti mellosum liquorem emittens. Storax","sit gutta arboris profluens et congelata. Nam Graeci stiriam guttam dicunt, Graece autem STURAKS, L",0.7,,pending,
1627,Cinnamomum,cinnamomum,,Cinnamomum dictum quod,i. Denique lignum ipsius vice thymiamatum altaribus adoletur; unde et nomen traxisse creditur. [10],cortex eius in modum cannae sit rotundus et gracilis. Gignitur autem in Indiae et Aethiopiae region,0.7,,pending,
1628,Folium,folium,,Folium dictum quod,anationem. Non tamen omnium herbarum etymologiam invenies. Nam pro locis mutantur etiam nomina. [2],sine ulla radice innatans in Indiae litoribus colligatur. Quod lino perforatum siccant Indi atque r,0.7,,pending,
1629,Hedera,hedera,,Hedera dicta quod,"ulto; [21] in cuius imitatione arte vestis ornatur, quae acanthina dicitur; et acanthis dicta. [22]","arboribus reptando adhaereat. De qua Vergilius (Ecl. 8,13): Inter victrices hederam tibi serpere la",0.7,,pending,
1630,eo,eo,,eo dicta quod,lorum graminum usque adeo celebris est ut noxias herbas aconita illinc nominemus. Nam toxica venena,"ex arboribus taxeis exprimitur, maxime apud Cantabriam. [26] Euphorbium dictum quod eius sucus ocul",0.7,,pending,
1631,Euphorbium,euphorbium,,Euphorbium dictum quod,"nemus. Nam toxica venena eo dicta quod ex arboribus taxeis exprimitur, maxime apud Cantabriam. [26]",eius sucus oculorum acuat visum. Cuius vis tanta est ut duris carnibus superadiecta citius coqui co,0.7,,pending,
1632,Mandragora,mandragora,,Mandragora dicta quod,"haerentes eiciunt. Hanc quidam Latinorum puleium Martis dicunt, propter belli tela excutienda. [30]","habeat mala suaveolentia, in magnitudinem mali Matiani: unde et eam Latini malum terrae vocant. Han",0.7,,pending,
1633,eo,eo,,eo dicta quod,"S, quia locis humectis nascitur. Eadem et fel terrae propter amaritudinem. [34] Glycyriza Graece ex","dulcem radicem habeat; GLUKU enim Graece dulce dicunt. Eadem ADIPSOS, quia sitientibus sitim sedat.",0.7,,pending,
1634,autem,autem,,autem dictum quod,"um, illud quod trans Danubium in solo barbarico, istud quod circa Pontum colligitur, nominatum. Reu","sit radix, quasi radix barbara, quasi radix Pontica. [41] Hyoscyamos a Graecis dicta, a Latinis her",0.7,,pending,
1635,Saxifraga,saxifraga,,Saxifraga vocata quod,"ni imaginem turbidam. Hanc vulgus milimindrum dicit, propter quod alienationem mentis inducit. [42]","semen eius petras in vesica frangat atque conminuat. Gentiana nomen sumpsit, ut medici memorant, ab",0.75,,pending,
1636,eo,eo,,eo vocata quod,"t, quos Graeci ORCHEIS vocant. Idem et leporina, propter quod caulem mollem emittat. [44] Vrtica ex","tactus eius corpus adurat. Est enim igneae omnino naturae et tactu perurit, unde et pruriginem faci",0.75,,pending,
1637,Graece,graece,,Graece dicta quod,"e a gentibus consecrata est, unde et nuncupata; Graece enim Diana ARTEMIS dicitur. [46] Chamaemelos",mali Matiani odorem habeat sitque brevis terraeque vicina. [47] Chamaedrys a Graecis appellata quod,0.7,,pending,
1638,Graecis,graecis,,Graecis appellata quod,elos Graece dicta quod mali Matiani odorem habeat sitque brevis terraeque vicina. [47] Chamaedrys a,"sit brevis et per terram strata et minuta foliis parvissimis. [48] Paeon quidam medicus fuit, a quo",0.7,,pending,
1639,Psyllios,psyllios,,Psyllios dicta quod,"icitur, quod vere primo senescat: unde et eam Latini senicionem vocant. Nascitur per macerias. [54]",semen simile pulicis habeat: unde et eam Latini herbam pulicarem vocant. [55] Hierobotane ideo a Gr,0.7,,pending,
1640,Splenos,splenos,,Splenos dicta quod,"am quidam herbam lanariam vocant, eo quod plerique lanam ex ea lavent. Nascitur [in] locis cultis. [","splenem auferat.] [57] Cimicia, propter similitudinem cimicis dicta: unde et eam Greci KORION vocav",0.7,,pending,
1641,Citocacia,citocacia,,Citocacia vocata quod,"ic contraria atque falsa ex Syria vel Iudaea. [65] Daucos, foliis feniculi similis thyrso bipalmis.",ventrem cito depurgat; quam vulgus corrupte citocociam vocant. [66] Lappa dicta quod habeat caulem,0.75,,pending,
1643,Rubia,rubia,,Rubia dicta quod,", vel quod sit virgulis nigris lenibus cum splendore quasi capilli. Nascitur in aquosis locis. [68]","radix eius sit rubra, unde et colorare lanas perhibetur. [69] Anchusa, cuius radix contrita digitos",0.7,,pending,
1644,Graece,graece,,Graece dicta quod,"vocant, ab eo quod ad lychnia facit. Eadem et lucubros, quod lucem praebeat umbris. [74] Pyrethron","habeat radicem incendiosam atque coacervantem. [75] Althaea malva agrestis, sive malvaviscus; sed a",0.7,,pending,
1645,Graecis,graecis,,Graecis dicta quod,"rstitio gentilium dicit quod, si integra ad limen suspendatur, omnia mala fugat. [86] Chamaepitys a","terrae adhaereat et odorem pini habeat. Hanc Latini cucurbitularem vocant, quod ex parte odorem cuc",0.7,,pending,
1646,Asplenos,asplenos,,Asplenos dicta quod,"rem vocant, quod ex parte odorem cucurbitae referat. Staphysagria nascitur [in] locis amoenis. [87]","splenem auferat; sive scolopendrios, eo quod folia ipsius scolopendro animali sint similia. Nascitu",0.7,,pending,
1648,Papyrum,papyrum,,Papyrum dictum quod,iendo ferulam dicunt. Ad hanc enim pueri et puellae vapulare solent: huius sucus galbanum est. [96],igni et cereis est aptum; PUR enim Graeci ignem dicunt. Iuncus [eo quod iunctis radicibus haereat].,0.7,,pending,
1649,Faenum,faenum,,Faenum dictum quod,"ium. [106] Zizania, quam poetae semper infelix lolium dicunt, quod sit inutile et infecundum. [107]",eo flamma nutritur; FOS enim flamma est. Manipulum dicimus fascem faeni: et dictum manipulum quod m,0.7,,pending,
1650,vocabulo,vocabulo,,vocabulo appellatur A,"est enim summitas olerum vel arborum, in qua vegens virtus naturalis est. [5] Malva ex parte Graeco","PO TOUMALASSEIN, eo quod molliendi alvum solvendique naturam habeat. Cuius sucus, si quis se oleo mi",0.7,,pending,
1651,Pastinaca,pastinaca,,Pastinaca vocata quod,s negatur feriri. Folia eius ex oleo trita et inposita scorpionibus creduntur afferre torporem. [6],"eius radix praecipuus pastus sit hominis: est enim odoratu iucunda, cibo delectabilis. [7] Rapa dic",0.75,,pending,
1652,Lactuca,lactuca,,Lactuca dicta est quod,contra acceptum venenum. Vnde et apud veteres ante alias epulas haec solebant mensis adponere. [11],"abundantia lactis exuberet, seu quia lacte nutrientes feminas inplet. Haec et in viris Veneris usum",0.7,,pending,
1653,Alium,alium,,Alium dictum quod,"3] Ascalonia nuncupata ex una urbium Palaestinae quae Ascalon dicitur, unde prius advecta est. [14]","oleat. Vlpicum appellatum quod alii odorem habeat. Phaselos vocari aiunt a Phaselo insula Graeciae,",0.7,,pending,
1654,Apium,apium,,Apium dictum quod,"ra agrestis, acrioris virtutis; utraque tamen Veneris commovent usum. XI. DE ODORATIS OLERIBVS. [1]","eo apex, id est caput, antiquorum triumphantium coronabatur. Hercules autem hanc herbam primus capi",0.7,,pending,
1655,Hipposelinon,hipposelinon,,Hipposelinon dictum quod,"Graece apium dicitur. Sed est summum ac probabile Macedonicum, gustu suave et odore aromatico. [3]","sit durum et austerum. Oleoselinon, quod mollius folio et caule tenerum. [4] Feniculum Latini vocan",0.7,,pending,
1656,Ruta,ruta,,Ruta dicta quod,"dederis, amentiam nutrit. Canos etiam ex coriandro infici traditum est. Abrotanum. Caerefolium. [8]",sit ferventissima. Cuius altera agrestis atque virtute acrior; sed utraque ferventissimae conproban,0.7,,pending,
1657,bellum,bellum,,bellum vocatur quod,"stationem, quam terra marique diu egerant, mira celeritate conpressit ac superavit. [6] Sicut autem","contra hostes agitur, ita tumultus quod civili seditione concitatur. Nam seditio est dissensio civi",0.75,,pending,
1658,Victoria,victoria,,Victoria dicta quod,"dies otia. II. DE TRIVMPHIS. [1] Omne regnum saeculi huius bellis quaeritur, victoriis propagatur.","vi, id est virtute, adipiscatur. Hoc est enim ius gentium, vim vi expellere. Nam turpis est dolo qu",0.7,,pending,
1659,transvenas,transvenas,,transvenas in Etruria,"icra nuncupata, quod in ludis gerantur aut in cenis. [2] Ludorum origo sic traditur: Lydios ex Asia","consedisse duce Tyrreno, qui fratri suo cesserat regni contentione. Igitur in Etruria inter ceteros",0.7,,pending,
1660,Igitur,igitur,,Igitur in Etruria,"s ex Asia transvenas in Etruria consedisse duce Tyrreno, qui fratri suo cesserat regni contentione.",inter ceteros ritus superstitionum suarum spectacula quoque religionis nomine instituerunt. Inde Ro,0.7,,pending,
1661,gladiatorium,gladiatorium,,gladiatorium dictum quod,"II. DE AMPHITHEATRO. [1] Amphitheatrum locus est spectaculi, ubi pugnant gladiatores. Et inde ludum","in eo iuvenes usum armorum diverso motu condiscant, et modo inter se aut gladiis aut pugnis certant",0.7,,pending,
1662,nomen,nomen,,nomen vocatur quod,"nisterium exhibent, atque aliquid huiuscemodi deinceps ex parte notanda studui. [2]Artifex generale","artem faciat, sicut aurifex qui aurum [facit]. Faxo enim pro facio antiqui dicebant. [3] Nauclerus",0.75,,pending,
1663,Fundamentum,fundamentum,,Fundamentum dictum quod,"t instaurare dicebant. [2] Constat autem constructio fundamento, lapidibus, calce, arena et lignis.","fundus sit aedificii. Idem et caementum a caedendo dictum, quod caeso crasso lapide surgat. [3] Lap",0.7,,pending,
1664,Capitolia,capitolia,,Capitolia dicta quod,positae fabricae sustinent pondus. [23] Basis autem nomen petrae est fortissimae Syro sermone. [24],"sint columnarum capita, quasi super collum caput. Epistolia sunt, quae super capitella columnarum p",0.7,,pending,
1665,Rubrica,rubrica,,Rubrica vocata quod,"inde nomen a Sinope urbe accepit. Species eius tres: rubra et minus rubens, et inter has media. [4]","sit rubra et sanguineo proxima. Haec plurimis locis gignitur, sed optima Ponto; unde et Pontica dic",0.75,,pending,
1666,Atramentum,atramentum,,Atramentum dictum quod,"purpurariis officinis, spuma in aereis cortinis innatans, quam infectores detrahentes siccant. [17]","sit atrum, cuius species et picturae et cottidiano usui necessaria est; iste inter facticios est. F",0.7,,pending,
1667,Melinum,melinum,,Melinum dictum quod,rit. [20] Omne autem atramentum sole perficitur: omnes colores calcis admixtione conrumpuntur. [21],"eius metalli ferax sit una ex Cycladibus insula Melos nomine. Est enim candidum, nec utuntur eum pi",0.7,,pending,
1668,Regula,regula,,Regula dicta quod,rassitudine politas extremis cacuminibus sibi iungit ut schemam trigoni faciant. Id erit norma. [2],"sit recta, quasi rectula, et inpedimentum non habeat. Perpendiculum est quod semper adpenditur. Den",0.7,,pending,
1669,Scobina,scobina,,Scobina dicta quod,"quod ut vermis terendo forat, quasi terefora; vel quasi transforans. Taratrum, quasi teratrum. [15]","haerendo scobem faciat. Cant[h]erium. Guvia, XX. DE INVENTIONE LANIFICII. [1] Minervam quandam gent",0.7,,pending,
1670,antiquissima,antiquissima,,antiquissima appellata quia,"ntur, pro eo quod eisdem iuvenes, qui nudi exercentur in campo, pudenda operiunt. [6] Tonica vestis","in motu incedentis sonum facit; tonus enim sonus est. Primum autem fuere pelliciae tunicae, quibus",0.7,,pending,
1671,Lumbare,lumbare,,Lumbare vocatur quod,"hoc utebantur. Levitonarium est colobium lineum sine manicis, quale Aegyptii monachi utuntur. [25]","lumbis religetur, vel quod lumbis haereat. Hoc in Aegypto et Syria non tantum feminae sed et viri u",0.75,,pending,
1672,vulgo,vulgo,,vulgo vocata quod,"textura eius ligata sit in totum; quasi diceret liginum, C pro G littera commutata. [28] Armilausa","ante et retro divisa atque aperta est, in armos tantum clausa; quasi armiclausa, C littera ablata.",0.75,,pending,
1673,Toga,toga,,Toga dicta quod,"ui ex una parte induitur, neque consuitur, sed fibula infrenatur. Hinc et Graece nomen accepit. [3]","velamento sui corpus tegat atque operiat. Est autem pallium purum forma rotunda et fusiore, et quas",0.7,,pending,
1674,autem,autem,,autem dicta quod,nitio procedebant. Hanc primum Romulus adinvenisse perhibetur ad discretionem regii habitus. Trabea,"in maiori gloria hominem transbearet, hoc est ultra et in posterum ampliori dignitate honoris beatu",0.7,,pending,
1675,Graece,graece,,Graece vocatur quod,"perimentum, quod cooperto capite et scapula a dextro latere in laevum humerum mittitur: stola autem",superemittatur. [4] Idem et ricinium Latino nomine appellatum eo quod dimidia eius pars retro reici,0.75,,pending,
1676,Tapeta,tapeta,,Tapeta dicta quod,"ocatae quod calcentur, id est farciantur, pluma sive tomento, quo molliores calidioresque sint. [5]","pedibus primum strarentur, quasi tapedia. Sipla tapetaexuna parte villosa, quasi simpla. Amphitapa",0.7,,pending,
1678,Tinctura,tinctura,,Tinctura vocata quia,"lacium est stuppa et quasi crassedo serici, et est Graecum nomen. XXVIII. DE COLORIBVS VESTIVM. [1]","tinguitur et in aliam fucata speciem nitoris gratia coloratur. KOKKON Graeci, nos rubrum seu vermic",0.75,,pending,
1679,vulgo,vulgo,,vulgo vocatur quod,"em et per munile omnia ornamenta matronarum significantur, quidquid illis munere datur. [14] Murena",scilicet auri metallo in virgulis lentescente quaedam ordinis flexuosi catena contexitur in similit,0.75,,pending,
1680,Vitta,vitta,,Vitta dicta quod,"a fascia quod in modum fasciculi corpus alligat. Hinc et fasciolae, quibus vulnera conligantur. [7]",ea pectus vincitur instar vitis ligantis. Limbus est quam nos ornaturam dicimus. [8] Fasciola est q,0.7,,pending,
1681,calciamenta,calciamenta,,calciamenta dicta quod,"alciamenta non possunt, quas Graeci KALOPODAS dicunt: fiebant autem prius ex salice tantum. Hinc et","in calo, id est ligno, fiant; vel quod calcentur. [3] Crepidas Graeci ante repertas usi sunt. Est a",0.7,,pending,
1682,et,et,,et appellatur ab,"nt, haec nisi conexe dici non possunt. Quod genus quartum apud Dialecticos multum habet conflictum,","eis valde oppositum, siquidem et tertium non recipit. [8] Nam ex illis quaedam habere tertium possu",0.7,,pending,
1683,Pulpa,pulpa,,Pulpa dicta quod,scitur et silescit. [27] Frustum vocatum quod capiatur a frumine; est enim frumen summa pars gulae.,cum pulte olim mixta vescebatur. Vnde et pulmentarium et pulmentum dictum. [28] Lucanicae dictae qu,0.7,,pending,
1684,inde,inde,,inde dictum quod,"tusta, ut vinum, sed statim sublata de flumine et fonte vel puteo; fetescit enim vetusta. [2] Vinum","eius potus venas sanguine cito repleat. Hoc alii, quod nos cura solvat, Lyaeum appellant. Veteres v",0.7,,pending,
1685,Defrutum,defrutum,,Defrutum dictum est quod,"rit. Dicitur autem passum a patiendo: nam percutitur uva siccior et decoquitur, et inde fit passum.","defrudatur, et quasi fraudem patiatur. [15] Carenum, eo quod fervendo partem careat; tertia enim pa",0.7,,pending,
1686,Fictilia,fictilia,,Fictilia dicta quod,"] Vasa dicta a vescendo, quad in ea escae adponantur. Cuius diminutivum vascula, quasi vescula. [2]","fiant et fingantur ex terra. Fingere enim est facere, formare et plasmare, unde et figuli dicuntur.",0.7,,pending,
1687,Arca,arca,,Arca dicta quod,"a Persa et Graeca; gaza enim lingua Persarum thesaurum, FULAKION Graece custodia interpretatur. [2]","arceat visum atque prohibeat. Hinc et arcivum, hinc et arcanum, id est secretum, unde ceteri arcent",0.7,,pending,
1688,Involucrum,involucrum,,Involucrum dictum quod,"um paulo inflectuntur propter Romanum eloquium. [6] Sitarciae nautarum sunt, ab eo quod sutae sunt.","aliquid in se teneat involutum. [7] Fiscus sacculus est publicus, unde et fiscellae et fiscinae dic",0.7,,pending,
1689,Fax,fax,,Fax dicta quod,"dicebantur. [6] Lampas flamma est in vertice lucens, dicta quod lambentis motum ostendere videatur.",focos faciat: cuius diminutivum facula. [7] Lanterna inde vocatur quod lucem interius habeat clausa,0.7,,pending,
1691,autem,autem,,autem dicta quod,"ICVLIS. [1] Carrum a cardine rotarum dictum; unde et currus dicti, quod rotas habere videntur. Rota",ruat; et rotundum a rota vocatum. [2] Reda genus vehiculi quattuor rotarum. Has antiqui retas diceb,0.7,,pending,
1692,Clavis,clavis,,Clavis dicta quod,adhibita calefacit et intorquet capillos. [5] Vnde et calamistrati appellantur qui comam torquent.,"claudat et aperiat. Catenatum, quod capiendo teneat. Horologia, quod ibi horas legamus, id est coll",0.7,,pending,
1693,Rota,rota,,Rota dicta quod,"quasi fiscolum, a colando oleum dictum, vel quasi fiscella olei. XV. DE INSTRVMENTIS HORTORVM. [1]","quasi ruat: est enim machina de qua e flumine aqua extrahitur. Lucretius (5,517): In fluvio versare",0.7,,pending,
1694,Frena,frena,,Frena dicta quod,Sarculus. XVI. DE INSTRVMENTIS EQVORVM. [1] Phalerae ornamenta equorum sunt; et est sermo Graecus.,"equos fremere cogant, vel quod haec equi frendant [id est inprimant] dentibus et obmordeant. Vnde e",0.7,,pending,
1695,autem,autem,,autem dictum quod,orium ligno ex una parte extentum. Est enim pars media symphoniae in similitudinem cribri. Tympanum,"medium est, unde et margaritum medium tympanum dicitur; et ipsud, ut symphonia, ad virgulam percuti",0.7,,pending,
1696,Pessaria,pessaria,,Pessaria dicta quod,"catur. Malagma, quod sine igne maceretur et conprehendatur. Enema Graece, Latine relaxatio dicitur.",intus iniciantur. [12] Medicinam iumentorum Chiron quidam Graecus invenit. Inde pingitur dimidia pa,0.7,,pending,
1697,Enchiridion,enchiridion,,Enchiridion dictum quod,scribuntur. Butanicum herbarum dicitur quod ibi herbae notentur. XI. DE INSTRVMENTIS MEDICORVM. [1],"manu adstringatur, dum plurima contineat ferramenta; CHEIR enim Graece manus vocatur. [2] Phlebotom",0.7,,pending,
1698,Falsitas,falsitas,,Falsitas appellata a,"ipite nunc malum.' [8] Calumnia est iurgium alienae litis, a calvendo, id est decipiendo dicta. [9]",fando aliud quam verum est. [10] Iniuria est iniustitia. Hinc est apud Comicos (? Plaut. Mil. 436):,0.7,,pending,
1699,Poena,poena,,Poena dicta quod,"ena. Malum autem tunc plenum est, cum et praeteritum est et inpendet, ut sit et dolor et metus. [2]","puniat. Est autem epithetum nomen, et sine adiectione non habet plenum sensum: adicis poena carceri",0.7,,pending,
1700,autem,autem,,autem dictum quod,"adulta et praeceps sive extrema. Vnde est illud (Virg. Georg. 1,340): Extremae sub casu hiemis. Ver","viret. Tunc enim post hiemem vestitur tellus herbis, et in florem cuncta rumpuntur. [4] Aestas dici",0.7,,pending,
1701,autem,autem,,autem dicta quod,Conficitur bibula Memphitis carta papyro. [2] Bibulam autem papyrum dixit quod humorem bibat. Carta,carptim papyri tegmen decerptum glutinatur. Cuius genera quam plura sunt. Prima et praecipua August,0.7,,pending,
1702,autem,autem,,autem dicta quod,"e invenies. XVI. DE CANONIBVS CONCILIORVM. [1] Canon autem Graece, Latine regula nuncupatur. Regula","recte ducit, nec aliquando aliorsum trahit. Alii dixerunt regulam dictam vel quod regat, vel quod n",0.7,,pending,
1703,autem,autem,,autem vocatur quod,"solito›, id est firmo atque solido nominata. [vel ex eo, quod soleat fieri in anno.] [2] Celebritas","non ibi terrena, sed caelestia tantum agantur. [3] Pascha festivitatum omnium prima est, de cuius v",0.75,,pending,
1704,Oblatio,oblatio,,Oblatio vocatur quia,"ri offertur et sacrificatur a pontificibus, a quo offertorium nominatum, quasi propter fertum. [25]","offertur. [26] Dona proprie divina dicuntur, munera hominum. [27] Nam munera dicuntur obsequia, qua",0.75,,pending,
1705,Incorruptibilis,incorruptibilis,,Incorruptibilis appellatur quia,"lis utique deprehenditur; ac per hoc solus Deus dicitur inmortalis, quia solus incommutabilis. [20]",corrumpi et dissolvi non potest nec dividi. Quidquid enim capit divisionem et interitum capit. Ille,0.7,,pending,
1706,Trinitas,trinitas,,Trinitas appellata quod,ius docet vos de omni re.' Ipse est enim Spiritus sanctus unctio invisibilis. IV. DE TRINITATE. [1],"fiat totum unum ex quibusdam tribus, quasi Triunitas; ut memoria, intellegentia et voluntas, in qui",0.7,,pending,
1707,Spes,spes,,Spes vocata quod,"o quod fit illud quod inter utrosque placitum est, quasi inter Deum et hominem; hinc et foedus. [5]","sit pes progrediendi, quasi 'est pes.' Vnde et e contrario desperatio. Deest enim ibi pes, nullaque",0.75,,pending,
1708,ideo,ideo,,ideo dictum quod,"ellatur, quia contra Christum venturus est. Non, quomodo quidam simplices intellegunt, Antichristum","ante Christum venturus sit, id est post cum veniat Christus. Non sic, sed Antichristus Graece dicit",0.7,,pending,
1710,eo,eo,,eo appellatur quod,"itio de ordinandis testamentis exponere. LIB. II, TIT. X. DE TESTAMENTIS ORDINANDIS. Testamentum ex","testatio mentis est. Sed ut nihil antiquitatis penitus ignoretur sciendum est, olim quidem duo gene",0.7,,pending,
1712,id,id,,id appellatur quod,"autem, ut Gaius noster in interpretatione legis duodecim tabularum scriptum reliquit, vulgo quidem","ab arcu mittitur, sed et omne significatur quod manu cuiusdam mittitur: sequitur ergo ut et lapis e",0.7,,pending,
1713,Et,et,,Et dictum est quod,"n transcurrere, sed de ipsis argumentari, videlicet intelligenciam et futurorum inquisicionem. IV .","homo duobus indiget in vita sua scilicet noticia et doctrina, quia hec sensum purificant. Et sicut",0.7,,pending,
1714,Et,et,,Et dictum est quod,"plinare. Et qui mundum diligit, oportet tria acquirere: intelligenciam et divicias et discrecionem.","homo qui querit rem et non cognoscit utilitatem eius, in vanum laborat et insipiens vocatur. Et qui",0.7,,pending,
1715,Item,item,,Item dictum est quod,"de rebus que fieri possunt, et ante omnia oportet ipsum cogitare sempiterna et non temporalia. VI .","duo sunt que hominem decorant scilicet divicie et doctrina; sicut lucerna illuminat domum, ita et i",0.7,,pending,
1716,Et,et,,Et dictum est quod,"ro temporalibus, condempnabitur; et quicumque pro utrisque laborat, et dominabitur et vivet. VIII .","quilibet secularis tria debet habere in se: fidem servare, victum et necessaria iuste querere et re",0.7,,pending,
1717,Item,item,,Item dictum est quod,"habere in se: fidem servare, victum et necessaria iuste querere et recte cum hominibus conversari.","quicumque est piger et negligens, credens verbis instabilibus nec sensu suo receptis, assimilabitur",0.7,,pending,
1719,quoniam,quoniam,,quoniam dictum est quod,"s adversabitur mihi in bonis operibus et obstupebit me mors et paciar quod passus fuit quidam homo,",quidam homo concupivit coniugatam. Que fodiens iuxta puteum ingressum et egressum adultero ostendit,0.7,,pending,
1720,quia,quia,,quia dictum est quod,"am homini qui multam pecuniam amiserat et sic socius fuit illius qui uno die devenit in derisionem,",quidam negociator conduxit quendam uno die centum solidis pro perforandis margaritis. Et veniens cu,0.7,,pending,
1721,quia,quia,,quia dictum est quod,"iud ingenium, ut serpens disperdatur et tu maneas illesus, ne paciaris quod passus est cignus, 26 .","quidam cignus apud stagna habitans multitudinem piscium habencia, et exsenivit et ob senectutem pis",0.7,,pending,
1722,Quia,quia,,Quia dictum est quod,", nam certum est: qui non audit pacificos consiliatores suos, pacietur quod passa est testudo. 40 .","in quodam fonte conversabantur due anates, et erat ibi testudo, adinvicem se diligentes. Una autem",0.7,,pending,
1724,Quia,quia,,Quia dictum est quod,"t: ""Ego faciam hoc, sed cave ne propriis laqueis alligeris et paciaris quod passus est cignus. 48 .","quidam cignus manebat in quodam loco prope serpentem et quociens pariebat pullos, serpens eos comed",0.7,,pending,
1725,Quia,quia,,Quia dictum est quod,"sapientibus: Qui credit fictis rebus et non veracibus, pacietur quod passa est stulta mulier. 59 .","in quadam civitate erat quidam negociator, pulchram habens uxorem que diligebat quendam pictorem. Q",0.7,,pending,
1726,Quia,quia,,Quia dictum est quod,m et coniunxit se cum illo qui erat generis sui et sprevit solem et lunam et alias creaturas. 109 .,"quidam heremita religiosus stabat super flumen et orabat. Et ecce milvus portabat murem, et cum ess",0.7,,pending,
1727,antiquis,antiquis,,antiquis dictum est quod,"mortuus est. 127 . Ita pacientur illi qui in ira consilium retinent, sed impetum sequuntur. Item ab","quidam vir habuit uxorem pulcram quam valde diligebat. Una autem dierum cum sederet in domo sua, de",0.7,,pending,
1728,Item,item,,Item dictum est quod,ituit de hoc quod fecerat. Ita pacientur illi qui festinant aliquid facere sine discrecione . 128 .,homo ferebat saccum plenum lentibus et volens requiescere posuit illum sub arbore ubi erat symea. D,0.7,,pending,
1729,quia,quia,,quia dictum est quod,"o appropinquarem. Nemo sapiens debet credere adulacionibus inimici. Utile est mihi a te longe esse,","sapiens habet amicos et consanguineos suos et memorare debet filios, fratres et nepotes et alios be",0.7,,pending,
1730,Quia,quia,,Quia dictum est quod,"m experimento et arte, alii potencia et malignitate, alii prudencia dei, ceteri nobilitate +. 141 .","quatuor viri infortunati se in uno itinere invenerunt. Erat autem eorum unus filius regis, alius cu",0.7,,pending,
1731,qui,qui,,qui appellatur A,"antini hereticum et rebaptizatum secundo ab Eusebio Nicomediense episcopo iuxta Nicomedia, in uilla",quilone. Et pro hoc declaratum ab eodem Constantii praecepto Augusti filii Constantini Augusti marty,0.7,,pending,
1732,genus,genus,,genus ab Etruscis,derant eum secutum numerum putant. me haud paenitet eorum sententiae esse quibus et apparitores hoc,"finitimis, unde sella curulis, unde toga praetexta sumpta est, et numerum quoque ipsum ductum place",0.75,,pending,
1733,finitimis,finitimis,,ab Etruscis finitimis,eum secutum numerum putant. me haud paenitet eorum sententiae esse quibus et apparitores hoc genus,", unde sella curulis, unde toga praetexta sumpta est, et numerum quoque ipsum ductum placet, et ita",0.7,,pending,
1734,anno,anno,,anno ab Etruscis,aduersus Vmbros missa a flumine Narnia appellata; exercitus cum magna praeda Romam reductus. Eodem,aduersus indutias paratum bellum; sed eos alia molientes Gallorum ingens exercitus fines ingressus,0.75,,pending,
1735,aduersus,aduersus,,ab Etruscis aduersus,rsus Vmbros missa a flumine Narnia appellata; exercitus cum magna praeda Romam reductus. Eodem anno,indutias paratum bellum; sed eos alia molientes Gallorum ingens exercitus fines ingressus paulisper,0.7,,pending,
1736,extemplo,extemplo,,extemplo in Etruria,"ere, ut patres ab iubendo dictatore deterruerint, quem senatus dictatorem dici iussurus fuerat. Tum",m ad legiones proficisci iussit. Aduentus eius compressit Etruscos adeo ut nemo extra munimenta egre,0.7,,pending,
1737,eos,eos,,eos in Etruria,"endio uenisse, et confestim secuturos, uel si ad ipsam Romanam urbem oppugnandam ducant. [ 17] Haec","iactantes molientesque bellum domi Romanum urebat. Nam P. Decius, ubi comperit per exploratores pro",0.7,,pending,
1738,Romanis,romanis,,Romanis in Etruria,"mni: ei Samnium prouinciam euenisse. [ 18] Dum ea in Samnio cuiuscumque ductu auspicioque geruntur,","interim bellum ingens multis ex gentibus concitur, cuius auctor Gellius Egnatius ex Samnitibus erat",0.7,,pending,
1739,tempore,tempore,,tempore in Etruria,"cunda ac tertia sociorumque milibus quindecim profectus in Samnium esset, Ap. Claudium primo quoque","m ire placuit. Duae Romanae legiones secutae, prima et quarta, et sociorum duodecim milia; castra ha",0.7,,pending,
1740,copiis,copiis,,copiis in Etruria,"issum eo cum uetere exercitu, compresserat. Decio populandos hostium agros relinquit, ipse cum suis",m ad collegam pergit. Quem aduenientem laeti omnes accepere: Appium ex conscientia sua credo animum,0.7,,pending,
1742,gestae,gestae,,gestae in Etruria,"des incidisset, desertori magis quam deserto noxae fore; eo rem adductam ut omne rei bene aut secus",decus dedecusque ad L. Volumnium sit delegatum; neminem quaesiturum quae uerba Appi sed quae fortun,0.7,,pending,
1744,Fabius,fabius,,Fabius in Etruria,"tua esset, ordinum magis quam ipsorum inter se certamen interuenisse reor, patriciis tendentibus ut","m extra ordinem prouinciam haberet, plebeiis auctoribus Decio ut ad sortem rem uocaret. Fuit certe c",0.7,,pending,
1745,rebus,rebus,,rebus in Etruria,"i extra sortem mandetur, quin alter consul pro superuacaneo atque inutili habeatur? gloriari Fabium","gestis; uelle et P. Decium gloriari; et forsitan, quem ille obrutum ignem reliquerit, ita ut totien",0.7,,pending,
1746,tempore,tempore,,tempore in Etruria,us quinque milia peditum equitumque cum Fabio uenisse. Sibi placere P. Decium consulem primo quoque,"m ad collegam proficisci, L. Volumnio Samnium prouinciam dari; si consul malit in suam prouinciam ir",0.7,,pending,
1747,Volumnium,volumnium,,Volumnium in Etruria,"d collegam proficisci, L. Volumnio Samnium prouinciam dari; si consul malit in suam prouinciam ire,","m ad consulem cum exercitu iusto consulari proficisci. Cum magnam partem moueret oratio praetoris, P",0.7,,pending,
1748,quantum,quantum,,quantum in Etruria,"ommodum rei publicae posset, Romam uenisset uel aliquem ex legatis misisset, a quo disceret senatus","belli esset quantisque administrandum copiis et quot per duces esset. [ 26] Fabius, ut Romam rediit",0.7,,pending,
1750,profectos,profectos,,profectos in Etruria,riumphusque non bellum decretum consulibus uideretur. Inuenio apud quosdam extemplo consulatu inito,m Fabium Deciumque sine ulla mentione sortis prouinciarum certaminumque inter collegas quae exposui.,0.7,,pending,
1751,consules,consules,,consules in Etruria,tur. Constare res incipit ex eo tempore quo profecti ambo consules ad bellum sunt. Ceterum antequam,"m peruenirent, Senones Galli multitudine ingenti ad Clusium uenerunt legionem Romanam castraque oppu",0.7,,pending,
1752,Et,et,,Et in Etruria,nde omnium aliarum rerum cura Fabius collegae funus omni honore laudibusque meritis celebrat. [ 30],per eosdem dies ab Cn. Fuluio propraetore res ex sententia gesta et praeter ingentem inlatam popula,0.7,,pending,
1753,relicto,relicto,,relicto in Etruria,"ernum montem compulsum, non deterritus iniquitate loci, fundit fugatque. Q. Fabius Deciano exercitu","e praesidio, suis legionibus deductis ad urbem de Gallis Etruscisque ac Samnitibus triumphauit. Mili",0.7,,pending,
1755,Fabius,fabius,,Fabius in Etruria,olturno adiacent flumini descendere. Aduersus eos Ap. Claudius praetor cum exercitu Deciano missus.,"rebellante denuo quattuor milia et quingentos Perusinorum occidit, cepit ad mille septingentos quad",0.7,,pending,
1756,bellum,bellum,,bellum in Etruria,"capta amplius duo milia hominum, minus duo milia circa muros caesa. Pax tamen clarior maiorque quam","eo anno fuerat parta est. Tres ualidissimae urbes, Etruriae capita, Volsinii, Perusia, Arretium, pa",0.7,,pending,
1757,Samnio,samnio,,Samnio in Etruria,"pe impetrandi petisset uideretque alios quod tardius ab urbe exisset, alios quod iniussu senatus ex","m transisset, partim suos inimicos, partim collegae amicos ad solacium aequatae repulsae sibi quoque",0.7,,pending,
1758,Atilio,atilio,,Atilio in Etruria,o captis aliquot urbibus in Apulia fusum fugatumque saucium ipsum cum paucis Luceriam compulsum: ab,res gestas eumque triumphasse. Fabius ambo consules in Samnio et ad Luceriam res gessisse scribit t,0.7,,pending,
1759,traductumque,traductumque,,traductumque in Etruria,a res gestas eumque triumphasse. Fabius ambo consules in Samnio et ad Luceriam res gessisse scribit,m exercitum —sed ab utro consule non adiecit—et ad Luceriam utrimque multos occisos inque ea pugna I,0.7,,pending,
1760,Samnio,samnio,,Samnio in Etruria,s ex auctoritate patrum iussu populi bellum Faliscis indictum est iussique consules sortiri uter ex,"m cum exercitu transiret. Iam Caruilius Veliam et Palumbinum et Herculaneum ex Samnitibus ceperat, V",0.7,,pending,
1761,consul,consul,,consul in Etruria,"in agrum Vescinum, quia regio ea infesta ab Samnitibus erat, hibernatum duxit. Inter haec Caruilius","Troilum primum oppugnare adortus quadringentos septuaginta ditissimos, pecunia grandi pactos ut abi",0.7,,pending,
1762,non,non,,non in Etruria,"eruitiorum utique et plebis esset, ni consules prouidissent dimissis passim ad frumentum coemendum,","m modo dextris ab Ostia litoribus laeuoque per Volscos mari usque ad Cumas, sed quaesitum in Sicilia",0.7,,pending,
1763,hibernis,hibernis,,hibernis in Etruria,"m intolerabilia frigora erant, quies militi data est; et ad prima ac dubia signa ueris profectus ex","m ducit, eam quoque gentem, sicut Gallos Liguresque, aut ui aut uoluntate adiuncturus. Transeuntem A",0.7,,pending,
1764,praetore,praetore,,praetore in Etruria,"aesidiique quod ibi obsideretur cura est. C. Seruilius legatus, ex auctoritate patrum a P. Cornelio","m ad frumentum coemendum missus, cum aliquot nauibus onustis in portum Tarentinum inter hostium cust",0.7,,pending,
1765,Iunio,iunio,,Iunio in Etruria,ta inclinatura rursus animos uidebatur ad ueteris imperii respectum. et praetoribus prioris anni M.,", P. Sempronio in Gallia cum binis legionibus quas habuerant prorogatum est imperium. prorogatum et",0.7,,pending,
1766,qui,qui,,qui in Etruria,lius praefuisset Siciliamque prouinciam cum L. Cincio praetore obtineret. exercitus eis duo decreti,"Galliaque essent; eae quattuor erant legiones; urbanae duae superioris anni in Etruriam, duae quibu",0.7,,pending,
1768,Aquilius,aquilius,,Aquilius in Etruria,"rsae occupabant cogitationes hominum, ne Tarentinae quidem arcis excidit memoria. M. Ogulnius et P.","m legati ad frumentum coemendum quod Tarentum portaretur profecti, et mille milites de exercitu urba",0.7,,pending,
1769,habuerat,habuerat,,habuerat in Etruria,"er equitum dictus. [ 6] Dictator postquam Romam uenit, C. Sempronium Blaesum legatum quem ad Capuam","m prouinciam ad exercitum misit in locum C. Calpurni praetoris, quem ut Capuae exercituique suo prae",0.7,,pending,
1770,quibus,quibus,,quibus in Etruria,"ta per prouincias diuisi: Fuluio duae legiones quas in Sicilia M. Ualerius Laeuinus haberet, Fabio,",C. Calpurnius praefuisset: urbanus exercitus ut in Etruriam succederet: C. Calpurnius eidem praeess,0.7,,pending,
1773,Apulia,apulia,,Apulia in Etruria,"s Marcellus consul designatus, qui rem inspiceret ac, si digna uideretur, exercitu accito bellum ex",m transferret. eo metu compressi Etrusci quieuerunt. Tarentinorum legatis pacem petentibus cum liber,0.7,,pending,
1774,praetore,praetore,,praetore in Etruria,T. Quincti praetoris fuerat cum una legione obtineret. prorogatum et C. Hostilio Tubulo est ut pro,m ad duas legiones succederet C. Calpurnio. prorogatum et L. Ueturio Philoni est ut pro praetore Gal,0.7,,pending,
1775,coepta,coepta,,coepta ab Etruscis,"um ab hoste nec receptum ab tergo circumuenti haberent, extrahi tamen diutius certamen potuisset ni",fuga pauorem ceteris iniecisset. non tamen omisere pugnam deserti ab Etruscis Fregellani donec inte,0.75,,pending,
1776,fuga,fuga,,ab Etruscis fuga,"oste nec receptum ab tergo circumuenti haberent, extrahi tamen diutius certamen potuisset ni coepta",pauorem ceteris iniecisset. non tamen omisere pugnam deserti ab Etruscis Fregellani donec integri c,0.7,,pending,
1777,deserti,deserti,,deserti ab Etruscis,certamen potuisset ni coepta ab Etruscis fuga pauorem ceteris iniecisset. non tamen omisere pugnam,Fregellani donec integri consules hortando ipsique ex parte pugnando rem sustinebant; sed postquam,0.75,,pending,
1778,Fregellani,fregellani,,ab Etruscis Fregellani,n potuisset ni coepta ab Etruscis fuga pauorem ceteris iniecisset. non tamen omisere pugnam deserti,donec integri consules hortando ipsique ex parte pugnando rem sustinebant; sed postquam uolneratos,0.7,,pending,
1779,Uarro,uarro,,Uarro in Etruria,. comitiis perfectis ludisque factis dictator et magister equitum magistratu abierunt. C. Terentius,m pro praetore missus ut ex ea prouincia C. Hostilius Tarentum ad eum exercitum iret quem T. Quincti,0.7,,pending,
1780,quique,quique,,quique in Etruria,"sus Hasdrubalem quem iam Alpibus adpropinquare fama erat, decreta; exercitum e duobus qui in Gallia","esset addito urbano eligeret quem mallet, qui Galliam esset sortitus: cui Bruttii prouincia eueniss",0.7,,pending,
1781,Terentius,terentius,,Terentius in Etruria,"essent, quattuor Hispania haberet, binas tres praetores, in Sicilia et Sardinia et Gallia, duas C.",", duas Q. Fuluius in Bruttiis, duas Q. Claudius circa Tarentum et Sallentinos, unam C. Hostilius Tub",0.7,,pending,
1782,alterum,alterum,,alterum in Etruria,"quanto exercitu id bellum geratur, in eorum potestate esse. duos exercitus Romanos, unum in Gallia,",esse; satis scire Sp. Lucretium se cum M. Liuio iuncturum; multa milia armanda esse ut duobus ducib,0.7,,pending,
1783,exercitum,exercitum,,exercitum in Etruria,"ius Tappulus; hi duo cum aediles plebis essent, praetores creati sunt. consul comitiis perfectis ad",m redit. Sacerdotes eo anno mortui atque in locum eorum suffecti: Ti. Ueturius Philo flamen Martiali,0.7,,pending,
1784,idem,idem,,idem in Etruria,"issimus; super haec bellicae quoque laudis consulatus compotem fecerat. quod in Bruttiis prouincia,","ac Liguribus decretum: M. Cornelius nouo consuli tradere exercitum iussus, ipse prorogato imperio G",0.7,,pending,
1786,legionibus,legionibus,,legionibus in Etruria,. Lentulus pro praetore habuisset decernitur. M. Seruilio prioris anni consuli cum suis duabus item,"prorogatum imperium est. quod ad Hispanias attineret, aliquot annos iam ibi L. Cornelium Lentulum e",0.7,,pending,
1788,Gallia,gallia,,Gallia in Etruria,exercitus consularis ab Arretio Ariminum transductus erat et quinque milia socium Latini nominis ex,m transierant. itaque L. Furius magnis itineribus ab Arimino aduersus Gallos Cremonam tum obsidentes,0.7,,pending,
1789,eo,eo,,eo in Etruria,"nciam uenisset, haud clam tulit iram aduersus praetorem quod absente se rem gessisset. misso igitur",m ipse in agrum hostium legiones induxit populandoque cum praeda maiore quam gloria bellum gessit. L,0.7,,pending,
1790,quod,quod,,quod in Etruria,hostium legiones induxit populandoque cum praeda maiore quam gloria bellum gessit. L. Furius simul,"nihil erat rei quod gereret, simul Gallico triumpho imminens quem absente consule irato atque inuid",0.7,,pending,
1791,propraetori,propraetori,,propraetori in Etruria,i magistratibus C. Laelio cum suo exercitu prorogatum in annum imperium est; prorogatum et P. Iunio,"cum eo exercitu, qui in prouincia esset, et M. Tuccio propraetori in Bruttiis et Apulia. [ 51 ] Pri",0.7,,pending,
1792,propraetor,propraetor,,propraetor in Etruria,"am perfugisse et intra triduum exspirasse. senatus ea re audita decreuit, uti P. Iunius Brutus, qui","esset, prouincia exercituque traditis uni, cui uideretur, ex legatis, ipse in ulteriorem Hispaniam",0.7,,pending,
1793,praetore,praetore,,praetore in Etruria,"spaniam proficisceretur, eaque ei prouincia esset. hoc senatus consultum litteraeque a Sp. Postumio","m missae sunt, profectusque in Hispaniam est P. Iunius propraetor. in qua prouincia prius aliquanto,",0.7,,pending,
1794,legatum,legatum,,legatum in Etruria,"lli auctores sequendi sunt, qui, cum L. Scipio et accusatus et damnatus sit pecuniae captae ab rege",fuisse Africanum tradunt; qua post famam de casu fratris adlatam relicta legatione cucurrisse eum R,0.7,,pending,
1795,ignobilis,ignobilis,,ignobilis in Etruria,paniam ulteriorem. consulibus ambobus quaestio de clandestinis coniurationibus decreta est. Graecus,"m primum uenit nulla cum arte earum, quas multas ad animorum corporumque cultum nobis eruditissima o",0.7,,pending,
1796,Trepidatum,trepidatum,,Trepidatum in Etruria,lacet: Tubero incertus veri est. Sit inter cetera vetustate cooperta hoc quoque in incerto positum.,"est post Fidenas captas, non Veientibus solum exterritis metu similis excidii, sed etiam Faliscis m",0.7,,pending,
1797,timentes,timentes,,timentes in Etruria,ominum pecorumque pernicie accepta. Famem quoque ex pestilentia morbo implicitis cultoribus agrorum,"m Pomptinumque agrum et Cumas, postremo in Siciliam quoque frumenti causa misere. Consularium comiti",0.7,,pending,
1798,et,et,,et in Etruria,"ia ante prouisum erat, periculum fuit. Consilia ad movenda bella in Volscorum Aequorumque conciliis",ad fanum voltumnae agitata. Ibi prolatae in annum res decretoque cautum ne quod ante concilium fier,0.7,,pending,
1799,frons,frons,,frons in Etruria,"uniebant ut ancipitia munimenta essent: alia in urbem et contra oppidanorum eruptiones uersa, aliis","m spectans, auxiliis si qua forte inde uenirent obstruebatur. [ 2] Cum spes maior imperatoribus Roma",0.7,,pending,
1800,sed,sed,,sed in Etruria,"runt; castella primo pauca, postea exercitu aucto creberrima fecerunt; munitiones non in urbem modo","m etiam spectantes si qua auxilia ueniant, opposuere; quid turres, quid uineas testudinesque et aliu",0.7,,pending,
1801,nequiquam,nequiquam,,nequiquam in Etruria,"pugnabit, nisi auxilio hostibus tribuni plebis fuerint, et Romae inuenerint praesidia Veientes quae",quaerunt. An est quicquam quod Veientibus optatum aeque contingere possit quam ut seditionibus prim,0.7,,pending,
1802,auxilia,auxilia,,auxilia ab Etruscis,"modestia est ut non obsidionis taedio, non denique regni, quicquam apud eos nouatum sit, non negata","inritauerint animos; morietur enim extemplo quicumque erit seditionis auctor, nec cuiquam dicere ea",0.75,,pending,
1803,inritauerint,inritauerint,,ab Etruscis inritauerint,"est ut non obsidionis taedio, non denique regni, quicquam apud eos nouatum sit, non negata auxilia","animos; morietur enim extemplo quicumque erit seditionis auctor, nec cuiquam dicere ea licebit quae",0.7,,pending,
1804,agrosque,agrosque,,agrosque ab Etruscis,Eam gentem traditur fama dulcedine frugum maximeque uini noua tum uoluptate captam Alpes transisse,ante cultos possedisse; et inuexisse in Galliam uinum inliciendae gentis causa Arruntem Clusinum ir,0.75,,pending,
1805,ante,ante,,ab Etruscis ante,em traditur fama dulcedine frugum maximeque uini noua tum uoluptate captam Alpes transisse agrosque,cultos possedisse; et inuexisse in Galliam uinum inliciendae gentis causa Arruntem Clusinum ira cor,0.7,,pending,
1806,quid,quid,,quid in Etruria,estarent. Quodnam id ius esset agrum a possessoribus petere aut minari arma Romanis quaerentibus et,"rei Gallis esset, cum illi se in armis ius ferre et omnia fortium uirorum esse ferociter dicerent,",0.7,,pending,
1808,inuenere,inuenere,,ab Etruscis inuenere,ores Valerio in Volscos missi. Profecti ab urbe Sutrium Furius et Valerius partem oppidi iam captam,", ex parte altera intersaeptis itineribus aegre oppidanos uim hostium ab se arcentes. Cum Romani aux",0.7,,pending,
1810,fidemque,fidemque,,ab Etruscis fidemque,rum prodente ciuitatem facta erat deditio; mitti tamen ad principes eorum placuit ut secernerent se,quam implorassent ab Romanis ipsi praestarent. Vnde cum responsum allatum esset nihil suae potestat,0.7,,pending,
1811,dabant,dabant,,more Tusco dabant,"ndorum carminum actu ludiones ex Etruria acciti, ad tibicinis modos saltantes, haud indecoros motus",". Imitari deinde eos iuuentus, simul inconditis inter se iocularia fundentes uersibus, coepere; nec",0.65,,pending,
1812,omne,omne,,omne nomen Etruscum,"euerterunt, militaribus iocis cum apparatum hostium tum suum increpantes pauorem. Concitatur deinde",et Tarquiniensibus Faliscisque ducibus ad Salinas perueniunt. Aduersus eum terrorem dictator C. Mar,0.8,,pending,
1813,annos,annos,,annos in Etruria,nominis urbano prope dilectu decem scribebantur legiones; quaterni quinique exercitus saepe per eos,", in Vmbria Gallis hostibus adiunctis, in Samnio, in Lucanis gerebat bellum. Latium deinde omne cum",0.7,,pending,
1814,fuere,fuere,,apud Etruscos fuere,"s haud dubie, nisi ultro arma Etrusci inferrent. Eadem in comparando cohibendoque bello consilia et",; neutri finibus egressi. Et censura clara eo anno Ap. Claudi et C. Plauti fuit; memoriae tamen feli,0.85,,pending,
1815,clamor,clamor,,clamor ab Etruscis,"ius sol meridie se inclinauit quam telum hinc aut illinc emissum est: inde, ne infecta re abiretur,",oritur concinuntque tubae et signa inferuntur. Nec segnius a Romanis pugna initur. Concurrunt infen,0.75,,pending,
1816,oritur,oritur,,ab Etruscis oritur,"meridie se inclinauit quam telum hinc aut illinc emissum est: inde, ne infecta re abiretur, clamor",concinuntque tubae et signa inferuntur. Nec segnius a Romanis pugna initur. Concurrunt infensis ani,0.7,,pending,
1817,Sutrium,sutrium,,Sutrium ab Etruscis,"io fuerunt; summaque inuidia omnium ordinum solus censuram gessit. [ 35] Dum ea Romae geruntur, iam",obsidebatur consulique Fabio imis montibus ducenti ad ferendam opem sociis temptandasque munitiones,0.75,,pending,
1818,obsidebatur,obsidebatur,,ab Etruscis obsidebatur,"nt; summaque inuidia omnium ordinum solus censuram gessit. [ 35] Dum ea Romae geruntur, iam Sutrium","consulique Fabio imis montibus ducenti ad ferendam opem sociis temptandasque munitiones, si qua pos",0.7,,pending,
1819,haec,haec,,haec in Etruria,"ant, legati pacem foedusque ab Romanis petentes indutias in triginta annos impetrauerunt. [ 38] Dum","geruntur, consul alter C. Marcius Rutulus Allifas de Samnitibus ui cepit. Multa alia castella uiciq",0.7,,pending,
1821,quoque,quoque,,quoque in Etruria,"uribus aliis coniurauit de caede consulum et senatus, incendiis urbis et obprimenda re p., exercitu","conparato. Ea coniuratio industria M. Tulli Ciceronis eruta est. Catilina urbe pulso, de reliquis c",0.7,,pending,
1822,amisso,amisso,,amisso in Etruria,II TITI LIVI AB URBE CONDITA LIBER XXII PERIOCHA Hannibal per continuas uigilias in paludibus oculo,"m uenit, per quas paludes quadriduo et tribus noctibus sine ulla requie iter fecit. C. Flaminius cos",0.7,,pending,
1823,Gallisque,gallisque,,ab Etruscis Gallisque,"cilius praetor ob ulciscendam legatorum necem et conprimendum tumultum hostium cum exercitu missus,","oppressus interiit. 14 septem praeterea tribuni militum in ea pugna occisi, multi nobiles trucidati",0.7,,pending,
1824,cum,cum,,cum in Etruria,", amisso exercitu paene solus evasit. in eo tamen bello etiam Hannibal sauciatus est. 8 qui postea,","m primo uere transiret, in summo Appennino tempestate correptus, biduo continuo inmobiliter cum exer",0.7,,pending,
1825,Marcellus,marcellus,,Marcellus in Etruria,Tuditanus in Hispania citeriore bello oppressus cum omni exercitu Romano interfectus est; 11 consul,a Bois oppressus magnam partem exercitus perdidit; cui postea Furius alter consul auxilio accessit:,0.7,,pending,
1826,Norinberch,norinberch,,Norinberch appellatur a,"um est, ut non pauci ex ipsis huiusmodi inmanitatem fugientes, in oppido principis quod Noricum seu",liisque municipiis eius ad conservandam vitam se reciperent. Capitulum XXXVIIII. At prefatus Clareva,0.7,,pending,
1827,ita,ita,,ita dictum quod,"est, fuisse perhibetur. Huius Venetiae Aquileia civitatis extitit caput; pro qua nunc Forum Iulii,","Iulius Caesar negotiationis forum ibi statuerat, habetur. 15. Non ab re esse arbitror, si etiam cet",0.7,,pending,
1828,posteaquam,posteaquam,,posteaquam in Etruria,s euasit; in eo tamen bello etiam Annibal sauciatus est. Tunc se Annibali multi Itali dedidere. Qui,"m primo uere transiret, in summo Apennino tempestate correptus biduo continuo immobiliter stetit niu",0.7,,pending,
1829,Marcellus,marcellus,,Marcellus in Etruria,", Cremonam Placentiamque uastantes difficillimo bello a Lucio Fuluio praetore superati sunt. Consul",a Boiis oppressus magnam partem exercitus perdidit; cui postea Furius alter consul auxilio accessit,0.7,,pending,
1830,10,10,,10 ex dulci oriundu,"morabile: tute tibi puer es, lautus luces cereum. Phaed. Egon apicularum congestum opera non feram,","m melculo dulci meo? Pal. Nam quo te dicam ego ire? Phaed. Si tu me roges, dicam ut scias. Pal. Si r",0.7,,pending,
1831,mater,mater,,mater dicta quod,". quanta est cura in animo, quantum corde capio 454-455 dolorem — dolus ne occidat morte pueri: 456","sum, eo magis studeo vitae; quae ausa hunc sum, tantundem dolum <nunc> adgrediar. lucri causa avara",0.7,,pending,
1832,alio,alio,,alio dictum est quod,"ibus sentiunt. 13 Praeterea suae quisque inventioni favet, et quasi fortissimum amplectitur, cum ab","ipse praevidit. Omnibus ergo dandum est aliquid quod teneant, quod agnoscant. 14 Dixit aliquando mi",0.7,,pending,
1833,Vetulonios,vetulonios,,Vetulonios in Etruria,"m et in Gaditano oceano. Patavinorum aquis calidis herbae virentes innascuntur, Pisanorum ranae, ad","non procul a mari pisces. in Casinate fluvius appellatur Scatebra, frigidus, abundantior aestate; i",0.7,,pending,
1834,Tarentinus,tarentinus,,Tarentinus appellatur ab,"uerit. [99] Conectitur secunda regio amplexa Hirpinos, Calabriam, Apuliam, Sallentinos,CCL sinu qui","oppido Laconum — in recessu hoc intimo situm, contributa eo maritima colonia, quae ibi fuerat, abes",0.7,,pending,
1835,Transpadana,transpadana,,Transpadana appellatur ab,"to adest oppidum iuxta Industria vetusto nomine Bodincomagum, ubi praecipua altitudo incipit. [123]","eo regio undecima, tota in mediterraneo, cui marina cuncta fructuoso alveo inportat. oppida Vibi Fo",0.7,,pending,
1836,universum,universum,,universum appellata a,"terarum claritas ex hoc primum sinu effulsit, quapropter paululum in eo conmorabimur. [2] Epiros in","Cerauniis incipit montibus. in ea primi Chaones, a quibus Chaonia, dein Thesproti, Antigonenses, lo",0.7,,pending,
1837,Pieria,pieria,,Pieria appellatur a,"elagonia protegunt a Triballis. oppida Aegae, in quo sepeliri mos reges, Beroea et in regione, quae","nemore, Aeginium. [34] in ora Heraclea, flumen Apilas, oppida Pydna, Aloros, amnis Haliacmon. intus",0.7,,pending,
1838,Pachynum,pachynum,,Pachynum vocatur quod,ibus promunturiis in diversa procurrens Graecae litterae imaginem quae Delta dicitur efficit. [101],"Graeciam spectat, Lilybaeum quod in Africam, Pelorias quod in Italiam vergens Scyllae adversum est.",0.75,,pending,
1840,saucius,saucius,,ab Etruscis saucius,"s amores, formosum ni vis perdere rursus Hylan. XXI Tu, qui consortem properas evadere casum, miles","aggeribus, quid nostro gemitu turgentia lumina torques? pars ego sum vestrae proxima militiae. sic",0.7,,pending,
1841,quod,quod,,quod appellatur a,"dere gentem!""; ""facere enim probus adulescens periculose quam perpeti turpiter maluit"". XII. Est et","novis noema, qua voce omnis intellectus accipi potest, sed hoc nomine donarunt ea quae non dicunt v",0.7,,pending,
1842,aliquot,aliquot,,aliquot in Etruria,"fatis omnia permissurum. Rutuli ad oppugnandum, Troiani ad defendendum urbem redeunt. Aeneas, dies","commoratus, collectis inde auxiliis, ad suos redit, triginta navium classe auctus. Nymphas, e suis",0.7,,pending,
1844,Styx,styx,,Styx appellata ab,"bit. [25,1] Quaedam aquae mortiferae sunt nec odore notabiles nec sapore. Circa Nonacrin in Arcadia","incolis aduenas fallit, quia non facie, non odore suspecta est: qualia sunt magnorum artificum uene",0.7,,pending,
1845,et,et,,et in Etruria,"us ramis arboris adcrescentibus adpensus est, et fulgur caelo sereno sine noxa in eius domum venit,","dolia, quae defossa fuerant, supra terram reperta suntet statuas eius in omni Etruria examen apium",0.7,,pending,
1846,Ligea,ligea,,Ligea appellata ab,i fratris natu maximi urbem vocaverunt. Mox in Bruttiis ab Ulyxe exstructum templum Minervæ. Insula,"ejecto ibi corpore sirenis ita nominatæ; Parthenope a Parthenopæ sirenis sepulcro, quam Augustus po",0.7,,pending,
1847,Ligea,ligea,,Ligea appellata ab,fratris natu maximi urbem vocaverunt. mox in Bruttiis ab Ulixe. extructum templum Minervae. insula,"eiecto ibi corpore Sirenis ita nominatae: Parthenope a Parthenopae Sirenis sepulcro, quam Augustus",0.7,,pending,
1848,solifuga,solifuga,,solifuga dicta quod,"rpentibus. sed quod aliis locis serpens, hoc solifuga Sardis agris, animal perexiguum aranei forma,","diem fugiat. in metallis argentariis plurima est, nam solum illud argenti dives est: occultim repta",0.7,,pending,
1849,Ligea,ligea,,Ligea appellata ab,atris natu maximi urbem uocauerunt. 9 Mox in Bruttiis ab Vlixe. extructum templum Mineruae. Insula *,"*eiecto ibi corpore Sirenis ita nominatae; Parthenope a Parthenopae Sirenis sepulcro, quam Augustus",0.7,,pending,
1850,solifuga,solifuga,,solifuga dicta quod,"ntibus. 3 Sed quod aliis locis serpens, hoc solifuga Sardis agris, animal *perexiguum aranei forma,","diem fugiat. In metallis argentariis plurima est, nam solum illud argenti diues est; occultim repta",0.7,,pending,
1851,deus,deus,,Etrusca lingua deus,"ra notaret, futurumque ut inter deos referretur, quod aesar, id est reliqua pars e Caesaris nomine,","vocaretur. Tiberium igitur in Illyricum dimissurus et Beneventum usque prosecuturus, cum interpella",0.9,,pending,
1853,prolocutum,prolocutum,,prolocutum in Etruria,"tatuam divi Iulii in insula Tiberini amnis sereno et immoto die ab occidente in orientem conversam,","bovem, insolitos animalium partus, et plura alia rudibus saeculis etiam in pace observata, quae nun",0.7,,pending,
1854,iam,iam,,iam dictum quod,"riosum militem, puerum supponi, falli per servom senem, amare odisse suspicari? denique 40 nullumst",non dictum sit prius. qua re aequom est vos cognoscere atque ignoscere quae veteres factitarunt si,0.7,,pending,
1855,Id,id,,Id vocatur quod,ur — de solo triclinio Christianorum retractatur. [16] Cena nostra de nomine rationem sui ostendit:,"dilectio penes Graecos. Quantiscumque sumptibus constet, lucrum est pietatis nomine facere sumptum,",0.75,,pending,
1856,transvenas,transvenas,,transvenas in Etruria,"s multi, qui super ista re commentarios ediderunt. ab his ludorum origo sic traditur: Lydos ex Asia","consedisse Timaeus refert duce Tyrreno, qui fratri suo cesserat regni contentione. igitur in Etruri",0.7,,pending,
1857,igitur,igitur,,igitur in Etruria,"venas in Etruria consedisse Timaeus refert duce Tyrreno, qui fratri suo cesserat regni contentione.",inter ceteros ritus superstitionum suarum spectacula quoque religionis nomine instituunt. inde Roma,0.7,,pending,
1859,Amictui,amictui,,Amictui dictum quod,"ulam ac crocotulam. Multa post luxuria attulit, quorum vocabula apparet esse Graeca, ut asbestinon.","ambiectum, est, id est circumiectum, a quo etiam quo vestitas se involuunt, circumiectui appellant,",0.7,,pending,
1860,Tuscanicum,tuscanicum,,Tuscanicum dictum a Tuscis,"aperet, deorsum quo impluebat, dictum impluium, susum qua compluebat, compluium: utrumque a pluvia.",", posteaquam illorum cavum aedium simulare coeperunt. Atrium appellatum ab Atriatibus Tuscis: illinc",0.85,,pending,
1861,Idus,idus,,Sabini Idus dicunt,"nstruas, quae futurae sint eo mense, rex edicit populo. Idus ab eo quod Tusci Itus, vel potius quod",". Dies postridie Kalendas, Nonas, Idus appellati atri, quod per eos dies nihil novi inciperent. Dies",0.75,,pending,
1862,decuma,decuma,,decuma appellata ab,"inc profanum, quod est ante fanum coniunctum fano; hinc profanatum quid in sacrificio atque Herculi","eo est quod sacrificio quodam fanatur, id est ut fani lege fit. Id dicitur polluctum, quod a porric",0.7,,pending,
1863,Subulo,subulo,,"Subulo dictus, quod ita dicunt tibicines Tusci",Callimachum in poematibus eius inveni. Apud Ennium: Subulo quondam marinas propter astabat plagas.,": quocirca radices eius in Etruria, non Latio quaerundae. Versibus quos olim Fauni vatesque canebant",0.9,,pending,
1868,Granum,granum,,Granum dictum quod,"tico, tria habet continentia, granum, glumam, aristam et etiam, primitus spica cum oritur, vaginam.","est intimum soldum; gluma qui est folliculus eius; arista quae ut acus tenuis longa eminet e gluma,",0.7,,pending,
1869,atque,atque,,atque appellatur a,"ra subiectari vallis aut ventilabris, cum ventus spirat lenis. Ita fit ut quod levissimum est in eo","cus ac palea evannatur foras extra aream ac frumentum, quod est ponderosum, purum veniat ad corbem.",0.7,,pending,
1870,viri,viri,,viri in Etruria,"iis pacis, foedus cum feritur, porcus occiditur, et quod nuptiarum initio antiqui reges ac sublimes","in coniunctione nuptiali nova nupta et nouus maritus primum procum immolant. Prisci quoque Latini,",0.7,,pending,
1871,item,item,,item appellatur quod,"a, cornicines canunt; quotiens antem pugnatur, et tubicines et cornicines pariter canunt. Classicum","bucinatores per cornu dicunt. Hoc insigne uidetur imperii, quia classicum canitur imperatore praese",0.7,,pending,
1872,et,et,,et appellatur a,"uocatur ab eo, quod incurua est, ut de muro extrahat lapides, aut certe caput ipsius uestitur ferro","ries, uel quod habet durissimam frontem, qua subruit muros, uel quod more arietum retrocedit, ut cum",0.7,,pending,
1873,fugiens,fugiens,,fugiens in Etruria,"serat regem. 6 1 Lucius Tarquinius Priscus, Demarati Corinthii filius, eius, qui Cypseli tyrannidem","m commigravit. 2 Ipse Lucumo dictus, urbe Tarquiniis profectus Romam petiit. 3 Advenienti aquila pil",0.7,,pending,
1876,vulgo,vulgo,,vulgo appellatur A,"astrum Harenc obsiderent. Est autem praedictus locus, in territorio Chalcidensi, quae civitas hodie","rtasia, nobilis aliquando, nunc ad instar parvissimi redacta oppidi. Distat autem uterque locus ab A",0.7,,pending,
1877,Amictui,amictui,,Amictui dictum quod,"ulam ac crocotulam. Multa post luxuria attulit, quorum vocabula apparet esse Graeca, ut asbestinon.","ambiectum, est, id est circumiectum, a quo etiam quo vestitas se involuunt, circumiectui appellant,",0.7,,pending,
1878,Tuscanicum,tuscanicum,,Tuscanicum dictum a Tuscis,"aperet, deorsum quo impluebat, dictum impluium, susum qua compluebat, compluium: utrumque a pluvia.",", posteaquam illorum cavum aedium simulare coeperunt. Atrium appellatum ab Atriatibus Tuscis: illinc",0.85,,pending,
1879,Idus,idus,,Sabini Idus dicunt,"nstruas, quae futurae sint eo mense, rex edicit populo. Idus ab eo quod Tusci Itus, vel potius quod",". Dies postridie Kalendas, Nonas, Idus appellati atri, quod per eos dies nihil novi inciperent. Dies",0.75,,pending,
1880,decuma,decuma,,decuma appellata ab,"inc profanum, quod est ante fanum coniunctum fano; hinc profanatum quid in sacrificio atque Herculi","eo est quod sacrificio quodam fanatur, id est ut fani lege fit. Id dicitur polluctum, quod a porric",0.7,,pending,
1881,Subulo,subulo,,"Subulo dictus, quod ita dicunt tibicines Tusci",Callimachum in poematibus eius inveni. Apud Ennium: Subulo quondam marinas propter astabat plagas.,": quocirca radices eius in Etruria, non Latio quaerundae. Versibus quos olim Fauni vatesque canebant",0.9,,pending,
1884,autem,autem,,autem dictum quod,orium ligno ex una parte extentum. Est enim pars media symphoniae in similitudinem cribri. Tympanum,"medium est, unde et margaritum medium tympanum dicitur; et ipsud, ut symphonia, ad virgulam percuti",0.7,,pending,
1885,Pessaria,pessaria,,Pessaria dicta quod,"catur. Malagma, quod sine igne maceretur et conprehendatur. Enema Graece, Latine relaxatio dicitur.",intus iniciantur. [12] Medicinam iumentorum Chiron quidam Graecus invenit. Inde pingitur dimidia pa,0.7,,pending,
1886,Enchiridion,enchiridion,,Enchiridion dictum quod,scribuntur. Butanicum herbarum dicitur quod ibi herbae notentur. XI. DE INSTRVMENTIS MEDICORVM. [1],"manu adstringatur, dum plurima contineat ferramenta; CHEIR enim Graece manus vocatur. [2] Phlebotom",0.7,,pending,
1887,Falsitas,falsitas,,Falsitas appellata a,"ipite nunc malum.' [8] Calumnia est iurgium alienae litis, a calvendo, id est decipiendo dicta. [9]",fando aliud quam verum est. [10] Iniuria est iniustitia. Hinc est apud Comicos (? Plaut. Mil. 436):,0.7,,pending,
1888,Poena,poena,,Poena dicta quod,"ena. Malum autem tunc plenum est, cum et praeteritum est et inpendet, ut sit et dolor et metus. [2]","puniat. Est autem epithetum nomen, et sine adiectione non habet plenum sensum: adicis poena carceri",0.7,,pending,
1889,autem,autem,,autem dictum quod,"adulta et praeceps sive extrema. Vnde est illud (Virg. Georg. 1,340): Extremae sub casu hiemis. Ver","viret. Tunc enim post hiemem vestitur tellus herbis, et in florem cuncta rumpuntur. [4] Aestas dici",0.7,,pending,
1890,autem,autem,,autem dicta quod,Conficitur bibula Memphitis carta papyro. [2] Bibulam autem papyrum dixit quod humorem bibat. Carta,carptim papyri tegmen decerptum glutinatur. Cuius genera quam plura sunt. Prima et praecipua August,0.7,,pending,
1891,autem,autem,,autem dicta quod,"e invenies. XVI. DE CANONIBVS CONCILIORVM. [1] Canon autem Graece, Latine regula nuncupatur. Regula","recte ducit, nec aliquando aliorsum trahit. Alii dixerunt regulam dictam vel quod regat, vel quod n",0.7,,pending,
1892,autem,autem,,autem vocatur quod,"solitoÝ, id est firmo atque solido nominata. [vel ex eo, quod soleat fieri in anno.] [2] Celebritas","non ibi terrena, sed caelestia tantum agantur. [3] Pascha festivitatum omnium prima est, de cuius v",0.75,,pending,
1893,Oblatio,oblatio,,Oblatio vocatur quia,"ri offertur et sacrificatur a pontificibus, a quo offertorium nominatum, quasi propter fertum. [25]","offertur. [26] Dona proprie divina dicuntur, munera hominum. [27] Nam munera dicuntur obsequia, qua",0.75,,pending,
1894,Incorruptibilis,incorruptibilis,,Incorruptibilis appellatur quia,"lis utique deprehenditur; ac per hoc solus Deus dicitur inmortalis, quia solus incommutabilis. [20]",corrumpi et dissolvi non potest nec dividi. Quidquid enim capit divisionem et interitum capit. Ille,0.7,,pending,
1895,Trinitas,trinitas,,Trinitas appellata quod,ius docet vos de omni re.' Ipse est enim Spiritus sanctus unctio invisibilis. IV. DE TRINITATE. [1],"fiat totum unum ex quibusdam tribus, quasi Triunitas; ut memoria, intellegentia et voluntas, in qui",0.7,,pending,
1896,Spes,spes,,Spes vocata quod,"o quod fit illud quod inter utrosque placitum est, quasi inter Deum et hominem; hinc et foedus. [5]","sit pes progrediendi, quasi 'est pes.' Vnde et e contrario desperatio. Deest enim ibi pes, nullaque",0.75,,pending,
1897,ideo,ideo,,ideo dictum quod,"ellatur, quia contra Christum venturus est. Non, quomodo quidam simplices intellegunt, Antichristum","ante Christum venturus sit, id est post cum veniat Christus. Non sic, sed Antichristus Graece dicit",0.7,,pending,
1898,Iscurra,iscurra,,Iscurra vocatur quia,"152] Investis, id est sine veste; nondum enim habet stolam; quod est signum maritalis virginitatis.","causa escae quempiam consectatur. K [153] Katholicus, universalis: Graecum enim est. Karus Graecum",0.75,,pending,
1899,Sicarius,sicarius,,Sicarius vocatur quia,"et asperi. Scrupo est enim arena durior. Sacrilegus dicitur ab eo quod sacra legit, id est furatur.","ad perpetrandum scelus telis armatus est. Sica enim gladius est, a secando vocatus. [253] Scaevus,",0.75,,pending,
1900,autem,autem,,autem appellata a,"] Senex autem tantum masculini generis est, sicut anus feminini; nam anus dicitur sola mulier. Anus","multis annis, quasi annosa. Nam si commune esset nomen, cur diceret Terentius (Eun. 357): 'senem mu",0.7,,pending,
1901,ita,ita,,ita vocata quia,distant. Sunt enim in facie producta barba et lata cauda. [34] Leontophonos bestia modica; et ex eo,"capta exuritur, eiusque cinere aspersae carnes et positae per conpita semitarum leones necant, si q",0.75,,pending,
1902,ita,ita,,ita vocata quod,"um nutrit, sicque iterum de cincribus suis resurgit. [23] Cinnamolgus et ipsa Arabiae avis, proinde",in excelsis nemoribus texit nidos ex fruticibus cinnami: et quoniam non possunt ibi homines conscen,0.75,,pending,
1903,vulgo,vulgo,,vulgo appellatur a,"vis, unde et nuncupatus; rapacissimus tamen et semper domesticis avibus insidiator. [59] Ossifragus",vis quae ossa ab alto dimittit et frangit. Vnde et a frangendo ossa nomen accepit. [60] Turtur de vo,0.7,,pending,
1904,Tonitruum,tonitruum,,Tonitruum dictum quod,"emque faciunt; unde est illud (Virg. Aen. 5,20): Atque in nubem cogitur aer. VIII. DE TONITRVO. [1]",sonus eius terreat; nam tonus sonus. Qui ideo interdum tam graviter concutit omnia ita ut caelum di,0.7,,pending,
1905,Grando,grando,,Grando appellata quod,"e et Lucretius (1,715): Ex igni, terra atque anima nascuntur et imbri. Est autem nomen Graecum. [5]","forma eius granorum similitudinem habeat. Haec autem ventorum rigore durantur in nube, ac solidantu",0.7,,pending,
1906,Aqua,aqua,,Aqua dicta quod,"ventos quam fulmina alata fingunt poetae, ut (Virg. Aen. 8,430): Alitis Austri. XII. DE AQVIS. [1]","superficies eius aequalis sit; hinc et aequor appellatum, quia aequaliter sursum est. [2] Duo autem",0.7,,pending,
1907,magnum,magnum,,magnum appellatur quia,"est quod ab occasu ex Oceano fluit et in meridiem vergit, deinde ad septentrionem tendit; quod inde","cetera maria in conparatione eius minora sunt. Iste est et Mediterraneus, quia per mediam terram us",0.7,,pending,
1908,Charybdis,charybdis,,Charybdis dicta quod,"mam hominis capitibus caninis succinctam, quia conlisi ibi fluctus latratus videntur exprimere. [5]","gurgitibus occultis naves obsorbeat; est enim mare verticosum, et inde ibi laniata naufragia profun",0.7,,pending,
1909,Diluvium,diluvium,,Diluvium dictum quod,"a sunt, quaedam vero, quae non erant, abyssi tunc ruptis meatibus eruperunt. XXII. DE DILVVIIS. [1]","aquarum clade omnia quae inundaverit deleat. [2] Primum diluvium extitit sub Noe, quando hominum sc",0.7,,pending,
1910,Palaestinae,palaestinae,,Palaestinae vocata quod,ens in terra Agrabath. Situs eius natura consimili nec ullo differens a Iudaea. [23] Galilaea regio,"gignat candidiores homines quam Palaestina. Haec autem duplex est, superior et inferior, sibi tamen",0.75,,pending,
1911,Italiae,italiae,,Italiae dicta quod,"minata. Est enim in iugis Appennini montis sita, in parte Italiae iuxta meridiem. [22] Etruria pars","eius fines tendebantur usque ad ripam Tiberis, quasi ETEROURIA. Nam ETERON significat alterum, OROS",0.7,,pending,
1912,Libya,libya,,Libya dicta quod,"as, et ultra vel quod ultima vel quod non sit post hanc ulla, hoc est alia, terra. V. DE LIBYA. [1]","inde Libs flat, hoc est Africus. Alii aiunt Epaphum Iovis filium, qui Memphin in Aegypto condidit,",0.7,,pending,
1913,autem,autem,,autem vocata quod,"um in ius suum Romani vincendo redigerent, procul positas regiones provincias appellaverunt. Patria","communis sit omnium, qui in ea nati sunt. [20] Terra autem significari, ut praediximus (13,3,1), el",0.75,,pending,
1914,Graece,graece,,Graece dicta quod,"] Abydos insula in Europa super Hellespontum posita, angusto et periculoso mari separata, et ABUDOS","sit introitus Hellesponti maris, in quo Xerxes pontem ex navibus fecit, et in Graeciam transiit. [1",0.7,,pending,
1915,autem,autem,,autem vocata quod,"Cytherea insula una ex Cycladibus a parte occidua sita, cuius Porphyris antea nomen fuit. Cytherea","ibi Venus sit orta. [26] Icaria insula una de Cycladibus, quae Icario mari nomen dedit. Haec inter",0.75,,pending,
1916,Hispaniae,hispaniae,,Hispaniae dicta quod,"is angulosa, gignens laetissima pabula et lapidem quem catochiten Graeci vocant. [43] Ebosus insula","a Zanio non procul sit, quasi abozus; nam septuaginta stadiis ab ea distat. Cuius terram serpentes",0.7,,pending,
1917,Deserta,deserta,,Deserta vocata quia,"a conlucendo crebris luminibus dici, quae ibi propter religionem gentilium cultumque fiebant. [31]","non seruntur et ideo quasi deseruntur; ut sunt loca silvarum et montium, contraria uberrimarum terr",0.75,,pending,
1918,notatum,notatum,,litteris Tuscis notatum,"aiunt, cum Tarquinius Priscus Capitolii fundamenta Romae aperiret, in loco fundamenti caput hominis","invenit, et proinde Capitolium appellavit. [32] Arces sunt partes urbis excelsae atque munitae. Nam",0.85,,pending,
1919,Macellum,macellum,,Macellum dictum quod,"ulis lignisque erant constructae, quae nunc et si non speciem, nomen tamen pristinum retinent. [44]",ibi mactentur pecora quae mercantibus venundantur. [45] Mercatum autem a conmercio nominatum. Ibi e,0.7,,pending,
1920,Cella,cella,,Cella dicta quod,". KLINE enim Graece lectus vel adcubitus dicitur, ex quo confectum est ut triclinium diceretur. [9]","nos occultat et celat. Cubiculum vero, quod eo cubamus ibique dormientes requiescimus. Cubile autem",0.7,,pending,
1921,Analogium,analogium,,Analogium dictum quod,"niversi exaudire possint. Alias tribunal a tribu denominatum, quod ad illud tribus convocetur. [17]",sermo inde praedicetur; nam LOGOS Graece sermo dicitur; quod et ipsud altius situm est [ut in eo le,0.7,,pending,
1922,Fundamentum,fundamentum,,Fundamentum dictum quod,prius quam domum ingrediamur; postes eo quod post ostium stent. VIII. DE PARTIBVS AEDIFICIORVM. [1],"fundus sit domui. Idem et caementum a caedendo dictum, quod caeso crasso lapide surgat. [2] Paries",0.7,,pending,
1923,Capitolia,capitolia,,Capitolia dicta quod,"s est earum quae vocantur Atticae, quaternis angulis aut amplius, paribus laterum intervallis. [15]","sint columnarum capita, sicut super collum caput. Epistolia sunt quae super capitella columnarum po",0.7,,pending,
1924,Volutabra,volutabra,,Volutabra appellata quod,"e. Lutum vocatum quidam per antiphrasin putant, quod non sit mundum; nam omne lotum mundum est. [5]",ibi apri volutentur. Vligo sordes limi vel aquae sunt. Sabulum levissimum terrae genus. [6] Argilla,0.7,,pending,
1925,crepido,crepido,,crepido vocata quod,"LAIA Graece, speluncae Latine. Est autem rupis cavata. [3] Crepido extremitas saxi abrupta; unde et","sit abrupti saxi altitudo, sicut 'haeret pede pes densus' (Virg. Aen. 10,361); unde et vocatur. Cau",0.75,,pending,
1926,Chalcosmaragdus,chalcosmaragdus,,Chalcosmaragdus dicta quod,"similes notas habent. Smaragdi autem mero et viridi proficiunt oleo, quamvis natura inbuantur. [3]",viridis sit et turbida aereis venis. Haec in Aegypto vel Cypro insula nascitur. [4] Prasius pro vir,0.7,,pending,
1927,Myrrhites,myrrhites,,Myrrhites dicta est quod,"e profundo petat, et carinis ita tenaciter adhaereat ut nisi abrasa parte ligni vix separetur. [14]",in ea myrrhae color est. Conpressus autem usque ad calorem nardi spirat suavitatem. Aromatitis repe,0.7,,pending,
1928,Onyx,onyx,,Onyx appellata quod,"aec rubrum habet colorem marmoribus praestans, sed inter gemmas vilissima. Genera eius quinque. [3]",habeat in se permixtum candorem in similitudinem unguis humanae. Graeci enim unguem ONUCHAdicunt. H,0.7,,pending,
1929,Melichrysus,melichrysus,,Melichrysus dicta quod,ris habet quadrulas. Gignitur in Persida. [6] Leucochrysus colore aureo interveniente candida vena.,"veluti per aurum (sincerum mel), sic haec gemma transluceat. [7] Chrysocolla gignitur in India, ubi",0.7,,pending,
1930,Vitrum,vitrum,,Vitrum dictum quod,"tem non translucidas gemmas caecas appellari, eo quod densitate sua obscurentur. XVI. DE VITRO. [1]",visui perspicuitate transluceat. In aliis enim metallis quidquid intrinsecus continetur absconditur,0.7,,pending,
1931,aurum,aurum,,aurum dictum quod,"fulgeat luce alia repercussus. Hinc et aurarii dicti, quorum fulgor splendiosus reddit. [2] Obryzum","obradiet splendore; est enim coloris optimi, quod Hebraei 'ophaz', Graeci KIRRON dicunt. Brattea di",0.7,,pending,
1932,vivum,vivum,,vivum dictum quod,"Cui mirum in modum illud ut, dum candidum sit, inpressum corpori liness nigras reddat. [2] Argentum","excidat materias in quibus inicitur; hoc et liquidum, quia percurrit. Invenitur specialiter in meta",0.7,,pending,
1933,Aurichalcum,aurichalcum,,Aurichalcum dictum quod,"pide aeroso, quem cadmiam vocant; et est ductile. Huic si addatur plumbum, colore purpureo fit. [3]",et splendorem auri et duritiam aeris possideat. Est autem nomen compositum ex lingua Latina et Grae,0.7,,pending,
1934,Ferrum,ferrum,,Ferrum dictum quod,"tque ita distillantibus, quodex eo cecidit in ipsum acetum teritur et cribratur. XXI. DE FERRO. [1]","farra, id est semina frugum, terrae condeat. Idem et chalybs a Chalybe flumine, ubi ferrum optima a",0.7,,pending,
1935,Plumbum,plumbum,,Plumbum dictum quod,"menta non vitiat, si eadem medulla cervina vel cerussa mixta rosaceo unguitur. XXII. DE PLVMBO. [1]","ex eo primum pilis factis maris altitudo temptata est. Huius duo genera sunt, nigrum et candidum; s",0.7,,pending,
1936,Vncia,vncia,,Vncia dicta quod,"in litteris divinis legatur siclus, uncia est; cum vero in gentilium, quarta pars unciae est. [19]","universitatem minorum ponderum sua unitate vinciat, id est conplectat. Constat autem dragmis octo,",0.7,,pending,
1937,Amphora,amphora,,Amphora vocata quod,"s vel 'bata' nominatur, capiens quinquaginta sextaria; quae mensura una molae vice proteritur. [13]","hinc et inde levetur. Haec Graece a figura sui dicta dicitur, quod eius ansae geminatae videantur a",0.75,,pending,
1938,Hordeum,hordeum,,Hordeum dictum quod,"tur. [9] Alica Graecum nomen est. Alicastrum simile est alicae, pondere et bonitate praecipua. [10]","prae ceteris generibus frumenti ante fiat aridum, vel quod spica eius ordines habeat. Horum tria ge",0.7,,pending,
1939,Panicium,panicium,,Panicium dictum quod,ius in incrementum frugis centesimum renascatur. Hinc et milium a multitudine fructus vocatum. [13],"multis in regionibus ex eo panis vice homines sustententur, quasi panivicium. Pistum a pasto. Sisam",0.7,,pending,
1942,Vicia,vicia,,Vicia dicta quod,". Haec semel seritur et decem annis permanet, ita ut quater vel sexies possit per annum recidi. [9]","vix ad triplicem perveniat fructum, cum alia legumina proventum habeant fertilem: unde et Vergilius",0.7,,pending,
1943,Vitis,vitis,,Vitis dicta quod,autem inventorem vitis Liberum appellari: unde et eum gentiles post mortem deum esse voluerunt. [2],vim habeat citius radicandi. Alii putant vites dictas quod invicem se vittis innectant vicinisque a,0.7,,pending,
1944,Radix,radix,,Radix appellatur quod,ant virgultas vel umbras; sunt autem causa umbrarum. Oculi nodi sunt ex quibus frondes exeunt. [14],quasi radiis quibusdam fixa terris in profunda dimergitur. Nam physici dicunt parem esse altitudine,0.7,,pending,
1945,virgultum,virgultum,,virgultum appellatur quod,"est quod de radice pullulat; ramus, qui de ipso robore arboris; virga, quae de ramis. Proprie autem","ad radicem arboris nascitur et quasi inutile ab agricolis amputatur. Et hinc dictum virgultum, quia",0.7,,pending,
1946,Graecis,graecis,,Graecis dictum quod,lla potius victores coronantur. Sola quoque haec arbor vulgo fulminari minime creditur. [3] Malum a,sit fructus eius pomorum omnium rotundissimus: unde et haec sunt vera mala quae vehementer rotunda,0.7,,pending,
1947,ita,ita,,ita appellata quod,"at, quod et medici et scriptores utuntur. [11] Oleomela nascitur in Palmyra, Syriae civitate; ex eo","ex trunco oleum defluat in crassitudine mellis, sapore suavi. [12] ÝPomelidaÝ sorbo similis, medioc",0.7,,pending,
1948,putant,putant,,putant dictum quod,es quibus innascitur carpit; rumpit enim et prodit ex latebris quibus concepta est. Alii caprificum,"ficus arbor eius remedio fecundetur. [19] Morus a Graecis vocata, quam Latini rubum appellant, eo q",0.7,,pending,
1949,Nux,nux,,Nux appellata quod,"folia similis moro. Hanc Latini celsam appellant ab altitudine, quia non est brevis, ut morus. [21]",umbra vel stillicidium foliorum eius proximis arboribus noceat. Hanc alio nomine Latini iuglandem v,0.7,,pending,
1950,Abies,abies,,Abies dicta quod,"sit arboris. Pinus creditur prodesse cunctis quae sub ea seruntur, sicut ficus nocere omnibus. [32]","prae ceteris arboribus longe eat et in excelsum promineat. Cuius natura expers est terreni humoris,",0.7,,pending,
1952,Populus,populus,,Populus dicta quod,"st, ex qua tabulae tegulis adfixae flammam repellunt, neque ex se carbonem ambustae efficiunt. [45]","ex eius calce multitudo nascatur. Cuius genus duplex est: nam altera est alba, altera nigra. Alba a",0.7,,pending,
1953,Salix,salix,,Salix dicta quod,d utilis sit ad usum telorum nitore et levitate iaculandi: est enim genus materiae levissimae. [47],"celeriter saliat, hoc est velociter crescat, arbor lenta, vitibus habilis vinciendis. Cuius seminis",0.7,,pending,
1954,enim,enim,,enim appellatur a,"omnium resinarum praestantiorem. [53] Buxus Graecum nomen est, ex parte a Latinis corruptum; PUKSOS",pud eos. Arbor semper virens et levitate materiae elementorum apicibus apta. Vnde et Scriptura (Isai,0.7,,pending,
1955,Et,et,,Et appellatur a,"ne veluti in pulverem resolutum, et cum frangitur, intus pingue et igni adpositum facile ardescens.","pud nos masculum, eo quod sit natura rotundum in modum testiculorum. Reliquum planum et pene scabros",0.7,,pending,
1956,autem,autem,,autem dicta quod,"calamites, pinguis, resinosa, odoris iucundi, humecta et veluti mellosum liquorem emittens. Storax","sit gutta arboris profluens et congelata. Nam Graeci stiriam guttam dicunt, Graece autem STURAKS, L",0.7,,pending,
1957,Cinnamomum,cinnamomum,,Cinnamomum dictum quod,i. Denique lignum ipsius vice thymiamatum altaribus adoletur; unde et nomen traxisse creditur. [10],cortex eius in modum cannae sit rotundus et gracilis. Gignitur autem in Indiae et Aethiopiae region,0.7,,pending,
1958,Folium,folium,,Folium dictum quod,anationem. Non tamen omnium herbarum etymologiam invenies. Nam pro locis mutantur etiam nomina. [2],sine ulla radice innatans in Indiae litoribus colligatur. Quod lino perforatum siccant Indi atque r,0.7,,pending,
1959,Hedera,hedera,,Hedera dicta quod,"ulto; [21] in cuius imitatione arte vestis ornatur, quae acanthina dicitur; et acanthis dicta. [22]","arboribus reptando adhaereat. De qua Vergilius (Ecl. 8,13): Inter victrices hederam tibi serpere la",0.7,,pending,
1960,eo,eo,,eo dicta quod,lorum graminum usque adeo celebris est ut noxias herbas aconita illinc nominemus. Nam toxica venena,"ex arboribus taxeis exprimitur, maxime apud Cantabriam. [26] Euphorbium dictum quod eius sucus ocul",0.7,,pending,
1961,Euphorbium,euphorbium,,Euphorbium dictum quod,"nemus. Nam toxica venena eo dicta quod ex arboribus taxeis exprimitur, maxime apud Cantabriam. [26]",eius sucus oculorum acuat visum. Cuius vis tanta est ut duris carnibus superadiecta citius coqui co,0.7,,pending,
1962,Mandragora,mandragora,,Mandragora dicta quod,"haerentes eiciunt. Hanc quidam Latinorum puleium Martis dicunt, propter belli tela excutienda. [30]","habeat mala suaveolentia, in magnitudinem mali Matiani: unde et eam Latini malum terrae vocant. Han",0.7,,pending,
1963,eo,eo,,eo dicta quod,"S, quia locis humectis nascitur. Eadem et fel terrae propter amaritudinem. [34] Glycyriza Graece ex","dulcem radicem habeat; GLUKU enim Graece dulce dicunt. Eadem ADIPSOS, quia sitientibus sitim sedat.",0.7,,pending,
1964,autem,autem,,autem dictum quod,"um, illud quod trans Danubium in solo barbarico, istud quod circa Pontum colligitur, nominatum. Reu","sit radix, quasi radix barbara, quasi radix Pontica. [41] Hyoscyamos a Graecis dicta, a Latinis her",0.7,,pending,
1965,Saxifraga,saxifraga,,Saxifraga vocata quod,"ni imaginem turbidam. Hanc vulgus milimindrum dicit, propter quod alienationem mentis inducit. [42]","semen eius petras in vesica frangat atque conminuat. Gentiana nomen sumpsit, ut medici memorant, ab",0.75,,pending,
1966,eo,eo,,eo vocata quod,"t, quos Graeci ORCHEIS vocant. Idem et leporina, propter quod caulem mollem emittat. [44] Vrtica ex","tactus eius corpus adurat. Est enim igneae omnino naturae et tactu perurit, unde et pruriginem faci",0.75,,pending,
1967,Graece,graece,,Graece dicta quod,"e a gentibus consecrata est, unde et nuncupata; Graece enim Diana ARTEMIS dicitur. [46] Chamaemelos",mali Matiani odorem habeat sitque brevis terraeque vicina. [47] Chamaedrys a Graecis appellata quod,0.7,,pending,
1968,Graecis,graecis,,Graecis appellata quod,elos Graece dicta quod mali Matiani odorem habeat sitque brevis terraeque vicina. [47] Chamaedrys a,"sit brevis et per terram strata et minuta foliis parvissimis. [48] Paeon quidam medicus fuit, a quo",0.7,,pending,
1969,Psyllios,psyllios,,Psyllios dicta quod,"icitur, quod vere primo senescat: unde et eam Latini senicionem vocant. Nascitur per macerias. [54]",semen simile pulicis habeat: unde et eam Latini herbam pulicarem vocant. [55] Hierobotane ideo a Gr,0.7,,pending,
1970,Splenos,splenos,,Splenos dicta quod,"am quidam herbam lanariam vocant, eo quod plerique lanam ex ea lavent. Nascitur [in] locis cultis. [","splenem auferat.] [57] Cimicia, propter similitudinem cimicis dicta: unde et eam Greci KORION vocav",0.7,,pending,
1971,Citocacia,citocacia,,Citocacia vocata quod,"ic contraria atque falsa ex Syria vel Iudaea. [65] Daucos, foliis feniculi similis thyrso bipalmis.",ventrem cito depurgat; quam vulgus corrupte citocociam vocant. [66] Lappa dicta quod habeat caulem,0.75,,pending,
1973,Rubia,rubia,,Rubia dicta quod,", vel quod sit virgulis nigris lenibus cum splendore quasi capilli. Nascitur in aquosis locis. [68]","radix eius sit rubra, unde et colorare lanas perhibetur. [69] Anchusa, cuius radix contrita digitos",0.7,,pending,
1974,Graece,graece,,Graece dicta quod,"vocant, ab eo quod ad lychnia facit. Eadem et lucubros, quod lucem praebeat umbris. [74] Pyrethron","habeat radicem incendiosam atque coacervantem. [75] Althaea malva agrestis, sive malvaviscus; sed a",0.7,,pending,
1975,Graecis,graecis,,Graecis dicta quod,"rstitio gentilium dicit quod, si integra ad limen suspendatur, omnia mala fugat. [86] Chamaepitys a","terrae adhaereat et odorem pini habeat. Hanc Latini cucurbitularem vocant, quod ex parte odorem cuc",0.7,,pending,
1976,Asplenos,asplenos,,Asplenos dicta quod,"rem vocant, quod ex parte odorem cucurbitae referat. Staphysagria nascitur [in] locis amoenis. [87]","splenem auferat; sive scolopendrios, eo quod folia ipsius scolopendro animali sint similia. Nascitu",0.7,,pending,
1978,Papyrum,papyrum,,Papyrum dictum quod,iendo ferulam dicunt. Ad hanc enim pueri et puellae vapulare solent: huius sucus galbanum est. [96],igni et cereis est aptum; PUR enim Graeci ignem dicunt. Iuncus [eo quod iunctis radicibus haereat].,0.7,,pending,
1979,Faenum,faenum,,Faenum dictum quod,"ium. [106] Zizania, quam poetae semper infelix lolium dicunt, quod sit inutile et infecundum. [107]",eo flamma nutritur; FOS enim flamma est. Manipulum dicimus fascem faeni: et dictum manipulum quod m,0.7,,pending,
1980,vocabulo,vocabulo,,vocabulo appellatur A,"est enim summitas olerum vel arborum, in qua vegens virtus naturalis est. [5] Malva ex parte Graeco","PO TOUMALASSEIN, eo quod molliendi alvum solvendique naturam habeat. Cuius sucus, si quis se oleo mi",0.7,,pending,
1981,Pastinaca,pastinaca,,Pastinaca vocata quod,s negatur feriri. Folia eius ex oleo trita et inposita scorpionibus creduntur afferre torporem. [6],"eius radix praecipuus pastus sit hominis: est enim odoratu iucunda, cibo delectabilis. [7] Rapa dic",0.75,,pending,
1982,Lactuca,lactuca,,Lactuca dicta est quod,contra acceptum venenum. Vnde et apud veteres ante alias epulas haec solebant mensis adponere. [11],"abundantia lactis exuberet, seu quia lacte nutrientes feminas inplet. Haec et in viris Veneris usum",0.7,,pending,
1983,Alium,alium,,Alium dictum quod,"3] Ascalonia nuncupata ex una urbium Palaestinae quae Ascalon dicitur, unde prius advecta est. [14]","oleat. Vlpicum appellatum quod alii odorem habeat. Phaselos vocari aiunt a Phaselo insula Graeciae,",0.7,,pending,
1984,Apium,apium,,Apium dictum quod,"ra agrestis, acrioris virtutis; utraque tamen Veneris commovent usum. XI. DE ODORATIS OLERIBVS. [1]","eo apex, id est caput, antiquorum triumphantium coronabatur. Hercules autem hanc herbam primus capi",0.7,,pending,
1985,Hipposelinon,hipposelinon,,Hipposelinon dictum quod,"Graece apium dicitur. Sed est summum ac probabile Macedonicum, gustu suave et odore aromatico. [3]","sit durum et austerum. Oleoselinon, quod mollius folio et caule tenerum. [4] Feniculum Latini vocan",0.7,,pending,
1986,Ruta,ruta,,Ruta dicta quod,"dederis, amentiam nutrit. Canos etiam ex coriandro infici traditum est. Abrotanum. Caerefolium. [8]",sit ferventissima. Cuius altera agrestis atque virtute acrior; sed utraque ferventissimae conproban,0.7,,pending,
1987,bellum,bellum,,bellum vocatur quod,"stationem, quam terra marique diu egerant, mira celeritate conpressit ac superavit. [6] Sicut autem","contra hostes agitur, ita tumultus quod civili seditione concitatur. Nam seditio est dissensio civi",0.75,,pending,
1988,Victoria,victoria,,Victoria dicta quod,"dies otia. II. DE TRIVMPHIS. [1] Omne regnum saeculi huius bellis quaeritur, victoriis propagatur.","vi, id est virtute, adipiscatur. Hoc est enim ius gentium, vim vi expellere. Nam turpis est dolo qu",0.7,,pending,
1989,transvenas,transvenas,,transvenas in Etruria,"icra nuncupata, quod in ludis gerantur aut in cenis. [2] Ludorum origo sic traditur: Lydios ex Asia","consedisse duce Tyrreno, qui fratri suo cesserat regni contentione. Igitur in Etruria inter ceteros",0.7,,pending,
1990,Igitur,igitur,,Igitur in Etruria,"s ex Asia transvenas in Etruria consedisse duce Tyrreno, qui fratri suo cesserat regni contentione.",inter ceteros ritus superstitionum suarum spectacula quoque religionis nomine instituerunt. Inde Ro,0.7,,pending,
1991,gladiatorium,gladiatorium,,gladiatorium dictum quod,"II. DE AMPHITHEATRO. [1] Amphitheatrum locus est spectaculi, ubi pugnant gladiatores. Et inde ludum","in eo iuvenes usum armorum diverso motu condiscant, et modo inter se aut gladiis aut pugnis certant",0.7,,pending,
1992,nomen,nomen,,nomen vocatur quod,"nisterium exhibent, atque aliquid huiuscemodi deinceps ex parte notanda studui. [2]Artifex generale","artem faciat, sicut aurifex qui aurum [facit]. Faxo enim pro facio antiqui dicebant. [3] Nauclerus",0.75,,pending,
1993,Fundamentum,fundamentum,,Fundamentum dictum quod,"t instaurare dicebant. [2] Constat autem constructio fundamento, lapidibus, calce, arena et lignis.","fundus sit aedificii. Idem et caementum a caedendo dictum, quod caeso crasso lapide surgat. [3] Lap",0.7,,pending,
1994,Capitolia,capitolia,,Capitolia dicta quod,positae fabricae sustinent pondus. [23] Basis autem nomen petrae est fortissimae Syro sermone. [24],"sint columnarum capita, quasi super collum caput. Epistolia sunt, quae super capitella columnarum p",0.7,,pending,
1995,Rubrica,rubrica,,Rubrica vocata quod,"inde nomen a Sinope urbe accepit. Species eius tres: rubra et minus rubens, et inter has media. [4]","sit rubra et sanguineo proxima. Haec plurimis locis gignitur, sed optima Ponto; unde et Pontica dic",0.75,,pending,
1996,Atramentum,atramentum,,Atramentum dictum quod,"purpurariis officinis, spuma in aereis cortinis innatans, quam infectores detrahentes siccant. [17]","sit atrum, cuius species et picturae et cottidiano usui necessaria est; iste inter facticios est. F",0.7,,pending,
1997,Melinum,melinum,,Melinum dictum quod,rit. [20] Omne autem atramentum sole perficitur: omnes colores calcis admixtione conrumpuntur. [21],"eius metalli ferax sit una ex Cycladibus insula Melos nomine. Est enim candidum, nec utuntur eum pi",0.7,,pending,
1998,Regula,regula,,Regula dicta quod,rassitudine politas extremis cacuminibus sibi iungit ut schemam trigoni faciant. Id erit norma. [2],"sit recta, quasi rectula, et inpedimentum non habeat. Perpendiculum est quod semper adpenditur. Den",0.7,,pending,
1999,Scobina,scobina,,Scobina dicta quod,"quod ut vermis terendo forat, quasi terefora; vel quasi transforans. Taratrum, quasi teratrum. [15]","haerendo scobem faciat. Cant[h]erium. Guvia, XX. DE INVENTIONE LANIFICII. [1] Minervam quandam gent",0.7,,pending,
2000,antiquissima,antiquissima,,antiquissima appellata quia,"ntur, pro eo quod eisdem iuvenes, qui nudi exercentur in campo, pudenda operiunt. [6] Tonica vestis","in motu incedentis sonum facit; tonus enim sonus est. Primum autem fuere pelliciae tunicae, quibus",0.7,,pending,
2001,Lumbare,lumbare,,Lumbare vocatur quod,"hoc utebantur. Levitonarium est colobium lineum sine manicis, quale Aegyptii monachi utuntur. [25]","lumbis religetur, vel quod lumbis haereat. Hoc in Aegypto et Syria non tantum feminae sed et viri u",0.75,,pending,
2002,vulgo,vulgo,,vulgo vocata quod,"textura eius ligata sit in totum; quasi diceret liginum, C pro G littera commutata. [28] Armilausa","ante et retro divisa atque aperta est, in armos tantum clausa; quasi armiclausa, C littera ablata.",0.75,,pending,
2003,Toga,toga,,Toga dicta quod,"ui ex una parte induitur, neque consuitur, sed fibula infrenatur. Hinc et Graece nomen accepit. [3]","velamento sui corpus tegat atque operiat. Est autem pallium purum forma rotunda et fusiore, et quas",0.7,,pending,
2004,autem,autem,,autem dicta quod,nitio procedebant. Hanc primum Romulus adinvenisse perhibetur ad discretionem regii habitus. Trabea,"in maiori gloria hominem transbearet, hoc est ultra et in posterum ampliori dignitate honoris beatu",0.7,,pending,
2005,Graece,graece,,Graece vocatur quod,"perimentum, quod cooperto capite et scapula a dextro latere in laevum humerum mittitur: stola autem",superemittatur. [4] Idem et ricinium Latino nomine appellatum eo quod dimidia eius pars retro reici,0.75,,pending,
2006,Tapeta,tapeta,,Tapeta dicta quod,"ocatae quod calcentur, id est farciantur, pluma sive tomento, quo molliores calidioresque sint. [5]","pedibus primum strarentur, quasi tapedia. Sipla tapetaexuna parte villosa, quasi simpla. Amphitapa",0.7,,pending,
2008,Tinctura,tinctura,,Tinctura vocata quia,"lacium est stuppa et quasi crassedo serici, et est Graecum nomen. XXVIII. DE COLORIBVS VESTIVM. [1]","tinguitur et in aliam fucata speciem nitoris gratia coloratur. KOKKON Graeci, nos rubrum seu vermic",0.75,,pending,
2009,vulgo,vulgo,,vulgo vocatur quod,"em et per munile omnia ornamenta matronarum significantur, quidquid illis munere datur. [14] Murena",scilicet auri metallo in virgulis lentescente quaedam ordinis flexuosi catena contexitur in similit,0.75,,pending,
2010,Vitta,vitta,,Vitta dicta quod,"a fascia quod in modum fasciculi corpus alligat. Hinc et fasciolae, quibus vulnera conligantur. [7]",ea pectus vincitur instar vitis ligantis. Limbus est quam nos ornaturam dicimus. [8] Fasciola est q,0.7,,pending,
2011,calciamenta,calciamenta,,calciamenta dicta quod,"alciamenta non possunt, quas Graeci KALOPODAS dicunt: fiebant autem prius ex salice tantum. Hinc et","in calo, id est ligno, fiant; vel quod calcentur. [3] Crepidas Graeci ante repertas usi sunt. Est a",0.7,,pending,
2012,Pulpa,pulpa,,Pulpa dicta quod,scitur et silescit. [27] Frustum vocatum quod capiatur a frumine; est enim frumen summa pars gulae.,cum pulte olim mixta vescebatur. Vnde et pulmentarium et pulmentum dictum. [28] Lucanicae dictae qu,0.7,,pending,
2013,inde,inde,,inde dictum quod,"tusta, ut vinum, sed statim sublata de flumine et fonte vel puteo; fetescit enim vetusta. [2] Vinum","eius potus venas sanguine cito repleat. Hoc alii, quod nos cura solvat, Lyaeum appellant. Veteres v",0.7,,pending,
2014,Defrutum,defrutum,,Defrutum dictum est quod,"rit. Dicitur autem passum a patiendo: nam percutitur uva siccior et decoquitur, et inde fit passum.","defrudatur, et quasi fraudem patiatur. [15] Carenum, eo quod fervendo partem careat; tertia enim pa",0.7,,pending,
2015,Fictilia,fictilia,,Fictilia dicta quod,"] Vasa dicta a vescendo, quad in ea escae adponantur. Cuius diminutivum vascula, quasi vescula. [2]","fiant et fingantur ex terra. Fingere enim est facere, formare et plasmare, unde et figuli dicuntur.",0.7,,pending,
2016,Arca,arca,,Arca dicta quod,"a Persa et Graeca; gaza enim lingua Persarum thesaurum, FULAKION Graece custodia interpretatur. [2]","arceat visum atque prohibeat. Hinc et arcivum, hinc et arcanum, id est secretum, unde ceteri arcent",0.7,,pending,
2017,Involucrum,involucrum,,Involucrum dictum quod,"um paulo inflectuntur propter Romanum eloquium. [6] Sitarciae nautarum sunt, ab eo quod sutae sunt.","aliquid in se teneat involutum. [7] Fiscus sacculus est publicus, unde et fiscellae et fiscinae dic",0.7,,pending,
2018,Fax,fax,,Fax dicta quod,"dicebantur. [6] Lampas flamma est in vertice lucens, dicta quod lambentis motum ostendere videatur.",focos faciat: cuius diminutivum facula. [7] Lanterna inde vocatur quod lucem interius habeat clausa,0.7,,pending,
2020,autem,autem,,autem dicta quod,"ICVLIS. [1] Carrum a cardine rotarum dictum; unde et currus dicti, quod rotas habere videntur. Rota",ruat; et rotundum a rota vocatum. [2] Reda genus vehiculi quattuor rotarum. Has antiqui retas diceb,0.7,,pending,
2021,Clavis,clavis,,Clavis dicta quod,adhibita calefacit et intorquet capillos. [5] Vnde et calamistrati appellantur qui comam torquent.,"claudat et aperiat. Catenatum, quod capiendo teneat. Horologia, quod ibi horas legamus, id est coll",0.7,,pending,
2022,Rota,rota,,Rota dicta quod,"quasi fiscolum, a colando oleum dictum, vel quasi fiscella olei. XV. DE INSTRVMENTIS HORTORVM. [1]","quasi ruat: est enim machina de qua e flumine aqua extrahitur. Lucretius (5,517): In fluvio versare",0.7,,pending,
2023,Frena,frena,,Frena dicta quod,Sarculus. XVI. DE INSTRVMENTIS EQVORVM. [1] Phalerae ornamenta equorum sunt; et est sermo Graecus.,"equos fremere cogant, vel quod haec equi frendant [id est inprimant] dentibus et obmordeant. Vnde e",0.7,,pending,
2024,inde,inde,,inde dictum quod,"tusta, ut vinum, sed statim sublata de flumine et fonte vel puteo; fetescit enim vetusta. [2] Vinum","eius potus venas sanguine cito repleat. Hoc alii, quod nos cura solvat, Lyaeum appellant. Veteres v",0.7,,pending,
2025,Defrutum,defrutum,,Defrutum dictum est quod,"rit. Dicitur autem passum a patiendo: nam percutitur uva siccior et decoquitur, et inde fit passum.","defrudatur, et quasi fraudem patiatur. [15] Carenum, eo quod fervendo partem careat; tertia enim pa",0.7,,pending,
2026,Fictilia,fictilia,,Fictilia dicta quod,"] Vasa dicta a vescendo, quad in ea escae adponantur. Cuius diminutivum vascula, quasi vescula. [2]","fiant et fingantur ex terra. Fingere enim est facere, formare et plasmare, unde et figuli dicuntur.",0.7,,pending,
2027,Arca,arca,,Arca dicta quod,"a Persa et Graeca; gaza enim lingua Persarum thesaurum, FULAKION Graece custodia interpretatur. [2]","arceat visum atque prohibeat. Hinc et arcivum, hinc et arcanum, id est secretum, unde ceteri arcent",0.7,,pending,
2028,Involucrum,involucrum,,Involucrum dictum quod,"um paulo inflectuntur propter Romanum eloquium. [6] Sitarciae nautarum sunt, ab eo quod sutae sunt.","aliquid in se teneat involutum. [7] Fiscus sacculus est publicus, unde et fiscellae et fiscinae dic",0.7,,pending,
2029,autem,autem,,autem dicta quod,"ICVLIS. [1] Carrum a cardine rotarum dictum; unde et currus dicti, quod rotas habere videntur. Rota",ruat; et rotundum a rota vocatum. [2] Reda genus vehiculi quattuor rotarum. Has antiqui retas diceb,0.7,,pending,
2030,Clavis,clavis,,Clavis dicta quod,adhibita calefacit et intorquet capillos. [5] Vnde et calamistrati appellantur qui comam torquent.,"claudat et aperiat. Catenatum, quod capiendo teneat. Horologia, quod ibi horas legamus, id est coll",0.7,,pending,
2031,Rota,rota,,Rota dicta quod,"vi humum eruat, seu ab evomendo terram. De quo Lucretius (1,314): XV. DE INSTRVMENTIS HORTORVM. [1]","quasi ruat: est enim machina de qua e flumine aqua extrahitur. Lucretius (5,517): XVI. DE INSTRVMEN",0.7,,pending,
2032,Frena,frena,,Frena dicta quod,"s (5,517): XVI. DE INSTRVMENTIS EQVORVM. [1] Phalerae ornamenta equorum sunt; et est sermo Graecus.","equos fremere cogant, vel quod haec equi frendant [id est inprimant] dentibus et obmordeant. Vnde e",0.7,,pending,
2033,Ligea,ligea,,Ligea appellata ab,atris natu maximi urbem uocauerunt. 9 Mox in Bruttiis ab Vlixe. extructum templum Mineruae. Insula *,"*eiecto ibi corpore Sirenis ita nominatae; Parthenope a Parthenopae Sirenis sepulcro, quam Augustus",0.7,,pending,
2034,solifuga,solifuga,,solifuga dicta quod,"ntibus. 3 Sed quod aliis locis serpens, hoc solifuga Sardis agris, animal *perexiguum aranei forma,","diem fugiat. In metallis argentariis plurima est, nam solum illud argenti diues est; occultim repta",0.7,,pending,
2035,Ligea,ligea,,Ligea appellata ab,fratris natu maximi urbem vocaverunt. mox in Bruttiis ab Ulixe. extructum templum Minervae. insula,"eiecto ibi corpore Sirenis ita nominatae: Parthenope a Parthenopae Sirenis sepulcro, quam Augustus",0.7,,pending,
2036,solifuga,solifuga,,solifuga dicta quod,"rpentibus. sed quod aliis locis serpens, hoc solifuga Sardis agris, animal perexiguum aranei forma,","diem fugiat. in metallis argentariis plurima est, nam solum illud argenti dives est: occultim repta",0.7,,pending,
2038,genus,genus,,genus ab Etruscis,derant eum secutum numerum putant. me haud paenitet eorum sententiae esse quibus et apparitores hoc,"finitimis, unde sella curulis, unde toga praetexta sumpta est, et numerum quoque ipsum ductum place",0.75,,pending,
2039,finitimis,finitimis,,ab Etruscis finitimis,eum secutum numerum putant. me haud paenitet eorum sententiae esse quibus et apparitores hoc genus,", unde sella curulis, unde toga praetexta sumpta est, et numerum quoque ipsum ductum placet, et ita",0.7,,pending,
2040,non,non,,non in Etruria,"ervitiorum utique et plebis esset, ni consules providissent dimissis passim ad frumentum coemendum,","m modo dextris ab Ostia litoribus laevoque per Volscos mari usque ad Cumas, sed quaesitum in Sicilia",0.7,,pending,
2041,Trepidatum,trepidatum,,Trepidatum in Etruria,lacet: Tubero incertus veri est. Sit inter cetera vetustate cooperta hoc quoque in incerto positum.,"est post Fidenas captas, non Veientibus solum exterritis metu similis excidii, sed etiam Faliscis m",0.7,,pending,
2042,timentes,timentes,,timentes in Etruria,ominum pecorumque pernicie accepta. Famem quoque ex pestilentia morbo implicitis cultoribus agrorum,"m Pomptinumque agrum et Cumas, postremo in Siciliam quoque frumenti causa misere. Consularium comiti",0.7,,pending,
2043,et,et,,et in Etruria,"ia ante provisum erat, periculum fuit. Consilia ad movenda bella in Volscorum Aequorumque conciliis",ad fanum voltumnae agitata. Ibi prolatae in annum res decretoque cautum ne quod ante concilium fier,0.7,,pending,
2044,frons,frons,,frons in Etruria,"uniebant ut ancipitia munimenta essent: alia in urbem et contra oppidanorum eruptiones versa, aliis","m spectans, auxiliis si qua forte inde venirent obstruebatur. [ 2] Cum spes maior imperatoribus Roma",0.7,,pending,
2045,sed,sed,,sed in Etruria,"runt; castella primo pauca, postea exercitu aucto creberrima fecerunt; munitiones non in urbem modo","m etiam spectantes si qua auxilia veniant, opposuere; quid turres, quid vineas testudinesque et aliu",0.7,,pending,
2046,nequiquam,nequiquam,,nequiquam in Etruria,"pugnabit, nisi auxilio hostibus tribuni plebis fuerint, et Romae invenerint praesidia Veientes quae","quaerunt. ""An est quicquam quod Veientibus optatum aeque contingere possit quam ut seditionibus pri",0.7,,pending,
2047,auxilia,auxilia,,auxilia ab Etruscis,"modestia est ut non obsidionis taedio, non denique regni, quicquam apud eos novatum sit, non negata","inritaverint animos; morietur enim extemplo quicumque erit seditionis auctor, nec cuiquam dicere ea",0.75,,pending,
2048,inritaverint,inritaverint,,ab Etruscis inritaverint,"est ut non obsidionis taedio, non denique regni, quicquam apud eos novatum sit, non negata auxilia","animos; morietur enim extemplo quicumque erit seditionis auctor, nec cuiquam dicere ea licebit quae",0.7,,pending,
2049,agrosque,agrosque,,agrosque ab Etruscis,Eam gentem traditur fama dulcedine frugum maximeque vini nova tum voluptate captam Alpes transisse,ante cultos possedisse; et invexisse in Galliam vinum inliciendae gentis causa Arruntem Clusinum ir,0.75,,pending,
2050,ante,ante,,ab Etruscis ante,em traditur fama dulcedine frugum maximeque vini nova tum voluptate captam Alpes transisse agrosque,cultos possedisse; et invexisse in Galliam vinum inliciendae gentis causa Arruntem Clusinum ira cor,0.7,,pending,
2051,quid,quid,,quid in Etruria,estarent. Quodnam id ius esset agrum a possessoribus petere aut minari arma Romanis quaerentibus et,"rei Gallis esset, cum illi se in armis ius ferre et omnia fortium virorum esse ferociter dicerent,",0.7,,pending,
2053,invenere,invenere,,ab Etruscis invenere,ores Valerio in Volscos missi. Profecti ab urbe Sutrium Furius et Valerius partem oppidi iam captam,", ex parte altera intersaeptis itineribus aegre oppidanos vim hostium ab se arcentes. Cum Romani aux",0.7,,pending,
2055,fidemque,fidemque,,ab Etruscis fidemque,rum prodente civitatem facta erat deditio; mitti tamen ad principes eorum placuit ut secernerent se,quam implorassent ab Romanis ipsi praestarent. Unde cum responsum allatum esset nihil suae potestat,0.7,,pending,
2056,dabant,dabant,,more Tusco dabant,"ndorum carminum actu ludiones ex Etruria acciti, ad tibicinis modos saltantes, haud indecoros motus",". Imitari deinde eos iuventus, simul inconditis inter se iocularia fundentes versibus, coepere; nec",0.65,,pending,
2057,ister,ister,,ister Tusco verbo,"a voce motus erant. Accepta itaque res saepiusque usurpando excitata. Vernaculis artificibus, quia","ludio vocabatur, nomen histrionibus inditum; qui non, sicut ante, Fescennino versu similem incompos",0.85,,pending,
2058,ludio,ludio,,Tusco verbo ludio,"e motus erant. Accepta itaque res saepiusque usurpando excitata. Vernaculis artificibus, quia ister","vocabatur, nomen histrionibus inditum; qui non, sicut ante, Fescennino versu similem incompositum t",0.85,,pending,
2059,omne,omne,,omne nomen Etruscum,"everterunt, militaribus iocis cum apparatum hostium tum suum increpantes pavorem. Concitatur deinde",et Tarquiniensibus Faliscisque ducibus ad Salinas perveniunt. Aduersus eum terrorem dictator C. Mar,0.8,,pending,
2060,annos,annos,,annos in Etruria,nominis urbano prope dilectu decem scribebantur legiones; quaterni quinique exercitus saepe per eos,", in Umbria Gallis hostibus adiunctis, in Samnio, in Lucanis gerebat bellum. Latium deinde omne cum",0.7,,pending,
2061,fuere,fuere,,apud Etruscos fuere,"s haud dubie, nisi ultro arma Etrusci inferrent. Eadem in comparando cohibendoque bello consilia et",; neutri finibus egressi. Et censura clara eo anno Ap. Claudi et C. Plauti fuit; memoriae tamen feli,0.85,,pending,
2062,clamor,clamor,,clamor ab Etruscis,"ius sol meridie se inclinavit quam telum hinc aut illinc emissum est: inde, ne infecta re abiretur,",oritur concinuntque tubae et signa inferuntur. Nec segnius a Romanis pugna initur. Concurrunt infen,0.75,,pending,
2063,oritur,oritur,,ab Etruscis oritur,"meridie se inclinavit quam telum hinc aut illinc emissum est: inde, ne infecta re abiretur, clamor",concinuntque tubae et signa inferuntur. Nec segnius a Romanis pugna initur. Concurrunt infensis ani,0.7,,pending,
2064,Sutrium,sutrium,,Sutrium ab Etruscis,"io fuerunt; summaque invidia omnium ordinum solus censuram gessit. [ 35] Dum ea Romae geruntur, iam",obsidebatur consulique Fabio imis montibus ducenti ad ferendam opem sociis temptandasque munitiones,0.75,,pending,
2065,obsidebatur,obsidebatur,,ab Etruscis obsidebatur,"nt; summaque invidia omnium ordinum solus censuram gessit. [ 35] Dum ea Romae geruntur, iam Sutrium","consulique Fabio imis montibus ducenti ad ferendam opem sociis temptandasque munitiones, si qua pos",0.7,,pending,
2066,haec,haec,,haec in Etruria,"ant, legati pacem foedusque ab Romanis petentes indutias in triginta annos impetraverunt. [ 38] Dum","geruntur, consul alter C. Marcius Rutulus Allifas de Samnitibus vi cepit. Multa alia castella viciq",0.7,,pending,
2068,anno,anno,,anno ab Etruscis,adversus Umbros missa a flumine Narnia appellata; exercitus cum magna praeda Romam reductus. Eodem,adversus indutias paratum bellum; sed eos alia molientes Gallorum ingens exercitus fines ingressus,0.75,,pending,
2069,adversus,adversus,,ab Etruscis adversus,rsus Umbros missa a flumine Narnia appellata; exercitus cum magna praeda Romam reductus. Eodem anno,indutias paratum bellum; sed eos alia molientes Gallorum ingens exercitus fines ingressus paulisper,0.7,,pending,
2070,extemplo,extemplo,,extemplo in Etruria,"ere, ut patres ab iubendo dictatore deterruerint, quem senatus dictatorem dici iussurus fuerat. Tum",m ad legiones proficisci iussit. Adventus eius compressit Etruscos adeo ut nemo extra munimenta egre,0.7,,pending,
2071,eos,eos,,eos in Etruria,"endio venisse, et confestim secuturos, vel si ad ipsam Romanam urbem oppugnandam ducant. [ 17] Haec","iactantes molientesque bellum domi Romanum urebat. Nam P. Decius, ubi comperit per exploratores pro",0.7,,pending,
2072,Romanis,romanis,,Romanis in Etruria,"mni: ei Samnium provinciam evenisse. [ 18] Dum ea in Samnio cuiuscumque ductu auspicioque geruntur,","interim bellum ingens multis ex gentibus concitur, cuius auctor Gellius Egnatius ex Samnitibus erat",0.7,,pending,
2073,tempore,tempore,,tempore in Etruria,"cunda ac tertia sociorumque milibus quindecim profectus in Samnium esset, Ap. Claudium primo quoque","m ire placuit. Duae Romanae legiones secutae, prima et quarta, et sociorum duodecim milia; castra ha",0.7,,pending,
2074,copiis,copiis,,copiis in Etruria,"issum eo cum vetere exercitu, compresserat. Decio populandos hostium agros relinquit, ipse cum suis",m ad collegam pergit. Quem advenientem laeti omnes accepere: Appium ex conscientia sua credo animum,0.7,,pending,
2076,gestae,gestae,,gestae in Etruria,"des incidisset, desertori magis quam deserto noxae fore; eo rem adductam ut omne rei bene aut secus",decus dedecusque ad L. Volumnium sit delegatum; neminem quaesiturum quae verba Appi sed quae fortun,0.7,,pending,
2078,rebus,rebus,,rebus in Etruria,"i extra sortem mandetur, quin alter consul pro supervacaneo atque inutili habeatur? gloriari Fabium","gestis; velle et P. Decium gloriari; et forsitan, quem ille obrutum ignem reliquerit, ita ut totien",0.7,,pending,
2079,tempore,tempore,,tempore in Etruria,us quinque milia peditum equitumque cum Fabio venisse. Sibi placere P. Decium consulem primo quoque,"m ad collegam proficisci, L. Volumnio Samnium provinciam dari; si consul malit in suam provinciam ir",0.7,,pending,
2080,Volumnium,volumnium,,Volumnium in Etruria,"d collegam proficisci, L. Volumnio Samnium provinciam dari; si consul malit in suam provinciam ire,","m ad consulem cum exercitu iusto consulari proficisci. Cum magnam partem moveret oratio praetoris, P",0.7,,pending,
2081,quantum,quantum,,quantum in Etruria,"ommodum rei publicae posset, Romam venisset vel aliquem ex legatis misisset, a quo disceret senatus","belli esset quantisque administrandum copiis et quot per duces esset. [ 26] Fabius, ut Romam rediit",0.7,,pending,
2083,profectos,profectos,,profectos in Etruria,riumphusque non bellum decretum consulibus videretur. Invenio apud quosdam extemplo consulatu inito,m Fabium Deciumque sine ulla mentione sortis provinciarum certaminumque inter collegas quae exposui.,0.7,,pending,
2084,consules,consules,,consules in Etruria,tur. Constare res incipit ex eo tempore quo profecti ambo consules ad bellum sunt. Ceterum antequam,"m pervenirent, Senones Galli multitudine ingenti ad Clusium venerunt legionem Romanam castraque oppu",0.7,,pending,
2085,Et,et,,Et in Etruria,nde omnium aliarum rerum cura Fabius collegae funus omni honore laudibusque meritis celebrat. [ 30],per eosdem dies ab Cn. Fulvio propraetore res ex sententia gesta et praeter ingentem inlatam popula,0.7,,pending,
2086,relicto,relicto,,relicto in Etruria,"ernum montem compulsum, non deterritus iniquitate loci, fundit fugatque. Q. Fabius Deciano exercitu","e praesidio, suis legionibus deductis ad urbem de Gallis Etruscisque ac Samnitibus triumphavit. Mili",0.7,,pending,
2088,Fabius,fabius,,Fabius in Etruria,olturno adiacent flumini descendere. Adversus eos Ap. Claudius praetor cum exercitu Deciano missus.,"rebellante denuo quattuor milia et quingentos Perusinorum occidit, cepit ad mille septingentos quad",0.7,,pending,
2089,bellum,bellum,,bellum in Etruria,"capta amplius duo milia hominum, minus duo milia circa muros caesa. Pax tamen clarior maiorque quam","eo anno fuerat parta est. Tres validissimae urbes, Etruriae capita, Volsinii, Perusia, Arretium, pa",0.7,,pending,
2090,Samnio,samnio,,Samnio in Etruria,"pe impetrandi petisset videretque alios quod tardius ab urbe exisset, alios quod iniussu senatus ex","m transisset, partim suos inimicos, partim collegae amicos ad solacium aequatae repulsae sibi quoque",0.7,,pending,
2091,Atilio,atilio,,Atilio in Etruria,o captis aliquot urbibus in Apulia fusum fugatumque saucium ipsum cum paucis Luceriam compulsum: ab,res gestas eumque triumphasse. Fabius ambo consules in Samnio et ad Luceriam res gessisse scribit t,0.7,,pending,
2092,traductumque,traductumque,,traductumque in Etruria,a res gestas eumque triumphasse. Fabius ambo consules in Samnio et ad Luceriam res gessisse scribit,m exercitum —sed ab utro consule non adiecit—et ad Luceriam utrimque multos occisos inque ea pugna I,0.7,,pending,
2093,Samnio,samnio,,Samnio in Etruria,s ex auctoritate patrum iussu populi bellum Faliscis indictum est iussique consules sortiri uter ex,"m cum exercitu transiret. Iam Carvilius Veliam et Palumbinum et Herculaneum ex Samnitibus ceperat, V",0.7,,pending,
2094,consul,consul,,consul in Etruria,"in agrum Vescinum, quia regio ea infesta ab Samnitibus erat, hibernatum duxit. Inter haec Carvilius","Troilum primum oppugnare adortus quadringentos septuaginta ditissimos, pecunia grandi pactos ut abi",0.7,,pending,
2095,hibernis,hibernis,,hibernis in Etruria,"m intolerabilia frigora erant, quies militi data est; et ad prima ac dubia signa veris profectus ex","m ducit, eam quoque gentem, sicut Gallos Liguresque, aut vi aut voluntate adiuncturus. Transeuntem A",0.7,,pending,
2096,praetore,praetore,,praetore in Etruria,"aesidiique quod ibi obsideretur cura est. C. Seruilius legatus, ex auctoritate patrum a P. Cornelio","m ad frumentum coemendum missus, cum aliquot nauibus onustis in portum Tarentinum inter hostium cust",0.7,,pending,
2097,Iunio,iunio,,Iunio in Etruria,ta inclinatura rursus animos uidebatur ad ueteris imperii respectum. et praetoribus prioris anni M.,", P. Sempronio in Gallia cum binis legionibus quas habuerant prorogatum est imperium. prorogatum et",0.7,,pending,
2098,qui,qui,,qui in Etruria,lius praefuisset Siciliamque prouinciam cum L. Cincio praetore obtineret. exercitus eis duo decreti,"Galliaque essent; eae quattuor erant legiones; urbanae duae superioris anni in Etruriam, duae quibu",0.7,,pending,
2100,Aquilius,aquilius,,Aquilius in Etruria,"rsae occupabant cogitationes hominum, ne Tarentinae quidem arcis excidit memoria. M. Ogulnius et P.","m legati ad frumentum coemendum quod Tarentum portaretur profecti, et mille milites de exercitu urba",0.7,,pending,
2101,habuerat,habuerat,,habuerat in Etruria,"er equitum dictus. [ 6] Dictator postquam Romam uenit, C. Sempronium Blaesum legatum quem ad Capuam","m prouinciam ad exercitum misit in locum C. Calpurni praetoris, quem ut Capuae exercituique suo prae",0.7,,pending,
2102,quibus,quibus,,quibus in Etruria,"ta per prouincias diuisi: Fuluio duae legiones quas in Sicilia M. Ualerius Laeuinus haberet, Fabio,",C. Calpurnius praefuisset: urbanus exercitus ut in Etruriam succederet: C. Calpurnius eidem praeess,0.7,,pending,
2105,Apulia,apulia,,Apulia in Etruria,"s Marcellus consul designatus, qui rem inspiceret ac, si digna uideretur, exercitu accito bellum ex",m transferret. eo metu compressi Etrusci quieuerunt. Tarentinorum legatis pacem petentibus cum liber,0.7,,pending,
2106,praetore,praetore,,praetore in Etruria,T. Quincti praetoris fuerat cum una legione obtineret. prorogatum et C. Hostilio Tubulo est ut pro,m ad duas legiones succederet C. Calpurnio. prorogatum et L. Ueturio Philoni est ut pro praetore Gal,0.7,,pending,
2107,coepta,coepta,,coepta ab Etruscis,"um ab hoste nec receptum ab tergo circumuenti haberent, extrahi tamen diutius certamen potuisset ni",fuga pauorem ceteris iniecisset. non tamen omisere pugnam deserti ab Etruscis Fregellani donec inte,0.75,,pending,
2108,fuga,fuga,,ab Etruscis fuga,"oste nec receptum ab tergo circumuenti haberent, extrahi tamen diutius certamen potuisset ni coepta",pauorem ceteris iniecisset. non tamen omisere pugnam deserti ab Etruscis Fregellani donec integri c,0.7,,pending,
2109,deserti,deserti,,deserti ab Etruscis,certamen potuisset ni coepta ab Etruscis fuga pauorem ceteris iniecisset. non tamen omisere pugnam,Fregellani donec integri consules hortando ipsique ex parte pugnando rem sustinebant; sed postquam,0.75,,pending,
2110,Fregellani,fregellani,,ab Etruscis Fregellani,n potuisset ni coepta ab Etruscis fuga pauorem ceteris iniecisset. non tamen omisere pugnam deserti,donec integri consules hortando ipsique ex parte pugnando rem sustinebant; sed postquam uolneratos,0.7,,pending,
2111,Uarro,uarro,,Uarro in Etruria,. comitiis perfectis ludisque factis dictator et magister equitum magistratu abierunt. C. Terentius,m pro praetore missus ut ex ea prouincia C. Hostilius Tarentum ad eum exercitum iret quem T. Quincti,0.7,,pending,
2112,quique,quique,,quique in Etruria,"sus Hasdrubalem quem iam Alpibus adpropinquare fama erat, decreta; exercitum e duobus qui in Gallia","esset addito urbano eligeret quem mallet, qui Galliam esset sortitus: cui Bruttii prouincia eueniss",0.7,,pending,
2113,Terentius,terentius,,Terentius in Etruria,"essent, quattuor Hispania haberet, binas tres praetores, in Sicilia et Sardinia et Gallia, duas C.",", duas Q. Fuluius in Bruttiis, duas Q. Claudius circa Tarentum et Sallentinos, unam C. Hostilius Tub",0.7,,pending,
2114,alterum,alterum,,alterum in Etruria,"quanto exercitu id bellum geratur, in eorum potestate esse. duos exercitus Romanos, unum in Gallia,",esse; satis scire Sp. Lucretium se cum M. Liuio iuncturum; multa milia armanda esse ut duobus ducib,0.7,,pending,
2115,exercitum,exercitum,,exercitum in Etruria,"ius Tappulus; hi duo cum aediles plebis essent, praetores creati sunt. consul comitiis perfectis ad",m redit. Sacerdotes eo anno mortui atque in locum eorum suffecti: Ti. Ueturius Philo flamen Martiali,0.7,,pending,
2116,idem,idem,,idem in Etruria,"issimus; super haec bellicae quoque laudis consulatus compotem fecerat. quod in Bruttiis prouincia,","ac Liguribus decretum: M. Cornelius nouo consuli tradere exercitum iussus, ipse prorogato imperio G",0.7,,pending,
2118,legionibus,legionibus,,legionibus in Etruria,. Lentulus pro praetore habuisset decernitur. M. Seruilio prioris anni consuli cum suis duabus item,"prorogatum imperium est. quod ad Hispanias attineret, aliquot annos iam ibi L. Cornelium Lentulum e",0.7,,pending,
2120,Gallia,gallia,,Gallia in Etruria,exercitus consularis ab Arretio Ariminum transductus erat et quinque milia socium Latini nominis ex,m transierant. itaque L. Furius magnis itineribus ab Arimino aduersus Gallos Cremonam tum obsidentes,0.7,,pending,
2121,eo,eo,,eo in Etruria,"nciam uenisset, haud clam tulit iram aduersus praetorem quod absente se rem gessisset. misso igitur",m ipse in agrum hostium legiones induxit populandoque cum praeda maiore quam gloria bellum gessit. L,0.7,,pending,
2122,quod,quod,,quod in Etruria,hostium legiones induxit populandoque cum praeda maiore quam gloria bellum gessit. L. Furius simul,"nihil erat rei quod gereret, simul Gallico triumpho imminens quem absente consule irato atque inuid",0.7,,pending,
2123,propraetori,propraetori,,propraetori in Etruria,i magistratibus C. Laelio cum suo exercitu prorogatum in annum imperium est; prorogatum et P. Iunio,"cum eo exercitu, qui in prouincia esset, et M. Tuccio propraetori in Bruttiis et Apulia. [ 51 ] Pri",0.7,,pending,
2124,propraetor,propraetor,,propraetor in Etruria,"am perfugisse et intra triduum exspirasse. senatus ea re audita decreuit, uti P. Iunius Brutus, qui","esset, prouincia exercituque traditis uni, cui uideretur, ex legatis, ipse in ulteriorem Hispaniam",0.7,,pending,
2125,praetore,praetore,,praetore in Etruria,"spaniam proficisceretur, eaque ei prouincia esset. hoc senatus consultum litteraeque a Sp. Postumio","m missae sunt, profectusque in Hispaniam est P. Iunius propraetor. in qua prouincia prius aliquanto,",0.7,,pending,
2126,legatum,legatum,,legatum in Etruria,"lli auctores sequendi sunt, qui, cum L. Scipio et accusatus et damnatus sit pecuniae captae ab rege",fuisse Africanum tradunt; qua post famam de casu fratris adlatam relicta legatione cucurrisse eum R,0.7,,pending,
2127,ignobilis,ignobilis,,ignobilis in Etruria,paniam ulteriorem. consulibus ambobus quaestio de clandestinis coniurationibus decreta est. Graecus,"m primum uenit nulla cum arte earum, quas multas ad animorum corporumque cultum nobis eruditissima o",0.7,,pending,
2128,partim,partim,,partim in Etruria,em reversus prope totam Italiam in armis invenit sub iuvene Mario Mari filio; sed omnes eius copias,ad Sacriportum partim ad Collinam Portam prostravit et reliquias adversariorum [eorum] qui se deder,0.7,,pending,
2129,legerim,legerim,,apud Varronem legerim,"um fuisse et hodiernum esse. Quot autem saecula urbi Romae debeantur, dicere meum non est; sed quid",", non tacebo, qui libro antiquitatum duodevicensimo ait fuisse Vettium Romae in augurio non ignobile",0.85,,pending,
2132,partim,partim,,partim in Etruria,"em reversus prope totam Italiam in armis invenit sub iuvene Mario Mari filio, sed omnes eius copias","ad Sacriportum, partim ad Collinam portam prostravit et reliquias adversariorum eorum, qui se dedid",0.7,,pending,
2133,legerim,legerim,,apud Varronem legerim,"um fuisse et hodiernum esse. Quot autem saecula urbi Romae debeantur, dicere meum non est; sed quid",", non tacebo, qui libro antiquitatum duodevicensimo ait fuisse Vettium Romae in augurio non ignobile",0.85,,pending,
2134,eorum,eorum,,eorum in Etruria,"a alite adiutus, tulit spolia; et inde Corvini. 21 Nec non tamen post aliquot annos omnis reliquias","ad lacum Vadimonis Dolabella delevit, ne quis extaret ex ea gente, qui7 incensam a se Romanam urbem",0.7,,pending,
2135,profectus,profectus,,profectus in Etruria,"uratione7 ipsa rescinderentur. 5 Ergo cum turbidis contionibus velut classico civitatem terruisset,",m arma inde et exercitum urbi admovebat. 6 Sed iam Mulvium pontem collemque Ianiculum Lutatius8 Catu,0.7,,pending,
2136,Manlio,manlio,,Manlio in Etruria,13 palam ac professe incendium suum restincturum ruina minaretur. 8 Et ille quidem ad praeparatum a,exercitum proficiscitur signa inlaturus urbi. Lentulus destinatum familiae suae Sibyllinis versibus,0.7,,pending,
2137,inventore,inventore,,inventore appellatur A,"t auxilio, aliam aquam eiusdem bonitatis opere subterraneo perduxit usque ad Marciae rivum, quae ab","ugusta. Nascitur ultra fontem Marciae. Cuius ductus donec Marciae accedat, efficit passus octingento",0.7,,pending,
2139,Romanorum,romanorum,,ab Etruscis Romanorum,"axit aciem et sine iactura suorum cecidit aversos. 7 Cn. Manlius consul, cum ex acie reversus capta","castra invenisset, omnibus portis statione circumdatis inclusos hostes in eam rabiem efferavit, ut",0.7,,pending,
2140,et,et,,et in Etruria,"us ramis arboris adcrescentibus adpensus est, et fulgur caelo sereno sine noxa in eius domum venit,","dolia, quae defossa fuerant, supra terram reperta sunt, et statuas eius in omni Etruria examen apiu",0.7,,pending,
2141,19,19,,19 In Etruria,non de omnibus servis quaestionem haberi sed de iis qui per vicinitatem poterant sentire praecepit.,"praeturam imperator egit. per p58Latina oppida dictator et aedilis et duumvir fuit, apud Neapolim d",0.7,,pending,
2142,quo,quo,,quo dictum est quod,"o turpissima, inita factione occiderunt p78cum puero suo Diadumeno, scilicet Antonino cognomine. de","in somniis Antoninus fuisset. 2 unde etiam versus exstant huiusmodi: Vidimus in somnis cives, nisi",0.7,,pending,
2143,fiduciam,fiduciam,,fiduciam Tusco nomine,"n plenilunio, id est medio mense, fieri solet: diem igitur, qui vel nocturnis caret tenebris, Iovis","vocaverunt: unde et omnes Idus Iovis ferias observandas sanxit antiquitas. 16 Alii putant Idus, quo",0.85,,pending,
2144,vocaverunt,vocaverunt,,Tusco nomine vocaverunt,"nio, id est medio mense, fieri solet: diem igitur, qui vel nocturnis caret tenebris, Iovis fiduciam",": unde et omnes Idus Iovis ferias observandas sanxit antiquitas. 16 Alii putant Idus, quod ea die pl",0.85,,pending,
2145,Iduare,iduare,,Iduare enim Etrusca lingua,". 17 Nobis illa p127ratio nominis vero propior aestimatur, ut Idus vocemus diem qui dividit mensem.","dividere est: unde vidua, quasi valde idua, id est valde divisa: aut vidua, id est a viro divisa. 1",0.9,,pending,
2146,dividere,dividere,,Etrusca lingua dividere,"lla p127ratio nominis vero propior aestimatur, ut Idus vocemus diem qui dividit mensem. Iduare enim","est: unde vidua, quasi valde idua, id est valde divisa: aut vidua, id est a viro divisa. 18 Ut aute",0.9,,pending,
2147,super,super,,super appellatur a,"nominatam animadverto ignorari — quidam clamatoriam dicunt, Labeo prohibitoriam —, et apud Nigidium","vis, quae aquilarum ova frangat. sunt praeterea conplura genera depicta in Etrusca disciplina saecul",0.7,,pending,
2149,insecta,insecta,,insecta appellata ab,"ta, ut apes, alia utroque modo, ut formicae, aliqua et pinnibus et pedibus carentia), et iure omnia","incisuris, quae nunc cervicium loco, nunc pectorum atque alvi, praecincta separant membra, tenui mo",0.7,,pending,
2150,earum,earum,,earum appellatur a,ub ea minor lingua nulli ova generantium. operta eius gemina duabus interpositae fistulis. interior,"rteria, ad pulmonum atque cor pertinens; 176 hanc operit in epulando, spiritu et voce in illa meante",0.7,,pending,
2152,libralia,libralia,,libralia appellata a,"nerum dicta sunt. his acinus sub cortice intus, illis lignum in corpore. nec non et quaedam e piris",mplitudinem sibi ponderis nomine adserunt. sed Persicorum palma duracinis. nationum habent cognomen,0.7,,pending,
2153,hordearia,hordearia,,hordearia appellata a,"ora est cogitque se venumdari. xii 41 Ingens postea turba prunorum: versicoloria e nigro candicant,","comitatu frugis eius; alia eodem colore seriora maioraque, asinina cognominata a vilitate. sunt min",0.7,,pending,
2155,ita,ita,,apud Varronem ita,"raque erecta noctem ventosam. si quartam orbis rutilus conget, et ventos et imbres praemonebit. 348","est: Si quarto die luna erit directa, magnam tempestatem in mari praesagiet, nisi si coronam circa",0.85,,pending,
2156,Vetulonios,vetulonios,,Vetulonios in Etruria,"m et in Gaditano oceano. Patavinorum aquis calidis herbae virentes innascuntur, Pisanorum ranae, ad","non procul a mari pisces. in Casinate fluvius appellatur Scatebra, frigidus, abundantior aestate; i",0.7,,pending,
2157,Graeca,graeca,,Graeca appellatur a,"coronas addi, praeterquam extremas velut ad cardines, nec odore nec specie probabilem. est et quae","nostris, a Graecis lychnis, non nisi in umidis locis proveniens nec umquam excedens quina folia vio",0.7,,pending,
2158,caprarum,caprarum,,caprarum appellata a,"s ea fierent! nos trademus quae conperimus. herba est ab exitio et iumentorum quidem, sed praecipue","egolethron. huius flore concipiunt noxium virus aquoso vere marcescentis. ita fit, ut non omnibus an",0.7,,pending,
2159,phoenice,phoenice,,phoenice appellata a,"mducat, singulis ter manu sinistra, et omnia in ignem abiciat, confestim sanari aiunt. est et herba","Graecis, nostris vero hordeum murinum; haec trita e vino pota praeclare ciet menses. lxvi 136 Tisan",0.7,,pending,
2160,Graeca,graeca,,Graeca appellatur a,"temque Aegyptiam eodem nomine, alias et Syrticam arborem, diximus suis locis. haec lotos, quae faba","nostris, alvum bacis sistit. ramenta ligni decocta in vino prosunt dysintericis, menstruis, vertigi",0.7,,pending,
2161,brathy,brathy,,brathy appellata a,"raeterquam anguibus. sudores movet, tormina discutit, lactis ubertatem facit. lxi 102 Herba Sabina,","Graecis, duorum generum est, altera tamarici folium smis, altera cupresso; quare quidam Creticam cu",0.7,,pending,
2162,rhamnos,rhamnos,,rhamnos appellatur a,"que ex aqua bibendus datur. cetera eadem praestat, quae supra dicta. lxxvi 124 Inter genera ruborum","Graecis, candidior, fruticosior et ramos spargens rectis aculeis, non, ut ceteri, aduncis, foliis m",0.7,,pending,
2163,conferva,conferva,,conferva appellata a,"dolori cum rosaceo infusus, ipsa strumae inlita. — xlv 69 Peculiaris est Alpinis maxime fluminibus","conferuminando, spongea aquarum dulcium verius quam muscus aut herba, villosae densitatis atque fis",0.7,,pending,
2164,adverso,adverso,,adverso appellata a,"tactu asperior, vulneribus contusa praeclare medetur. — lxv 91 Holosteon sine duritia est herba, ex","Graecis sicut fel dulce, radice tenuis usque in capillamenti speciem, longitudine IIII digitorum, c",0.7,,pending,
2165,herba,herba,,herba appellatur a,"angitur inpetigo. qui tangit, dicit: φευγετε κανθαριδες, λυκος ἀγριος αἷμα διωκει. lxxvi 101 Limeum","Gallis, qua sagittas in venatu tingunt medicamento, quod venenum cervarium vocant. ex hac in III mo",0.7,,pending,
2166,fatum,fatum,,fatum in Etruria,"i maximi futurum est, hic caput invenimus? constantissima annalium adfirmatione, transiturum fuisse","m, ni praemoniti a filio vatis legati respondissent: 16 Non plane hic, sed Romae inventum caput dici",0.7,,pending,
2167,Tarentinus,tarentinus,,Tarentinus appellatur ab,"buerit. 99 Conectitur secunda regio amplexa Hirpinos, Calabriam, Apuliam, Sallentinos, CCL sinu qui","oppido Laconum — in recessu hoc intimo situm, contributa eo maritima colonia, quae ibi fuerat, abes",0.7,,pending,
2168,Transpadana,transpadana,,Transpadana appellatur ab,"adest oppidum iuxta Industria vetusto nomine Bodincomagum, ubi praecipua altitudo incipit. xvii 123","eo regio undecima, tota in mediterraneo, cui marina cuncta fructuoso alveo inportat. oppida Vibi Fo",0.7,,pending,
2170,quin,quin,,quin in Etruria,ficationem anni temporis] et aevi esse deum indicent. 34 signa quoque Tuscanica per terras dispersa,"factitata sint, non est dubium. deorum tantum putarem ea fuisse, ni Metrodorus Scepsius, cui cognom",0.7,,pending,
2171,qui,qui,,qui in Etruria,"et Theodorum tradant multo ante Bacchiadas Corintho pulsos, Damaratum vero ex eadem urbe profugum,","Tarquinium regem populi Romani genuit, comitatos fictores Euchira, Diopum, Eugrammum ab iis Italiae",0.7,,pending,
2172,lychnis,lychnis,,lychnis appellata a,"todientem, mali colore aut olei viridis, omnibus inprobatam. xxix 103 Ex eodem genere ardentium est","lucernarum adsensu, tum praecipuae gratiae. nascitur circa Orthosiam totaque Caria ac vicinis locis",0.7,,pending,
2173,universum,universum,,universum appellata a,"itterarum claritas ex hoc primum sinu effulsit, quapropter paululum in eo conmorabimur. 2 Epiros in","Cerauniis incipit montibus. in ea primi Chaones, a quibus Chaonia, dein Thesproti, Antigonenses, lo",0.7,,pending,
2174,Pieria,pieria,,Pieria appellatur a,"elagonia protegunt a Triballis. oppida Aegae, in quo sepeliri mos reges, Beroea et in regione, quae","nemore, Aeginium. 34 in ora Heraclea, flumen Apilas, oppida Pydna, Aloros, amnis Haliacmon. intus A",0.7,,pending,
2175,Menisminorum,menisminorum,,Menisminorum appellata ab,otas vocari gentem eam. Nomadum Aethiopum secundum flumen Astragum ad septentrionem vergentium gens,"est ab oceano dierum itinere viginti. animalium, quae cynocephalos vocamus, lacte vivit, quorum arme",0.7,,pending,
2176,originem,originem,,apud Etruscos originem,rebrae papaveratae antiquiorem habent originem iam sub Lucili poeta in Torquato notatae. praetextae,"invenere. trabeis usos accipio reges; pictae vestes iam apud Homerum sunt iis, et inde triumphales",0.85,,pending,
2177,calculenses,calculenses,,calculenses appellatur a,"mque. melius taeniense in taeniis maris collectum, hoc quoque tamen etiamnum levius atque dilutius.","calculo in mari, mire aptum conchyliis, et longe optimum purpuris dialutense, id est vario soli gen",0.7,,pending,
2178,trochos,trochos,,trochos appellatur a,die refossa aperit fetumque in aquam ducit. lxxvii Erythini et channae volvas habere traduntur; qui,"Graecis, ipse se inire. fetus omnium aquatilium inter initia visu carent. lxxviii 167 Aevi piscium",0.7,,pending,
2180,deus,deus,,Etrusca lingua deus,"ra notaret, futurumque ut inter deos referretur, quod aesar, id est reliqua pars e Caesaris nomine,","vocaretur. 3 Tiberium igitur in Illyricum dimissurus et Beneventum p276usque prosecuturus, cum inte",0.9,,pending,
2184,Granum,granum,,Granum dictum quod,"tico, tria habet continentia, granum, glumam, aristam et etiam, primitus spica cum oritur, vaginam.","est intimum soldum; gluma qui est folliculus eius; arista quae ut acus tenuis longa eminet e gluma,",0.7,,pending,
2185,atque,atque,,atque appellatur a,"ra subiectari vallis aut ventilabris, cum ventus spirat lenis. Ita fit ut quod levissimum est in eo","cus ac palea evannatur foras extra aream ac frumentum, quod est ponderosum, purum veniat ad corbem.",0.7,,pending,
2186,viri,viri,,viri in Etruria,"iis pacis, foedus cum feritur, porcus occiditur, et quod nuptiarum initio antiqui reges ac sublimes",in coniunctione nuptiali nova nupta et novus maritus primum procum immolant. 10 Prisci quoque Latin,0.7,,pending,
2190,philosophum,philosophum,,apud Varronem philosophum,"i opinione, uerum etiam doctorum uirorum auctoritate hoc miraculum de pueris confirmatur. memini me",", uirum accuratissime doctum atque eruditum, cum alia eiusdem modi, tum hoc etiam legere: Trallibus",0.85,,pending,
2191,Syro,syro,,Syro ex insula oriundu,"ot uices uitae, quae diis manibus pro merito suo cuique tormenta uel praemia. quin etiam Pherecydes","s, qui primus uersuum nexu repudiato conscribere ausus est passis uerbis, soluto locutu, libera orat",0.7,,pending,
2192,qui,qui,,qui appellatur A,"t, d equites transportabat biduoque et noctibus tribus navigatione consumptis adpellit ad eum locum",nquillaria. hic locus abest a Clupeis passuum xxii milia habetque non incommodam aestate stationem e,0.7,,pending,
2195,lbwn,lbwn,,lbwn appellatur a,iebus minus eundem lustrat orbem quem duae superiores. Infra hanc autem stella Mercuri est (ea *sti/,"Graecis), quae anno fere vertenti signiferum lustrat orbem neque a sole longius umquam unius signi",0.7,,pending,
2196,Romanum,romanum,,Romanum in Etruria,a o1 : sed etiam cett. me ipse inertiae nequitiaeque condemno. castra sunt in Italia contra populum,"e faucibus conlocata, crescit in dies singulos hostium numerus; eorum autem castrorum imperatorem du",0.7,,pending,
2197,certe,certe,,certe in Etruria,"orpo def. V usque ad finem orationis ( cf. ad xi. 17) . si autem aut domi est aut non longe a domo,","est, id est in via. quis igitur mihi praestat Lentonem uno capite esse contentum? dic mihi praetere",0.7,,pending,
2198,testibus,testibus,,testibus dictum quod,m. D Y nullum esset in quo quisquam vestrum perpetuam accusationem requireret. nego esse quicquam a,"aut vestrum cuipiam cuipiam Dp rell. : cuiquam Heindorf, Muell. (ii, &sect;36) esset obscurum aut c",0.7,,pending,
2201,non,non,,non appellatur a,in luctu eodemque etiam confecta contabuit. huic erat illa opinio cotidie recens; quae tum denique,"ppellabatur X corr. V 2 recens, cum vetustate exaruit. Haec igitur officia sunt consolantium, toller",0.7,,pending,
2202,volgo,volgo,,volgo appellatur a,"osi, quiaesinflammato K 1 inflamato GRV qui eas inflammato animo concupiscunt. totus vero iste, qui","ppellantur V 1 amor&mdash;nec nec ex ne V c hercule invenio, quo nomine alio possit appellari&mdash;",0.7,,pending,
2203,Crustumium,crustumium,,Crustumium in Etruria,"e Arboribus 25, 1: essem SA: messem ac. mororum edd. ex libro de Arboribus l.c.: malorum SA. a From",". b From Signia in Latium. c So called, according to Pliny (N.H. XV. § 55) because they are ripe at",0.7,,pending,
2204,eorum,eorum,,eorum in Etruria,"acra alite adiutus, tulit spolia; et inde Corvini. Nec non tamen post aliquot annos omnis reliquias","ad lacum Vadimonis Dolabella delevit, ne quis extaret ex ea gente, qui incensam a se Romanam urbem",0.7,,pending,
2205,profectus,profectus,,profectus in Etruria,"a curatione ipsa rescinderentur. Ergo cum turbidis contionibus velut classico civitatem terruisset,",m arma inde et exercitum urbi admovebat. Sed iam Mulvium pontem collemque Ianiculum Lutatius Catulus,0.7,,pending,
2206,Manlio,manlio,,Manlio in Etruria,tum palam ac professe incendium suum restincturum ruina minaretur. Et ille quidem ad praeparatum a,"exercitum proficiscitur signa inlaturus urbi. Lentulus, destinatum familiae suae Sibyllinis versibu",0.7,,pending,
2207,eo,eo,,eo dictum quod,"ndite adsumpta. Atque erat qui diceret legisse se in Grammaticis Commentariis P. Nigidii, saltem ex","esset si aliter, idque ipsum dici solitum per defectionem, nam plenam esse sententiam, si aliter no",0.7,,pending,
2208,et,et,,et in Etruria,"us ramis arboris adcrescentibus adpensus est, et fulgur caelo sereno sine noxa in eius domum venit,","dolia, quae defossa fuerant, supra terram reperta sunt, et statuas eius in omni Etruria examen apiu",0.7,,pending,
2209,et,et,,et in Etruria,"us ramis arboris adcrescentibus adpensus est, et fulgur caelo sereno sine noxa in eius domum venit,","dolia, quae defossa fuerant, supra terram reperta sunt, et statuas eius in omni Etruria examen apiu",0.7,,pending,
2210,Caere,caere,,Caere in Etruria,"us; see Dio, lxxviii. 27, 4. Nothing is known of any campaign in Arabia Felix. The mythical king of",", who fought with Turnus against Aeneas. For the punishment here described see Vergil, Aeneid, viii.",0.7,,pending,
2211,quo,quo,,quo dictum est quod,"iter audis P. uero Peter2; uel P, Peter 1. cum puero suo Diadumeno, scilicet Antonino cognomine, de","in somniis Antoninus fuisset, unde etiam versus exstant huiusmodi: Vidimus in somnis cives, nisi fa",0.7,,pending,
2212,Caere,caere,,Caere in Etruria,"us; see Dio, lxxviii. 27, 4. Nothing is known of any campaign in Arabia Felix. The mythical king of",", who fought with Turnus against Aeneas. For the punishment here described see Vergil, Aeneid, viii.",0.7,,pending,
2213,quo,quo,,quo dictum est quod,"iter audis P. uero Peter2; uel P, Peter 1. cum puero suo Diadumeno, scilicet Antonino cognomine, de","in somniis Antoninus fuisset, unde etiam versus exstant huiusmodi: Vidimus in somnis cives, nisi fa",0.7,,pending,
2214,finitimis,finitimis,,ab Etruscis finitimis,paenitet eorum sententiae esse quibus et apparitores hoc genus hoc genus Gronov .: et hoc genus W.,", unde sella curulis, unde toga praetexta sumpta est, et numerum et numerumn Heumann: numerurm W. qu",0.7,,pending,
2215,non,non,,non in Etruria,"servitiorum utique et plebis esset, ni consules providissent dimissis passim ad frumentum coemendum","m modo dextris ab Ostia A.U.C. 262-263 litoribus laevoque per Volscos mari usque ad Cumas, sed quaes",0.7,,pending,
2216,corn,corn,,corn in Etruria,seful thing in a way that set a very bad example and had a motive still worse. For having bought up,"with his own money, B.C. 440-439 through the agency of friends and clients there &mdash; which very",0.7,,pending,
2217,alarm,alarm,,alarm in Etruria,"loss of the third name, and the consequent assumption that consuls were in office. There was great",in consequence of the capture of Fidenae. Not only were the people of Veii terrified by the fear of,0.7,,pending,
2218,and,and,,and in Etruria,"ken in advance. Schemes for instigating war were discussed in the councils of the Volsci and Aequi,","at the shrine of Voltumna. There the enterprise was put over for a year, and it was decreed that no",0.7,,pending,
2219,trepidatum,trepidatum,,trepidatum in Etruria,perta cooperta Mommsen : conperta VM: incomperta (inconperta M 1) W. hoc quoque in incerto positum.,"est post Fidenas captas non Veientibus solum exterritis metu similis excidii, sed etiam Faliscis me",0.7,,pending,
2220,timentes,timentes,,timentes in Etruria,morbo implicitis quoque ex pestilentia morbo implicitis V (inp.): wanting in W. cultoribus agrorum,"m Pomptinumque agrum et Cumas, postremo in Siciliam quoque frumenti causa misere. consularium comiti",0.7,,pending,
2221,et,et,,et in Etruria,"ia ante provisum erat, periculum fuit. consilia ad movenda bella in Volscorum Aequorumque conciliis","ad fanum Voltumnae agitata. ibi prolatae in annum res, decretoque cautum ne quod ante concilium fie",0.7,,pending,
2222,quiet,quiet,,quiet in Etruria,"eader in sedition, not as the bearer of an idle tale. Although the Romans got word that things were",", still, because they heard that this question came up at all their meetings, they so constructed th",0.7,,pending,
2223,debates,debates,,debates in Etruria,he loss of time and labour; what of the danger that we run by putting off the war? Do -the frequent,about the dispatch of succours to Veii allow us to forget it? Just now they are angry and resentful,0.7,,pending,
2224,purpose,purpose,,purpose in Etruria,"lp our enemies, and the B. C. 403 Veientes find in Rome those succours which they are seeking to no",". Could anything happen which would so please the Veientes as that factions should spring up, first",0.7,,pending,
2225,had,had,,had in Etruria,"eivable right they had to demand land of its occupants under threat of war, and what business Gauls",", they were truculently informed, that the new-comers carried their right at the point of the sword",0.7,,pending,
2226,place,place,,place in Etruria,"ily improvised, like the Fescennines, The name was derived by the ancients either from Fescennia, a",", or from fascinum, a phallic symbol. but performed medleys, full of musical measures, to melodies w",0.7,,pending,
2227,frons,frons,,frons in Etruria,"uniebant ut ancipitia munimenta essent: alia in urbem et contra oppidanorum eruptiones versa, aliis","m spectans, auxiliis si qua forte inde venirent obstruebatur. cum spes maior imperatoribus Romanis i",0.7,,pending,
2228,sed,sed,,sed in Etruria,"nt: castella primo pauca, postea & exercitu aucto creberrima fecerunt; munitiones non in urbem modo","m etiam spectantes, spectantes F3a: spec. antis V: expectantes W. ex specstantes D? : exspectantes P",0.7,,pending,
2229,nequiquam,nequiquam,,nequiquam in Etruria,"isi auxilio hostibus tribuni plebis A.U.C. 351 fuerint, et Romae invenerint praesidia Veientes quae",quaerunt. An est quicquam quod Veientibus optatum aeque contingere possit quam ut seditionibus prim,0.7,,pending,
2230,auxilia,auxilia,,auxilia ab Etruscis,"modestia est ut non obsidionis taedio, non denique regni quicquam apud eos novatum sit, non negata","inritaverint animos; morietur enim extemplo quicumque erit seditionis auctor, nec cuiquam dicere ea",0.75,,pending,
2231,inritaverint,inritaverint,,ab Etruscis inritaverint,"a est ut non obsidionis taedio, non denique regni quicquam apud eos novatum sit, non negata auxilia","animos; morietur enim extemplo quicumque erit seditionis auctor, nec cuiquam dicere ea licebit, qua",0.7,,pending,
2232,agrosque,agrosque,,agrosque ab Etruscis,".U.C. 363 traditur fama dulcedine frugum maximeque vini, nova tum voluptate, captam Alpes transisse",ante cultos possedisse; et invexisse in Galliam vinum inliciendae gentis causa Arruntem Clusinum ir,0.75,,pending,
2233,ante,ante,,ab Etruscis ante,"traditur fama dulcedine frugum maximeque vini, nova tum voluptate, captam Alpes transisse agrosque",cultos possedisse; et invexisse in Galliam vinum inliciendae gentis causa Arruntem Clusinum ira cor,0.7,,pending,
2234,quid,quid,,quid in Etruria,estarent. quodnam id ius esset agrum a possessoribus petere aut minari arma Romanis quaerentibus et,"rei Gallis esset, cum illi se in armis ius ferre et omnia fortium virorum esse ferociter dicerent,",0.7,,pending,
2236,invenere,invenere,,ab Etruscis invenere,ores Valerio in Volscos missi. profecti ab urbe Sutrium Furius et Valerius partem oppidi iam captam,", ex parte altera intersaeptis itineribus aegre oppidanos vim hostium ab se arcentes. cum Romani aux",0.7,,pending,
2238,fidemque,fidemque,,ab Etruscis fidemque,rum prodente civitatem facta erat deditio; mitti tamen ad principes eorum placuit ut secernerent se,"quam implorassent ab Romanis, ipsi praestarent. unde cum responsum allatum esset nihil suae potesta",0.7,,pending,
2239,dabant,dabant,,more Tusco dabant,"andorum carminum actu, ludiones ex Etruria acciti ad tibicinis modos saltantes haud indecoros motus",". imitari deinde eos iuventus, simul inconditis inter se iocularia fundentes versibus, coepere; nec",0.65,,pending,
2240,ister,ister,,ister Tusco verbo,"a voce motus erant. accepta itaque res saepiusque usurpando excitata. vernaculis artificibus, quia","ludio vocabatur, nomen histrionibus inditum; qui non, sicut ante, fescennino versu similem incompos",0.85,,pending,
2241,ludio,ludio,,Tusco verbo ludio,"e motus erant. accepta itaque res saepiusque usurpando excitata. vernaculis artificibus, quia ister","vocabatur, nomen histrionibus inditum; qui non, sicut ante, fescennino versu similem incompositum i",0.85,,pending,
2242,omne,omne,,omne nomen Etruscum,"everterunt, militaribus iocis cum apparatum hostium tum suum increpantes pavorem. concitatur deinde",", et Tarquiniensibus Faliscisque ducibus ad Salinas perveniunt. adversus eum terrorem dictator C. Ma",0.8,,pending,
2244,obtained,obtained,,obtained in Etruria,d two tunics for each soldier; such was the price they paid for a truce. The tranquillity which now,"was disturbed by a sudden revolt of the Umbrians, a people which had escaped all the distress of wa",0.7,,pending,
2245,them,them,,them in Etruria,"with much glorifying of themselves and fleering at the Romans, that they would leave Decius behind",and march off to the assault of Rome. when this purpose of theirs was reported to the consul Decius,0.7,,pending,
2246,some,some,,some in Etruria,"ure of the ground permitted, and encouraging them with a true relation of the honours they had won,","and some in Samnium, bade them end this trivial sequel to the Etruscan war, and revenge upon the fo",0.7,,pending,
2247,command,command,,command in Etruria,me in concluding a treaty with the people of Picenum. Now mentioned for the first time by Livy. The,"fell by lot to Titus B.C. 298 Manlius the consul. he had barely entered the territory of the enemy,",0.7,,pending,
2248,legions,legions,,legions in Etruria,"nate had intended to have named as dictator, and they now commanded him to proceed forthwith to the",". his arrival so damped the ardour of the Etruscans that none ventured outside their fortifications,",0.7,,pending,
2249,intriguing,intriguing,,intriguing in Etruria,"nstant, though they should lead it to the assault of Rome itself. while they were thus boasting and",", the Roman invasion was distressing their countrymen at home. for Publius Decius, having ascertaine",0.7,,pending,
2250,Romans,romans,,Romans in Etruria,n Samnium &mdash;whoever had the command and auspices &mdash;a mighty war was preparing against the,", on the part of many nations, at the instigation of a Samnite named Gellius Egnatius. The Tuscans h",0.7,,pending,
2251,colleague,colleague,,colleague in Etruria,"s the devastation of the fields, Volumnius himself with his own troops B.C. 296 marched to join his",", where he was welcomed on his arrival with general rejoicings. but what Appius was feeling his cons",0.7,,pending,
2252,needed,needed,,needed in Etruria,d that he was come being sent for by Appius' own letter; but if this were a forgery and he were not,", he would immediately face about and march back. by all means go! cried Appius. no one hinders you!",0.7,,pending,
2253,failure,failure,,failure in Etruria,than the deserted; to such a pass had matters come that the entire credit or disgrace of success or,"was referred to Lucius Volumnius; no one would enquire what the words of Appius had been, but what",0.7,,pending,
2254,either,either,,either in Etruria,the nations to be conquered; let Appius choose which he liked; with his own army he would campaign,or in Samnium. then the soldiers began to cry out that both should undertake the Etruscan war toget,0.7,,pending,
2255,war,war,,war in Etruria,e territory. The senate's attention was diverted from these cares by the growing seriousness of the,", and by a succession of dispatches from Appius, in which he warned them not to make light of the di",0.7,,pending,
2256,war,war,,war in Etruria,"te, he brought the people together in an assembly, and discoursed at length of the magnitude of the",": even earlier, when he himself and his colleague had campaigned there together, the war had been so",0.7,,pending,
2257,command,command,,command in Etruria,rivalry between the orders than to their own; for the patricians strove that Fabius should have the,"without drawing lots, and the plebeians insisted that Decius should demand that method of determini",0.7,,pending,
2258,command,command,,command in Etruria,"um, and the people then, as unanimously as the senate had done, decreed that Fabius should have the","without drawing lots. nearly all the younger men now flocked about the consul, and each gave in his",0.7,,pending,
2259,foot,foot,,foot in Etruria,"blic policy &mdash;or send some one of his lieutenants, to inform the senate how great a war was on",", and with what forces, commanded by B.C. 295 how many generals, it ought to be conducted. Fabius ,",0.7,,pending,
2260,or,or,,or in Etruria,"ys far from contemptible. despite these victories, there was not yet peace either with the Samnites","; for war had broken out afresh at the instigation of the Perusini, after the consul had withdrawn h",0.7,,pending,
2261,outbreak,outbreak,,outbreak in Etruria,r Appius Claudius was dispatched with the army that Decius had commanded. Fabius dealt with the new,", where he slew four thousand five hundred of the Perusini and took one thousand seven hundred and f",0.7,,pending,
2262,year,year,,year in Etruria,prisoners and somewhat fewer were killed in the fighting about the walls. yet a peace was made that,that was more glorious and of more importance than the fighting had been. three very powerful citie,0.7,,pending,
2263,campaigned,campaigned,,campaigned in Etruria,"nd, being wounded himself, was forced to take refuge with a few followers in Luceria; while Atilius",and obtained a triumph. Fabius Q. Fabius Pictor was a contemporary of Hannibal and wrote an annalis,0.7,,pending,
2264,annos,annos,,annos in Etruria,nominis urbano prope dilectu decem scribebantur legiones; quaterni quinique exercitus saepe per eos,", in Umbria Gallis hostibus adiunctis, in Samnio, in Lucanis gerebant bellum. Latium deinde omne cum",0.7,,pending,
2265,fuere,fuere,,apud Etruscos fuere,"s haud dubie, nisi ultro arma Etrusci inferrent. eadem in comparando cohibendoque bello consilia et",: neutri finibus egressi. et censura clara eo anno Ap. Claudi et C. Plauti fuit; memoriae tamen feli,0.85,,pending,
2266,clamor,clamor,,clamor ab Etruscis,"us sol meridie se inclinavit quam telum hinc aut illinc emissum est. inde , ne infecta re abiretur,",oritur concinuntque tubae et signa inferuntur. nec segnius a Romanis pugna initur. concurrunt infen,0.75,,pending,
2267,oritur,oritur,,ab Etruscis oritur,"meridie se inclinavit quam telum hinc aut illinc emissum est. inde , ne infecta re abiretur, clamor",concinuntque tubae et signa inferuntur. nec segnius a Romanis pugna initur. concurrunt infensis ani,0.7,,pending,
2268,Sutrium,sutrium,,Sutrium ab Etruscis,"auxilio fuerunt; summaque invidia omnium ordinum solus censuram gessit. dum ea Romae geruntur, iam",obsidebatur consulique Fabio imis montibus ducenti ad ferendam opem sociis temptandasque munitiones,0.75,,pending,
2269,obsidebatur,obsidebatur,,ab Etruscis obsidebatur,"fuerunt; summaque invidia omnium ordinum solus censuram gessit. dum ea Romae geruntur, iam Sutrium","consulique Fabio imis montibus ducenti ad ferendam opem sociis temptandasque munitiones, si qua pos",0.7,,pending,
2270,haec,haec,,haec in Etruria,"ate erant, legati pacem foedusque ab Romanis petentes indutias in triginta annos impetraverunt. dum","geruntur, consul alter C. Marcius Rutulus Rutulus Conway : rutulius or rutilius W. Allifas de Samni",0.7,,pending,
2273,anno,anno,,anno ab Etruscis,umine Nare flumine s: flumine W. Narnia appellata; exercitus cum magna praeda Romam reductus. eodem,adversus indutias paratum bellum; sed eos talia talia glareanus : alia W. molientis Gallorum ingens,0.75,,pending,
2274,adversus,adversus,,ab Etruscis adversus,Nare flumine s: flumine W. Narnia appellata; exercitus cum magna praeda Romam reductus. eodem anno,indutias paratum bellum; sed eos talia talia glareanus : alia W. molientis Gallorum ingens exercitu,0.7,,pending,
2275,extemplo,extemplo,,extemplo in Etruria,"turiae cobet : sententiae centuriaeque W. dixere, quem senatus dictatorem dici iussurus fuerat. tum",m ad legiones proficisci iussit. adventus eius compressit Etruscos adeo ut nemo extra munimenta egre,0.7,,pending,
2276,eos,eos,,eos in Etruria,", stipendio venisse, et confestim secuturos, vel si ad ipsam Romanam urbem oppugnandam ducant. haec","iactantes molientesque bellum domi Romanum urebat. nam P. Decius, ubi comperit per exploratores pro",0.7,,pending,
2277,Romanis,romanis,,Romanis in Etruria,"cum cum Gronovius : dum W ( wanting in O ). ea in Samnio cuiuscumque ductu auspicioque gererentur,","interim bellum ingens multis ex gentibus concitur, cuius auctor Gellius Egnatius ex Samnitibus erat",0.7,,pending,
2278,tempore,tempore,,tempore in Etruria,"cunda ac tertia sociorumque milibus quindecim profectus in Samnium esset, Ap. Claudium primo quoque","m ire placuit. duae Romanae legiones secutae, prima et quarta, et sociorum duodecim milia; castra ha",0.7,,pending,
2279,copiis,copiis,,copiis in Etruria,"issum eo cum vetere exercitu, compresserat. Decio populandos hostium agros relinquit, ipse cum suis",m A.U.C. 458 ad collegam pergit. quem advenientem laeti omnes accepere. appium ex conscientia sua cr,0.7,,pending,
2281,gestae,gestae,,gestae in Etruria,.C. 458 noxae fore; eo rem adductam ut omne omne s muretus : omni W: omnis TDLA. rei bene aut secus,decus dedecusque ad L. Volumnium sit delegatum; neminem quaesiturum quae verba Appi sed quae fortun,0.7,,pending,
2283,rebus,rebus,,rebus in Etruria,"i extra sortem mandetur, quin alter consul pro supervacaneo atque inutili habeatur? gloriari Fabium","gestis: velle et P. Decium gloriari. et forsitan, quem ille obrutum ignem reliquerit, ita ut totien",0.7,,pending,
2284,tempore,tempore,,tempore in Etruria,us quinque milia peditum equitumque cum Fabio venisse. sibi placere P. Decium consulem primo quoque,"m ad collegam proficisci, L. Volumnio Samnium provinciam dari; si consul malit in suam provinciam ir",0.7,,pending,
2285,Volumnium,volumnium,,Volumnium in Etruria,"d collegam proficisci, L. Volumnio Samnium provinciam dari; si consul malit in suam provinciam ire,","m ad consulem cum exercitu iusto consulari proficisci. cum magnam partem moveret oratio praetoris, P",0.7,,pending,
2286,quantum,quantum,,quantum in Etruria,"ommodum rei publicae posset, Romam venisset vel aliquem ex legatis misisset, a quo disceret senatus","belli esset quantisque administrandum copiis et quot per duces A.U.C. 459 esset. Fabius , ut Romam",0.7,,pending,
2287,profectos,profectos,,profectos in Etruria,riumphusque non bellum decretum consulibus videretur. invenio apud quosdam extemplo consulatu inito,m Fabium Deciumque sine ulla mentione sortis provinciarum certaminumque inter collegas quae exposui.,0.7,,pending,
2288,consules,consules,,consules in Etruria,tur. constare res incipit ex eo tempore quo profecti ambo consules ad bellum sunt. ceterum antequam,"m pervenirent, Senones Galli multitudine ingenti ad Clusium venerunt legionem Romanam castraque oppu",0.7,,pending,
2289,et,et,,et in Etruria,.U.C. 459 omnium aliarum rerum cura Fabius collegae funus omni honore laudibusque meritis celebrat.,per eosdem dies ab Cn. Fulvio propraetore res ex sententia gesta et praeter ingentem inlatam popula,0.7,,pending,
2290,relicto,relicto,,relicto in Etruria,"rnum montem compulsum, non deterritus iniquitate loci, fundit fugatque. Q. Fabius, Deciano exercitu","e praesidio, suis legionibus deductis ad urbem de Gallis Etruscisque ac Samnitibus triumphavit. mili",0.7,,pending,
2292,Fabius,fabius,,Fabius in Etruria,olturno adiacent flumini descendere. adversus eos Ap. Claudius praetor cum exercitu Deciano missus.,"rebellante denuo quattuor milia et quingentos Perusinorum occidit, cepit ad mille septingentos quad",0.7,,pending,
2293,Etruriam,etruriam,,Etruriam in Etruria,"ne pactione sub iugum misisset. Consul alter Postumius, quia in Samnitibus materia belli deerat, in",m s: etruriam W. transducto exercitu primum pervastaverat Volsiniensem agrum; A.U.C. 460 dein cum eg,0.7,,pending,
2294,bellum,bellum,,bellum in Etruria,"capta amplius duo milia hominum, minus duo milia circa muros caesa. pax tamen clarior maiorque quam","eo anno fuerat parta est. tres validissimae urbes, Etruriae capita, Volsinii Perusia Arretium, pace",0.7,,pending,
2295,Samnio,samnio,,Samnio in Etruria,"pe impetrandi petisset videretque alios quod tardius ab urbe exisset, alios quod iniussu senatus ex","m transisset, partim suos inimicos, partim collegae amicos ad solacium aequatae repulsae sibi quoque",0.7,,pending,
2296,Atilio,atilio,,Atilio in Etruria,o captis aliquot urbibus in Apulia fusum fugatumque saucium ipsum cum paucis Luceriam compulsum: ab,res gestas eumque triumphasse. Fabius ambo consules in Samnio et ad Luceriam res gessisse scribit t,0.7,,pending,
2297,traductumque,traductumque,,traductumque in Etruria,a res gestas eumque triumphasse. Fabius ambo consules in Samnio et ad Luceriam res gessisse scribit,m exercitum&mdash;sed ab A.U.C. 460 utro consule non adicit adicit (adii-) Madvig : adiecit W. &mdas,0.7,,pending,
2298,consul,consul,,consul in Etruria,"uestinum MPFuDLA. quia regio ea infesta ab Samnitibus erat, hibernatum duxit. inter haec Carvilius","Troilum A.U.C. 461 primum oppugnare adortus quadringentos septuaginta ditissimos, pecunia grandi pa",0.7,,pending,
2299,hibernis,hibernis,,hibernis in Etruria,"m intolerabilia frigora erant, quies militi data est, et ad prima ac dubia signa veris profectus ex","m ducit, eam quoque gentem, sicut Gallos Liguresque, aut vi aut voluntate adiuncturus. transeuntem A",0.7,,pending,
2300,acceptis,acceptis,,acceptis in Etruria,"ris acceptum. legionibus inde duabus a Sempronio, prioris anni consule, duabus a C. Atilio praetore",m per Appennini tramites exercitus duci est coeptus. Libri XXI Periocha BELLI PUNICI secundi ortum o,0.7,,pending,
2301,amisso,amisso,,amisso in Etruria,recusandum supplicii foret. Libri XXII Periocha HANNIBAL per continuas vigilias in paludibus oculo,m venit; per quas paludes quadriduo et tribus noctibus sine ulla requie iter fecit. C. Flaminius con,0.7,,pending,
2302,purchased,purchased,,purchased in Etruria,a the grain which had been sent recently from Sardinia and that which the praetor Marcus Junius had,"was transported from Ostia, so that the army might have a supply through the winter. But in additio",0.7,,pending,
2303,praetore,praetore,,praetore in Etruria,"aesidiique quod ibi obsideretur cura est. C. Servilius legatus, ex auctoritate patrum a P. Cornelio","m ad frumentum coemendum missus, cum aliquot navibus onustis in portum Tarentinum inter hostium cust",0.7,,pending,
2305,were,were,,were in Etruria,"s his province, with Lucius Cincius, the praetor. to the consuls were assigned the two armies which",and Gaul; these were four legions. the two city legions of the previous year were to be sent into E,0.7,,pending,
2306,commanded,commanded,,commanded in Etruria,"ns which Marcus Valerius Laevinus had in Sicily, to Quintus Fabius those which Gaius Calpurnius had",; the army at the city was to take the place of that in Etruria; Gaius Calpurnius was to be in comma,0.7,,pending,
2307,that,that,,that in Etruria,hose which Gaius Calpurnius had commanded in Etruria; the army at the city was to take the place of,; Gaius Calpurnius was to be in command of that province and its army; Titus Quinctius was to be in,0.7,,pending,
2308,were,were,,were in Etruria,", his lieutenant &mdash;this was the consul's brother &mdash;also that of bringing the legions that","away to Rome. And Fabius, the consul, ordered his son Quintus Maximus to search out the remains of",0.7,,pending,
2309,revolt,revolt,,revolt in Etruria,dius were elected praetors. Precisely on these election days the state was concerned in regard to a,". First steps in that direction were reported in a letter of Gaius Calpurnius, propraetor in charge",0.7,,pending,
2310,outbreak,outbreak,,outbreak in Etruria,"n the senate represented everything as causing more apprehension than before. And so, just as if an","were imminent, Gaius Terentius himself was ordered to lead a single legion, one or the other of the",0.7,,pending,
2311,and,and,,and in Etruria,receive Gaul in the allotment was to choose the army he preferred out of the two that were in Gaul,and the one at the city. The consul to whom the land of the Bruttii should fall as his province was,0.7,,pending,
2312,two,two,,two in Etruria,"r, each of three praetors was to have two, in Sicily and Sardinia and Gaul, Gaius Terentius to have",", Quintus Fulvius two in the land of the Bruttii, Quintus Claudius two in the vicinity of Tarentum a",0.7,,pending,
2313,Iunio,iunio,,Iunio in Etruria,"a inclinatura rursus animos videbatur ad veteris imperii respectum. et praetoribus prioris anni, M.",", P. Sempronio in Gallia, A.U.C. 543 cum binis legionibus quas habuerant prorogatum est imperium. pr",0.7,,pending,
2314,qui,qui,,qui in Etruria,lius praefuisset Siciliamque provinciam cum L. Cincio praetore obtineret. exercitus eis duo decreti,"Galliaque essent; eae quattuor erant legiones; urbanae duae superioris anni in Etruriam, duae quibu",0.7,,pending,
2316,Aquilius,aquilius,,Aquilius in Etruria,"rsae occupabant cogitationes hominum, ne Tarentinae quidem arcis excidit memoria. M. Ogulnius et P.","m legati ad frumentum coemendum quod Tarentum portaretur profecti, et mille milites de exercitu urba",0.7,,pending,
2317,quibus,quibus,,quibus in Etruria,"per provincias divisi: Fulvio duae legiones quas in Sicilia M. Valerius Laevinus haberet, Q. Fabio,","C. Calpurnius praefuisset; urbanus praefuisset; urbanus A 3 N 3 JK: om. P (1) N, one line. exercitu",0.7,,pending,
2320,Apulia,apulia,,Apulia in Etruria,"s Marcellus consul designatus, qui rem inspiceret ac, si digna videretur, exercitu accito bellum ex",m transferret. eo metu conpressi Etrusci quieverunt. Tarentinorum legatis pacem petentibus cum liber,0.7,,pending,
2321,praetore,praetore,,praetore in Etruria,".U.C. 546 praetoris fuerat, cum una legione obtineret. prorogatum et C. Hostilio Tubulo est, ut pro","m ad duas legiones succederet C. Calpurnio. prorogatum et L. Veturio Philoni est, ut pro praetore Ga",0.7,,pending,
2322,coepta,coepta,,coepta ab Etruscis,"m ab hoste nec receptum ab tergo circumventi haberent, extrahi tamen diutius certamen potuisset, ni","fuga pavorem ceteris iniecisset. non tamen omisere pugnam deserti ab Etruscis Fregellani, donec int",0.75,,pending,
2323,fuga,fuga,,ab Etruscis fuga,"ste nec receptum ab tergo circumventi haberent, extrahi tamen diutius certamen potuisset, ni coepta","pavorem ceteris iniecisset. non tamen omisere pugnam deserti ab Etruscis Fregellani, donec integri",0.7,,pending,
2324,deserti,deserti,,deserti ab Etruscis,"certamen potuisset, ni coepta ab Etruscis fuga pavorem ceteris iniecisset. non tamen omisere pugnam","Fregellani, donec integri consules hortando ipsique ex parte pugnando rem sustinebant; sed postquam",0.75,,pending,
2325,Fregellani,fregellani,,ab Etruscis Fregellani,"potuisset, ni coepta ab Etruscis fuga pavorem ceteris iniecisset. non tamen omisere pugnam deserti",", donec integri consules hortando ipsique ex parte pugnando rem sustinebant; sed postquam volneratos",0.7,,pending,
2326,Varro,varro,,Varro in Etruria,A.U.C. 546 perfectis ludisque factis dictator et magister equitum magistratu abierunt. C. Terentius,"m pro praetore missus, ut ex ea provincia C. Hostilius Tarentum ad eum exercitum iret quem T. Quinct",0.7,,pending,
2327,quique,quique,,quique in Etruria,"K. Hasdrubalem, quem iam Alpibus adpropinquare fama erat, decreta. exercitum e duobus qui in Gallia","esset, addito urbano, eligeret quem mallet, qui Galliam esset sortitus. cui Bruttii provincia eveni",0.7,,pending,
2328,Terentius,terentius,,Terentius in Etruria,"essent, quattuor Hispania haberet, binas tres praetores, in Sicilia et Sardinia et Gallia, duas C.",", duas Q. Fulvius in Bruttiis, duas Q. Claudius in Bruttiis duas Q. Claudius A 8 N 8 JK Aldus, Frobe",0.7,,pending,
2329,other,other,,other in Etruria,"upon themselves. There were two Roman armies, he said, one in Gaul, Cf. XXVIII. ix. 1 and note. the",". He was sure that Spurius Lucretius would unite with Marcus Livius; Cf. ibid. xlvi. 12 f.; below, x",0.7,,pending,
2330,army,army,,army in Etruria,praetors while they were plebeian aediles. The consul after the elections were over returned to the,". Priests who died that year and successors appointed in their places were: Tiberius Veturius Philo,",0.7,,pending,
2332,command,command,,command in Etruria,"ich Publius Lentulus had held as propraetor. For Marcus Servilius, consul in the previous year, his","was continued, likewise with his own two legions. As for the Spanish provinces, they said that for",0.7,,pending,
2333,exercitu,exercitu,,exercitu in Etruria,"s Turrinus, qui tum aedilis plebis erat. comitiis perfectis dictator magistratu abdicato dimissoque",m provinciam ex senatus consulto est profectus ad quaestiones habendas qui Etruscorum Umbrorumve pop,0.7,,pending,
2334,alterum,alterum,,alterum in Etruria,"quanto exercitu id bellum geratur, in eorum potestate esse. duos exercitus Romanos, unum in Gallia,",esse; satis scire Sp. Lucretium se cum M. Livio iuncturum; multa milia armanda esse ut duobus ducib,0.7,,pending,
2335,exercitum,exercitum,,exercitum in Etruria,"ius Tappulus; hi duo cum aediles plebis essent, praetores creati sunt. consul comitiis perfectis ad",m redit. sacerdotes eo anno mortui atque in locum eorum suffecti: Ti. Veturius Philo flamen Martiali,0.7,,pending,
2336,idem,idem,,idem in Etruria,"per haec A.U.C. 551 bellicae quoque laudis consulatus compotem fecerat. quod in Bruttiis provincia,",ac Liguribus decretum: M. Cornelius novo consuli tradere exercitum iussus; ipse prorogato imperio G,0.7,,pending,
2338,legionibus,legionibus,,legionibus in Etruria,. Lentulus pro praetore habuisset decernitur. M. Servilio prioris anni consuli cum suis duabus item,"Etruria, with this D comes toan end. prorogatum imperium est. quod ad Hispanias attineret, aliquot",0.7,,pending,
2339,genus,genus,,genus ab Etruscis,derant eum secutum numerum putant: me haud paenitet eorum sententiae esse quibus et apparitores hoc,"finitimis, unde sella curulis, unde toga praetexta sumpta est, <et> numerum quoque ipsum ductum pla",0.75,,pending,
2340,finitimis,finitimis,,ab Etruscis finitimis,eum secutum numerum putant: me haud paenitet eorum sententiae esse quibus et apparitores hoc genus,", unde sella curulis, unde toga praetexta sumpta est, <et> numerum quoque ipsum ductum placet, et it",0.7,,pending,
2341,non,non,,non in Etruria,"eruitiorum utique et plebis esset, ni consules prouidissent dimissis passim ad frumentum coemendum,","m modo dextris ab Ostia litoribus laeuoque per Uolscos mari usque ad Cumas, sed quaesitum in Sicilia",0.7,,pending,
2342,trepidatum,trepidatum,,trepidatum in Etruria,lacet: Tubero incertus ueri est. sit inter cetera uetustate cooperta hoc quoque in incerto positum.,"est post Fidenas captas, non Ueientibus solum exterritis metu similis excidii, sed etiam Faliscis m",0.7,,pending,
2343,timentes,timentes,,timentes in Etruria,ominum pecorumque pernicie accepta. famem quoque ex pestilentia morbo implicitis cultoribus agrorum,"m Pomptinumque agrum et Cumas, postremo in Siciliam quoque frumenti causa misere. consularium comiti",0.7,,pending,
2344,et,et,,et in Etruria,"ia ante prouisum erat, periculum fuit. consilia ad mouenda bella in Uolscorum Aequorumque conciliis",ad fanum Uoltumnae agitata. ibi prolatae in annum res decretoque cautum ne quod ante concilium fier,0.7,,pending,
2345,frons,frons,,frons in Etruria,"uniebant ut ancipitia munimenta essent: alia in urbem et contra oppidanorum eruptiones uersa, aliis","m spectans, auxiliis si qua forte inde uenirent obstruebatur. cum spes maior imperatoribus Romanis i",0.7,,pending,
2346,sed,sed,,sed in Etruria,"runt; castella primo pauca, postea exercitu aucto creberrima fecerunt; munitiones non in urbem modo","m etiam spectantes si qua auxilia ueniant, opposuere; quid turres, quid uineas testudinesque et aliu",0.7,,pending,
2347,nequiquam,nequiquam,,nequiquam in Etruria,"pugnabit, nisi auxilio hostibus tribuni plebis fuerint, et Romae inuenerint praesidia Ueientes quae",quaerunt. an est quicquam quod Ueientibus optatum aeque contingere possit quam ut seditionibus prim,0.7,,pending,
2348,auxilia,auxilia,,auxilia ab Etruscis,"modestia est ut non obsidionis taedio, non denique regni, quicquam apud eos nouatum sit, non negata","inritauerint animos; morietur enim extemplo quicumque erit seditionis auctor, nec cuiquam dicere ea",0.75,,pending,
2349,inritauerint,inritauerint,,ab Etruscis inritauerint,"est ut non obsidionis taedio, non denique regni, quicquam apud eos nouatum sit, non negata auxilia","animos; morietur enim extemplo quicumque erit seditionis auctor, nec cuiquam dicere ea licebit quae",0.7,,pending,
2350,agrosque,agrosque,,agrosque ab Etruscis,eam gentem traditur fama dulcedine frugum maximeque uini noua tum uoluptate captam Alpes transisse,ante cultos possedisse; et inuexisse in Galliam uinum inliciendae gentis causa Arruntem Clusinum ir,0.75,,pending,
2351,ante,ante,,ab Etruscis ante,em traditur fama dulcedine frugum maximeque uini noua tum uoluptate captam Alpes transisse agrosque,cultos possedisse; et inuexisse in Galliam uinum inliciendae gentis causa Arruntem Clusinum ira cor,0.7,,pending,
2352,quid,quid,,quid in Etruria,estarent. quodnam id ius esset agrum a possessoribus petere aut minari arma Romanis quaerentibus et,"rei Gallis esset, cum illi se in armis ius ferre et omnia fortium uirorum esse ferociter dicerent,",0.7,,pending,
2354,inuenere,inuenere,,ab Etruscis inuenere,ores Ualerio in Uolscos missi. profecti ab urbe Sutrium Furius et Ualerius partem oppidi iam captam,", ex parte altera intersaeptis itineribus aegre oppidanos uim hostium ab se arcentes. cum Romani aux",0.7,,pending,
2356,fidemque,fidemque,,ab Etruscis fidemque,rum prodente ciuitatem facta erat deditio; mitti tamen ad principes eorum placuit ut secernerent se,quam implorassent ab Romanis ipsi praestarent. unde cum responsum allatum esset nihil suae potestat,0.7,,pending,
2357,dabant,dabant,,more Tusco dabant,"ndorum carminum actu ludiones ex Etruria acciti, ad tibicinis modos saltantes, haud indecoros motus",". imitari deinde eos iuuentus, simul inconditis inter se iocularia fundentes uersibus, coepere; nec",0.65,,pending,
2358,omne,omne,,omne nomen Etruscum,"euerterunt, militaribus iocis cum apparatum hostium tum suum increpantes pauorem. concitatur deinde",et Tarquiniensibus Faliscisque ducibus ad Salinas perueniunt. aduersus eum terrorem dictator C. Mar,0.8,,pending,
2359,annos,annos,,annos in Etruria,nominis urbano prope dilectu decem scribebantur legiones; quaterni quinique exercitus saepe per eos,", in Umbria Gallis hostibus adiunctis, in Samnio, in Lucanis gerebat bellum. Latium deinde omne cum",0.7,,pending,
2360,fuere,fuere,,apud Etruscos fuere,"s haud dubie, nisi ultro arma Etrusci inferrent. eadem in comparando cohibendoque bello consilia et",; neutri finibus egressi. et censura clara eo anno Ap. Claudi et C. Plauti fuit; memoriae tamen feli,0.85,,pending,
2361,clamor,clamor,,clamor ab Etruscis,"ius sol meridie se inclinauit quam telum hinc aut illinc emissum est: inde, ne infecta re abiretur,",oritur concinuntque tubae et signa inferuntur. nec segnius a Romanis pugna initur. concurrunt infen,0.75,,pending,
2362,oritur,oritur,,ab Etruscis oritur,"meridie se inclinauit quam telum hinc aut illinc emissum est: inde, ne infecta re abiretur, clamor",concinuntque tubae et signa inferuntur. nec segnius a Romanis pugna initur. concurrunt infensis ani,0.7,,pending,
2363,Sutrium,sutrium,,Sutrium ab Etruscis,"auxilio fuerunt; summaque inuidia omnium ordinum solus censuram gessit. dum ea Romae geruntur, iam",obsidebatur consulique Fabio imis montibus ducenti ad ferendam opem sociis temptandasque munitiones,0.75,,pending,
2364,obsidebatur,obsidebatur,,ab Etruscis obsidebatur,"fuerunt; summaque inuidia omnium ordinum solus censuram gessit. dum ea Romae geruntur, iam Sutrium","consulique Fabio imis montibus ducenti ad ferendam opem sociis temptandasque munitiones, si qua pos",0.7,,pending,
2365,haec,haec,,haec in Etruria,"ate erant, legati pacem foedusque ab Romanis petentes indutias in triginta annos impetrauerunt. dum","geruntur, consul alter C. Marcius Rutulus Allifas de Samnitibus ui cepit. multa alia castella uiciq",0.7,,pending,
2367,anno,anno,,anno ab Etruscis,aduersus Umbros missa a flumine Narnia appellata; exercitus cum magna praeda Romam reductus. eodem,aduersus indutias paratum bellum; sed eos alia molientes Gallorum ingens exercitus fines ingressus,0.75,,pending,
2368,aduersus,aduersus,,ab Etruscis aduersus,rsus Umbros missa a flumine Narnia appellata; exercitus cum magna praeda Romam reductus. eodem anno,indutias paratum bellum; sed eos alia molientes Gallorum ingens exercitus fines ingressus paulisper,0.7,,pending,
2369,extemplo,extemplo,,extemplo in Etruria,"ere, ut patres ab iubendo dictatore deterruerint, quem senatus dictatorem dici iussurus fuerat. tum",m ad legiones proficisci iussit. aduentus eius compressit Etruscos adeo ut nemo extra munimenta egre,0.7,,pending,
2370,eos,eos,,eos in Etruria,", stipendio uenisse, et confestim secuturos, uel si ad ipsam Romanam urbem oppugnandam ducant. haec","iactantes molientesque bellum domi Romanum urebat. nam P. Decius , ubi comperit per exploratores pr",0.7,,pending,
2371,Romanis,romanis,,Romanis in Etruria,"Uolumni : ei Samnium prouinciam euenisse. dum ea in Samnio cuiuscumque ductu auspicioque geruntur,","interim bellum ingens multis ex gentibus concitur, cuius auctor Gellius Egnatius ex Samnitibus erat",0.7,,pending,
2372,tempore,tempore,,tempore in Etruria,"cunda ac tertia sociorumque milibus quindecim profectus in Samnium esset, Ap. Claudium primo quoque","m ire placuit. duae Romanae legiones secutae, prima et quarta, et sociorum duodecim milia; castra ha",0.7,,pending,
2373,copiis,copiis,,copiis in Etruria,"issum eo cum uetere exercitu, compresserat. Decio populandos hostium agros relinquit, ipse cum suis",m ad collegam pergit. quem aduenientem laeti omnes accepere: Appium ex conscientia sua credo animum,0.7,,pending,
2375,gestae,gestae,,gestae in Etruria,"des incidisset, desertori magis quam deserto noxae fore; eo rem adductam ut omne rei bene aut secus",decus dedecusque ad L. Uolumnium sit delegatum; neminem quaesiturum quae uerba Appi sed quae fortun,0.7,,pending,
2377,rebus,rebus,,rebus in Etruria,"i extra sortem mandetur, quin alter consul pro superuacaneo atque inutili habeatur? gloriari Fabium","gestis; uelle et P. Decium gloriari; et forsitan, quem ille obrutum ignem reliquerit, ita ut totien",0.7,,pending,
2378,tempore,tempore,,tempore in Etruria,us quinque milia peditum equitumque cum Fabio uenisse. sibi placere P. Decium consulem primo quoque,"m ad collegam proficisci, L. Uolumnio Samnium prouinciam dari; si consul malit in suam prouinciam ir",0.7,,pending,
2379,Uolumnium,uolumnium,,Uolumnium in Etruria,"d collegam proficisci, L. Uolumnio Samnium prouinciam dari; si consul malit in suam prouinciam ire,","m ad consulem cum exercitu iusto consulari proficisci. cum magnam partem moueret oratio praetoris, P",0.7,,pending,
2380,quantum,quantum,,quantum in Etruria,"ommodum rei publicae posset, Romam uenisset uel aliquem ex legatis misisset, a quo disceret senatus","belli esset quantisque administrandum copiis et quot per duces esset. Fabius, ut Romam rediit, et i",0.7,,pending,
2382,profectos,profectos,,profectos in Etruria,riumphusque non bellum decretum consulibus uideretur. inuenio apud quosdam extemplo consulatu inito,m Fabium Deciumque sine ulla mentione sortis prouinciarum certaminumque inter collegas quae exposui.,0.7,,pending,
2383,consules,consules,,consules in Etruria,tur. constare res incipit ex eo tempore quo profecti ambo consules ad bellum sunt. ceterum antequam,"m peruenirent, Senones Galli multitudine ingenti ad Clusium uenerunt legionem Romanam castraque oppu",0.7,,pending,
2384,et,et,,et in Etruria,issa inde omnium aliarum rerum cura Fabius collegae funus omni honore laudibusque meritis celebrat.,per eosdem dies ab Cn. Fuluio propraetore res ex sententia gesta et praeter ingentem inlatam popula,0.7,,pending,
2385,relicto,relicto,,relicto in Etruria,"ernum montem compulsum, non deterritus iniquitate loci, fundit fugatque. Q. Fabius Deciano exercitu","e praesidio, suis legionibus deductis ad urbem de Gallis Etruscisque ac Samnitibus triumphauit. mili",0.7,,pending,
2387,Fabius,fabius,,Fabius in Etruria,olturno adiacent flumini descendere. aduersus eos Ap. Claudius praetor cum exercitu Deciano missus.,"rebellante denuo quattuor milia et quingentos Perusinorum occidit, cepit ad mille septingentos quad",0.7,,pending,
2388,bellum,bellum,,bellum in Etruria,"capta amplius duo milia hominum, minus duo milia circa muros caesa. pax tamen clarior maiorque quam","eo anno fuerat parta est. tres ualidissimae urbes, Etruriae capita, Uolsinii, Perusia, Arretium, pa",0.7,,pending,
2389,Samnio,samnio,,Samnio in Etruria,"pe impetrandi petisset uideretque alios quod tardius ab urbe exisset, alios quod iniussu senatus ex","m transisset, partim suos inimicos, partim collegae amicos ad solacium aequatae repulsae sibi quoque",0.7,,pending,
2390,Atilio,atilio,,Atilio in Etruria,o captis aliquot urbibus in Apulia fusum fugatumque saucium ipsum cum paucis Luceriam compulsum: ab,res gestas eumque triumphasse. Fabius ambo consules in Samnio et ad Luceriam res gessisse scribit t,0.7,,pending,
2391,traductumque,traductumque,,traductumque in Etruria,a res gestas eumque triumphasse. Fabius ambo consules in Samnio et ad Luceriam res gessisse scribit,m exercitum &mdash;sed ab utro consule non adiecit&mdash;et ad Luceriam utrimque multos occisos inqu,0.7,,pending,
2392,Samnio,samnio,,Samnio in Etruria,s ex auctoritate patrum iussu populi bellum Faliscis indictum est iussique consules sortiri uter ex,"m cum exercitu transiret. iam Caruilius Ueliam et Palumbinum et Herculaneum ex Samnitibus ceperat, U",0.7,,pending,
2393,consul,consul,,consul in Etruria,"in agrum Uescinum, quia regio ea infesta ab Samnitibus erat, hibernatum duxit. inter haec Caruilius","Troilum primum oppugnare adortus quadringentos septuaginta ditissimos, pecunia grandi pactos ut abi",0.7,,pending,
2394,hibernis,hibernis,,hibernis in Etruria,"m intolerabilia frigora erant, quies militi data est; et ad prima ac dubia signa ueris profectus ex","m ducit, eam quoque gentem, sicut Gallos Liguresque, aut ui aut uoluntate adiuncturus. transeuntem A",0.7,,pending,
2395,praetore,praetore,,praetore in Etruria,"aesidiique quod ibi obsideretur cura est. C. Seruilius legatus, ex auctoritate patrum a P. Cornelio","m ad frumentum coemendum missus, cum aliquot nauibus onustis in portum Tarentinum inter hostium cust",0.7,,pending,
2396,Iunio,iunio,,Iunio in Etruria,ta inclinatura rursus animos uidebatur ad ueteris imperii respectum. et praetoribus prioris anni M.,", P. Sempronio in Gallia cum binis legionibus quas habuerant prorogatum est imperium. prorogatum et",0.7,,pending,
2397,qui,qui,,qui in Etruria,lius praefuisset Siciliamque prouinciam cum L. Cincio praetore obtineret. exercitus eis duo decreti,"Galliaque essent; eae quattuor erant legiones; urbanae duae superioris anni in Etruriam, duae quibu",0.7,,pending,
2399,Aquilius,aquilius,,Aquilius in Etruria,"rsae occupabant cogitationes hominum, ne Tarentinae quidem arcis excidit memoria. M. Ogulnius et P.","m legati ad frumentum coemendum quod Tarentum portaretur profecti, et mille milites de exercitu urba",0.7,,pending,
2400,habuerat,habuerat,,habuerat in Etruria,"agister equitum dictus. dictator postquam Romam uenit, C. Sempronium Blaesum legatum quem ad Capuam","m prouinciam ad exercitum misit in locum C. Calpurni praetoris, quem ut Capuae exercituique suo prae",0.7,,pending,
2401,quibus,quibus,,quibus in Etruria,"ta per prouincias diuisi: Fuluio duae legiones quas in Sicilia M. Ualerius Laeuinus haberet, Fabio,",C. Calpurnius praefuisset: urbanus exercitus ut in Etruriam succederet: C. Calpurnius eidem praeess,0.7,,pending,
2404,Apulia,apulia,,Apulia in Etruria,"s Marcellus consul designatus, qui rem inspiceret ac, si digna uideretur, exercitu accito bellum ex",m transferret. eo metu compressi Etrusci quieuerunt. Tarentinorum legatis pacem petentibus cum liber,0.7,,pending,
2405,praetore,praetore,,praetore in Etruria,T. Quincti praetoris fuerat cum una legione obtineret. prorogatum et C. Hostilio Tubulo est ut pro,m ad duas legiones succederet C. Calpurnio . prorogatum et L. Ueturio Philoni est ut pro praetore Ga,0.7,,pending,
2406,coepta,coepta,,coepta ab Etruscis,"um ab hoste nec receptum ab tergo circumuenti haberent, extrahi tamen diutius certamen potuisset ni",fuga pauorem ceteris iniecisset. non tamen omisere pugnam deserti ab Etruscis Fregellani donec inte,0.75,,pending,
2407,fuga,fuga,,ab Etruscis fuga,"oste nec receptum ab tergo circumuenti haberent, extrahi tamen diutius certamen potuisset ni coepta",pauorem ceteris iniecisset. non tamen omisere pugnam deserti ab Etruscis Fregellani donec integri c,0.7,,pending,
2408,deserti,deserti,,deserti ab Etruscis,certamen potuisset ni coepta ab Etruscis fuga pauorem ceteris iniecisset. non tamen omisere pugnam,Fregellani donec integri consules hortando ipsique ex parte pugnando rem sustinebant; sed postquam,0.75,,pending,
2409,Fregellani,fregellani,,ab Etruscis Fregellani,n potuisset ni coepta ab Etruscis fuga pauorem ceteris iniecisset. non tamen omisere pugnam deserti,donec integri consules hortando ipsique ex parte pugnando rem sustinebant; sed postquam uolneratos,0.7,,pending,
2410,Uarro,uarro,,Uarro in Etruria,. comitiis perfectis ludisque factis dictator et magister equitum magistratu abierunt. C. Terentius,m pro praetore missus ut ex ea prouincia C. Hostilius Tarentum ad eum exercitum iret quem T. Quincti,0.7,,pending,
2411,quique,quique,,quique in Etruria,"sus Hasdrubalem quem iam Alpibus adpropinquare fama erat, decreta; exercitum e duobus qui in Gallia","esset addito urbano eligeret quem mallet, qui Galliam esset sortitus: cui Bruttii prouincia eueniss",0.7,,pending,
2412,Terentius,terentius,,Terentius in Etruria,"essent, quattuor Hispania haberet, binas tres praetores, in Sicilia et Sardinia et Gallia, duas C.",", duas Q. Fuluius in Bruttiis, duas Q. Claudius circa Tarentum et Sallentinos, unam C. Hostilius Tub",0.7,,pending,
2413,alterum,alterum,,alterum in Etruria,"quanto exercitu id bellum geratur, in eorum potestate esse. duos exercitus Romanos, unum in Gallia,",esse; satis scire Sp. Lucretium se cum M. Liuio iuncturum; multa milia armanda esse ut duobus ducib,0.7,,pending,
2414,exercitum,exercitum,,exercitum in Etruria,"us Tappulus ; hi duo cum aediles plebis essent, praetores creati sunt. consul comitiis perfectis ad",m redit. sacerdotes eo anno mortui atque in locum eorum suffecti: Ti. Ueturius Philo flamen Martiali,0.7,,pending,
2415,idem,idem,,idem in Etruria,"issimus; super haec bellicae quoque laudis consulatus compotem fecerat. quod in Bruttiis prouincia,","ac Liguribus decretum: M. Cornelius nouo consuli tradere exercitum iussus, ipse prorogato imperio G",0.7,,pending,
2417,legionibus,legionibus,,legionibus in Etruria,. Lentulus pro praetore habuisset decernitur. M. Seruilio prioris anni consuli cum suis duabus item,"prorogatum imperium est. quod ad Hispanias attineret, aliquot annos iam ibi L. Cornelium Lentulum e",0.7,,pending,
2418,assemble,assemble,,assemble in Etruria,"aius Aurelius the consul should order that the army, for which he had designated a date on which to",", should come together the same day at Ariminum, and that either Aurelius himself, if the interests",0.7,,pending,
2419,do,do,,do in Etruria,"d on the war with more booty than glory. Lucius Furius, partly because there was nothing for him to",", partly because he was ambitious for a triumph over the Gauls, which he thought he could more easil",0.7,,pending,
2420,service,service,,service in Etruria,"us. Also, to Publius Porcius Laeca were assigned ten thousand infantry and five hundred cavalry for","in the neighbourhood of Pisae. In Sardinia, the command of Tiberius Sempronius Longus was extended.",0.7,,pending,
2421,place,place,,place in Etruria,Tiberius Sempronius and had been discharged by those consuls should assemble on the day and at the,"which the consul Lucius Cornelius had announced in his proclamation, and that the consul Lucius Cor",0.7,,pending,
2423,Gallia,gallia,,Gallia in Etruria,exercitus consularis ab Arretio Ariminum transductus erat et quinque milia socium Latini nominis ex,"m transierant. itaque L. Furius, magnis itineribus ab Arimino adversus Gallos Cremonam etiam tum obs",0.7,,pending,
2424,igitur,igitur,,igitur in Etruria,"ovinciam venisset, haud clam tulit iram adversus praetorem, quod absente se rem gessisset. misso eo",m ipse in agrum hostium legiones induxit populandoque cum praeda maiore quam gloria bellum gessit. L,0.7,,pending,
2425,quod,quod,,quod in Etruria,"hostium legiones induxit populandoque cum praeda maiore quam gloria bellum gessit. L. Furius, simul","nihil erat rei quod gereret, simul Gallico triumpho imminens, quem absente consule irato atque: inv",0.7,,pending,
2426,propraetor,propraetor,,propraetor in Etruria,"ium for one year was ordered for Gaius Laelius with his army; the same was done for Publius Junius,",", with the army which was in the province, and for Marcus Tuccius, propraetor among the Brutti and i",0.7,,pending,
2427,propraetor,propraetor,,propraetor in Etruria,"Cicero ( Brutus 255). The senate, on receiving this news, voted that Publius Junius Brutus, who was",", should turn over his province and army to whichever of his lieutenants he saw fit, that he himself",0.7,,pending,
2428,propraetori,propraetori,,propraetori in Etruria,Laelio cum suo exercitu prorogatum in annum in annum s: om. B. imperium est; prorogatum et P. Iunio,"cum eo exercitu, qui in provincia esset, et M. Tuccio propraetori in Bruttiis et Apulia. priusquam",0.7,,pending,
2429,propraetor,propraetor,,propraetor in Etruria,"iam perfugisse et intra triduum exspirasse. senatus ea re audita decrevit uti P. Iunius Brutus, qui","esset, provincia exercituque traditis traditis s: tradito B. uni, cui videretur ex legatis, ipse in",0.7,,pending,
2430,praetore,praetore,,praetore in Etruria,"spaniam proficisceretur, eaque ei provincia esset. hoc senatus consultum litteraeque a Sp. Postumio","m missae sunt, profectusque in Hispaniam est P. Iunius propraetor. A.U.C. 565 in qua provincia prius",0.7,,pending,
2431,commission,commission,,commission in Etruria,"Scipio was both accused and convicted of receiving money from the king, Africanus was serving on a","; Nothing further is known of this commission, although Gellius (VI. (VII.) xix) tells the rest of t",0.7,,pending,
2432,legatum,legatum,,legatum in Etruria,"illi auctores sequendi sunt qui, cum L. Scipio et accusatus et damnatus sit pecuniae captae ab rege",fuisse Africanum tradunt; qua post famam de casu fratris adlatam relicta legatione cucurrisse eum R,0.7,,pending,
2433,ignobilis,ignobilis,,ignobilis in Etruria,paniam ulteriorem. consulibus ambobus quaestio de clandestinis coniurationibus decreta est. graecus,"m primum venit nulla cum arte earum, quas multas ad animorum corporumque cultum nobis eruditissima o",0.7,,pending,
2434,quoque,quoque,,quoque in Etruria,"s aliis coniuravit de caede consulum et senatus, incendiis urbis et opprimenda re publica, exercitu",comparato. ea coniuratio industria M. Tullii Ciceronis eruta est. Catilina urbe pulso de reliquis c,0.7,,pending,
2435,vincit,vincit,,vincit in Etruria,lis plebis 33.25 . praetor 33.24 . sortitur iurisdictionem inter cives et peregrinos 33.26 . servos,"33.36 . ambit consulatum 35.10 . consul creatur 35.24 . sortitus Graociam, ludos ma- gnos Iovi vove",0.7,,pending,
2436,imperator,imperator,,imperator appellatur ab,"ellespontum 23 . venit Demetriadem, arcessitus ab Aetolis 43 eius in concilio Aetolorum cratio 44 .",Aetolis 45 . tentat Romanorum socios 47 . ei portas aperiunt Chalcidenses; Salgancam et castellum a,0.7,,pending,
2437,Apparitores,apparitores,,Apparitores ab Etruscis,ibid. Apollonius purpuratus sub Antiocho Magno 37.23 . Apollonius Antiochi Epiphanis legatus 42.6 .,"sumti 1.8 . regii 40 . consulum XXIV, et ipsi plebeii homines 2.55 . ad pignora capienda dimissi 3.",0.75,,pending,
2438,sumti,sumti,,ab Etruscis sumti,nius purpuratus sub Antiocho Magno 37.23 . Apollonius Antiochi Epiphanis legatus 42.6 . Apparitores,"1.8 . regii 40 . consulum XXIV, et ipsi plebeii homines 2.55 . ad pignora capienda dimissi 3.38 . A",0.7,,pending,
2439,Aquillius,aquillius,,Aquillius in Etruria,. Aquillius Corvus tribunus milit. consulari potestate 6.4 . L. Aquillius Gallus praetor 41.18 . P.,m ad coemendum fru mentum missus 27.3 . Aquilonia 10.38 . capta a Romanis 41 . a militibus direpta e,0.7,,pending,
2440,mittitur,mittitur,,mittitur in Etruria,1 . C. Calpurnius Piso praetor creatur 25.41 . praetor urbanus 26.10 . 15 et 21 . prorogato imperio,m 28 . Capuae et exercitui praeficitur 27.6 . iterum praeficitur Etruriae 7 . propraetor ad senatum,0.7,,pending,
2441,gestae,gestae,,gestae in Etruria,rofectus vi capit Amiternum oppidum 39 . et Cominium 43 . et alia in Samnio oppida 44 sqq. eius res,"46 . triumphat, ibid. Sp. Carvilius cos. suadet, ut ex Latinis populis senatus suppleatur 23.22 . m",0.7,,pending,
2442,genus,genus,,genus in Etruria,. Cierium Thessaliae oppidum 32.15 . 36.10 . 14 . Cilices maritimi 38.18 . Cilicia 33.19 . Cilnium,"praepotens 10.3 . Cimbis locus non procul a Gadibus 28.37 . Cimetra urbs, capta 10.15 . Ciminiam si",0.7,,pending,
2444,captum,captum,,ab Etruscis captum,"ionem 51 et sqq. interrex 6.1 . dictator tertium 2 . capit Volscorum castra, ibid. recipit Sutrium,",3 . triumphat 4 . trib. milit. consulari potestate quintum 6 . regimen rerum collegae ei permittunt,0.7,,pending,
2445,vocatur,vocatur,,Tusco verbo vocatur,"b senatu consultum, ne praetor cogeret vicesimas vendere Hispanos quanti ipse vellet 43.2 . Hister.",ludio 7.2 . Hister fluvius 40.21 et 57 Histri gens fera 10.2 . lacessiverunt magis quam exercuerunt,0.85,,pending,
2447,propraetor,propraetor,,propraetor in Etruria,"s, tuetur legem Oppiam 34.1 . aedilis curulis 35.41 . creatur praetor 36.45 . sorutur Tuscos 37.2 .",50 . iubetur proficisci cum imperio in Hispaniam ulteriorem 57 . Q. Iunius tribunus plebis queritur,0.7,,pending,
2449,frumentum,frumentum,,frumentum in Etruria,"us, ex mulctaticia pecunia varia dona et opera in sacros publicosque usus facit 23 . M. Ogulnius ad","coemendum missus 27.3 . M. Ogulnius trib. milit. de legione secunda, cadit in proelio cum Boiis 33.",0.7,,pending,
2450,Graecus,graecus,,Graecus in Etruria,conditori Aeneae oppidi 40.4 . Sacrificuli ex alieno errore quaestum facientes 25.1 . sacrificulus,m Bacchanalia invehit 39.8 . Sacrilegium vide Proserpina. a Fulvio censore commissum 42.3 . eius ult,0.7,,pending,
2452,frumento,frumento,,frumento in Etruria,"a filio consule sextum decimum post annum liberatus, Romam revertitur 30.19 . C. Servilius legatus,",coemto instruit arcem Tarentinam 25.15 . pontifex 27.6 . aedilis pl. 21 . magister equitum et aedil,0.7,,pending,
2453,coniuratio,coniuratio,,coniuratio in Etruria,", ibid. servi indicium de incendenda Roma 26.27 . servi Persei in Italiam traducti 45.32 . servorum","33.36 . vincuntur a M'. Acilio . praetore, ibid. principes coniurationis affiguntur crucibus, ibid.",0.7,,pending,
2454,obsidetur,obsidetur,,obsidetur ab Etruscis,"trinus ager 26.34 . Sutrium oppidum, obsidetur et capitur a Tuscis 6.3 . recipitur a Camillo, ibid.","9 . liberatur, ibid. Sutrium, claustrum Etruriae, ab Etruscis oppugnatum 9.32 et 35 vid. et 10.14 .",0.75,,pending,
2455,oppugnatum,oppugnatum,,ab Etruscis oppugnatum,"recipitur a Camillo, ibid. obsidetur ab Etruscis 9 . liberatur, ibid. Sutrium, claustrum Etruriae,",9.32 et 35 vid. et 10.14 . negat consulibus milites et pecuniam 27.9 . de hac re senatusconsultum 2,0.7,,pending,
2456,propraetor,propraetor,,propraetor in Etruria,Piceno agro praesidio esse 32 . ei per omnes annos post fugam ab Cannis prorogatum imperium 25.6 .,m mittitur 27.35 . legatus mittitur ad Philippum 30.26 . legatus in Africam mittitur 31.11 . triumvi,0.7,,pending,
2457,Troilium,troilium,,Troilium in Etruria,"ore condita 1.1 . Troia in Laurente agro ab Aenea condita, ibid. Troianus pagus 1.1 . Troiani 1.1 .",a Sp. Carvilio cos. captum 10.46 . Tromentina tribus addita 6.5 . Trophonii specus 45.27 . Trophoni,0.7,,pending,
2458,Bacchanalia,bacchanalia,,Bacchanalia in Etruria,"tes ex Etruria acciti 1.55 et 56 . 5, 15 . ex alieno errore quaestum facientes 25.1 . vates Graecus",m invehit 39.8 . Vaticanus ager 10.26 . Vaticini libri iubentur ad praetorem deferri 25.1 . Vecilius,0.7,,pending,
2459,improbatur,improbatur,,improbatur ab Etruscis,s superbe respondet legatis Romanis 58 . iis indicitur bellum 60 . Veientes regem creant 5.1 . quod,", ibid. septies rebellarunt 4 . Veii obsessi a Romanis 4.61 . hibernacula ad Veios 5.2 . ea, quae ge",0.75,,pending,
2460,genus,genus,,genus ab Etruscis,"eum secutum numerum putant; me haud paenitet eorum sententiae esse, quibus et apparitores [et] hoc","finitimis, unde sella curulis, unde toga praetexta sumpta est, et numerum quoque ipsum ductum place",0.75,,pending,
2461,finitimis,finitimis,,ab Etruscis finitimis,"ecutum numerum putant; me haud paenitet eorum sententiae esse, quibus et apparitores [et] hoc genus",", unde sella curulis, unde toga praetexta sumpta est, et numerum quoque ipsum ductum placet et ita h",0.7,,pending,
2462,non,non,,non in Etruria,"servitiorum utique et plebis esset, ni consules providissent dimissis passim ad frumentum coemendum","m modo dextris ab Ostia litoribus laevoque per Volscos mari usque ad Cumas, sed [quaesitum] in Sicil",0.7,,pending,
2463,trepidatum,trepidatum,,trepidatum in Etruria,lacet; Tubero incertus veri est. sit inter cetera vetustate cooperta hoc quoque in incerto positum.,"est post Fidenas captas non Veientibus solum exterritis metu similis excidii, sed etiam Faliscis me",0.7,,pending,
2464,timentes,timentes,,timentes in Etruria,"minum pecorumque pernicie accepta famem quoque ex pestilentia, morbo inplicitis cultoribus agrorum,","m Pomptinumque agrum et Cumas, postremo in Siciliam quoque frumenti causa misere. consularium comiti",0.7,,pending,
2465,et,et,,et in Etruria,"ia ante provisum erat, periculum fuit. consilia de movendo bello in Volscorum Aequorumque conciliis","ad fanum Voltumnae agitata. ibi prolatae in annum res, decretoque cautum, ne quod ante concilium fi",0.7,,pending,
2466,frons,frons,,frons in Etruria,"niebant, ut ancipitia munimenta essent, alia in urbem et contra oppidanorum eruptiones versa, aliis","m spectans auxiliis, si qua forte inde venirent, obstruebatur. cum spes maior imperatoribus Romanis",0.7,,pending,
2467,sed,sed,,sed in Etruria,"unt; castella primo pauca, postea exercitu aucto creberrima fecerunt; munitiones non in urbem modo,","m etiam spectantes, si qua inde auxilia veniant, opposuere; quid turres, quid vineas testudinesque e",0.7,,pending,
2468,nequiquam,nequiquam,,nequiquam in Etruria,"pugnabit, nisi auxilio hostibus tribuni plebis fuerint et Romae invenerint praesidia Veientes, quae","quaerunt. an est quicquam, quod Veientibus optatum aeque contingere possit, quam ut seditionibus pr",0.7,,pending,
2469,auxilia,auxilia,,auxilia ab Etruscis,"modestia est, ut non obsidionis taedio, non denique regni quicquam apud eos novatum sit, non negata","inritaverint animos; morietur enim extemplo, quicumque erit seditionis auctor, nec cuiquam dicere e",0.75,,pending,
2470,inritaverint,inritaverint,,ab Etruscis inritaverint,"est, ut non obsidionis taedio, non denique regni quicquam apud eos novatum sit, non negata auxilia","animos; morietur enim extemplo, quicumque erit seditionis auctor, nec cuiquam dicere ea licebit, qu",0.7,,pending,
2471,agrosque,agrosque,,agrosque ab Etruscis,"am gentem traditur fama dulcedine frugum maximeque vini, nova tum voluptate, captam Alpes transisse",ante cultos possedisse; et invexisse in Galliam vinum inliciendae gentis causa Arruntem Clusinum ir,0.75,,pending,
2472,ante,ante,,ab Etruscis ante,"traditur fama dulcedine frugum maximeque vini, nova tum voluptate, captam Alpes transisse agrosque",cultos possedisse; et invexisse in Galliam vinum inliciendae gentis causa Arruntem Clusinum ira cor,0.7,,pending,
2473,quid,quid,,quid in Etruria,"nt. L. quodnam id ius esset, agrum a possessoribus petere aut minari arma, Romanis quaerentibus, et","rei Gallis esset, cum illi se in armis ius ferre et omnia fortium virorum esse ferociter dicerent,",0.7,,pending,
2475,invenere,invenere,,ab Etruscis invenere,ores Valerio in Volscos missi. profecti ab urbe Sutrium Furius et Valerius partem oppidi iam captam,", ex parte altera intersaeptis itineribus aegre oppidanos vim hostium ab se arcentes. cum Romani aux",0.7,,pending,
2477,fidemque,fidemque,,ab Etruscis fidemque,"um prodente civitatem facta erat deditio. mitti tamen ad principes eorum placuit, ut secernerent se",", quam inplorassent ab Romanis, ipsi praestarent. unde cum responsum allatum esset nihil suae potest",0.7,,pending,
2478,dabant,dabant,,more Tusco dabant,"ndorum carminum actu ludiones, ex Etruria acciti, ad tibicinis modos saltantes haud indecoros motus",". imitari deinde eos iuventus simul inconditis inter se iocularia fundentes versibus coepere, nec ab",0.65,,pending,
2479,ister,ister,,ister Tusco verbo,"a voce motus erant. accepta itaque res saepiusque usurpando excitata. vernaculis artificibus, quia","ludio vocabatur, nomen histrionibus inditum; qui non, sicut ante, Fescennino versu similem inconpos",0.85,,pending,
2480,ludio,ludio,,Tusco verbo ludio,"e motus erant. accepta itaque res saepiusque usurpando excitata. vernaculis artificibus, quia ister","vocabatur, nomen histrionibus inditum; qui non, sicut ante, Fescennino versu similem inconpositum t",0.85,,pending,
2481,omne,omne,,omne nomen Etruscum,"everterunt, militaribus iocis cum apparatum hostium tum suum increpantes pavorem. concitatur deinde",", et Tarquiniensibus Faliscisque ducibus ad salinas perveniunt. adversus eum terrorem dictator C. Ma",0.8,,pending,
2482,annos,annos,,annos in Etruria,nominis urbano prope dilectu decem scribebantur legiones; quaterni quinique exercitus saepe per eos,", in Umbria Gallis hostibus adiunctis, in Samnio, in Lucanis gerebant bellum. Latium deinde omne cum",0.7,,pending,
2483,fuere,fuere,,apud Etruscos fuere,"s haud dubie, nisi ultro arma Etrusci inferrent. eadem in conparando cohibendoque bello consilia et",": neutri finibus egressi. et censura clara eo anno Ap. Claudi et C. Plauti fuit, memoriae tamen feli",0.85,,pending,
2484,clamor,clamor,,clamor ab Etruscis,"us sol meridie se inclinavit, quam telum hinc aut illinc emissum est. inde, ne infecta re abiretur,",oritur concinuntque tubae et signa inferuntur; nec segnius a Romanis pugna initur. concurrunt infen,0.75,,pending,
2485,oritur,oritur,,ab Etruscis oritur,"meridie se inclinavit, quam telum hinc aut illinc emissum est. inde, ne infecta re abiretur, clamor",concinuntque tubae et signa inferuntur; nec segnius a Romanis pugna initur. concurrunt infensis ani,0.7,,pending,
2486,Sutrium,sutrium,,Sutrium ab Etruscis,"auxilio fuerunt; summaque invidia omnium ordinum solus censuram gessit. dum ea Romae geruntur, iam","obsidebatur, consulique Fabio imis montibus ducenti ad ferendam opem sociis temptandasque munitione",0.75,,pending,
2487,obsidebatur,obsidebatur,,ab Etruscis obsidebatur,"fuerunt; summaque invidia omnium ordinum solus censuram gessit. dum ea Romae geruntur, iam Sutrium",", consulique Fabio imis montibus ducenti ad ferendam opem sociis temptandasque munitiones, si qua po",0.7,,pending,
2488,haec,haec,,haec in Etruria,"ate erant, legati pacem foedusque ab Romanis petentes indutias in triginta annos impetraverunt. dum","geruntur, consul alter C. Marcius Rutilus Allifas de Samnitibus vi cepit. multa alia castella viciq",0.7,,pending,
2490,anno,anno,,anno ab Etruscis,adversus Umbros missa a flumine Narnia appellata; exercitus cum magna praeda Romam reductus. eodem,adversus indutias paratur bellum; sed eos talia molientis Gallorum ingens exercitus finis ingressus,0.75,,pending,
2491,adversus,adversus,,ab Etruscis adversus,rsus Umbros missa a flumine Narnia appellata; exercitus cum magna praeda Romam reductus. eodem anno,indutias paratur bellum; sed eos talia molientis Gallorum ingens exercitus finis ingressus paulispe,0.7,,pending,
2492,extemplo,extemplo,,extemplo in Etruria,"um consulem omnes sententiae centuriaeque dixere, quem senatus dictatorem dici iussurus fuerat. tum","m ad legiones proficisci iussit. adventus eius conpressit Etruscos adeo, ut nemo extra munimenta egr",0.7,,pending,
2493,eos,eos,,eos in Etruria,"rmis stipendio venisse; confestim secuturos, vel si ad ipsam Romanam urbem oppugnandam ducant. haec","iactantes molientesque bellum domi Romanum urebat. nan P. Decius, ubi conperit per exploratores pro",0.7,,pending,
2494,Romanis,romanis,,Romanis in Etruria,"lumni: ei Samnium provinciam evenisse. dum ea in Samnio, cuiuscumque ductu auspicioque, gererentur,","interim bellum ingens multis ex gentibus concitur, cuius auctor Gellius Egnatius ex Samnitibus erat",0.7,,pending,
2495,tempore,tempore,,tempore in Etruria,"cunda ac tertia sociorumque milibus quindecim profectus in Samnium esset, Ap. Claudium primo quoque","m ire placuit. duae Romanae legiones secutae, prima et quarta, et sociorum duodecim milia; castra ha",0.7,,pending,
2496,copiis,copiis,,copiis in Etruria,"issum eo cum vetere exercitu, conpresserat. Decio populandos hostium agros relinquit, ipse cum suis",m ad collegam pergit. quem advenientem laeti omnes accepere. Appium ex conscientia sua credo animum,0.7,,pending,
2498,gestae,gestae,,gestae in Etruria,"s incidisset, desertori magis quam deserto noxiae fore; eo rem adductam, ut omne rei bene aut secus","decus dedecusque ad L. Volumnium sit delegatum; neminem quaesiturum, quae verba Appi, sed quae fort",0.7,,pending,
2500,rebus,rebus,,rebus in Etruria,"i extra sortem mandetur, quin alter consul pro supervacaneo atque inutili habeatur? gloriari Fabium","gestis; velle et P. Decium gloriari, et forsitan, quem ille obrutum ignem reliquerit, ita ut totien",0.7,,pending,
2501,tempore,tempore,,tempore in Etruria,us quinque milia peditum equitumque cum Fabio venisse. sibi placere P. Decium consulem primo quoque,"m ad collegam proficisci, L. Volumnio Samnium provinciam dari; si consul malit in suam provinciam ir",0.7,,pending,
2502,Volumnium,volumnium,,Volumnium in Etruria,"d collegam proficisci, L. Volumnio Samnium provinciam dari; si consul malit in suam provinciam ire,","m ad consulem cum exercitu iusto consulari proficisci. cum magnam partem moveret oratio praetoris, P",0.7,,pending,
2503,quantum,quantum,,quantum in Etruria,"mmodum rei publicae posset, Romam venisset vel aliquem ex legatis misisset, a quo disceret senatus,","belli esset quantisque administrandum copiis et quot per duces esset. Fabius, ut Romam rediit, et i",0.7,,pending,
2505,profectos,profectos,,profectos in Etruria,"iumphusque, non bellum decretum consulibus videretur. Invenio apud quosdam extemplo consulatu inito","m Fabium Deciumque sine ulla mentione sortis provinciarum certaminumque inter collegas, quae exposui",0.7,,pending,
2506,consules,consules,,consules in Etruria,"ur. constare res incipit ex eo tempore, quo profecti ambo consules ad bellum sunt. ceterum antequam","m pervenirent, Senones Galli multitudine ingenti ad Clusium venerunt, legionem Romanam castraque opp",0.7,,pending,
2507,et,et,,et in Etruria,issa inde omnium aliarum rerum cura Fabius collegae funus omni honore laudibusque meritis celebrat.,per eosdem dies ab Cn. Fulvio propraetore res ex sententia gesta et praeter ingentem inlatam popula,0.7,,pending,
2508,relicto,relicto,,relicto in Etruria,"rnum montem conpulsum, non deterritus iniquitate loci, fundit fugatque. Q. Fabius, Deciano exercitu","e praesidio, suis legionibus deductis ad urbem de Gallis Etruscisque ac Samnitibus triumphavit. mili",0.7,,pending,
2510,Fabius,fabius,,Fabius in Etruria,ulturno adiacent flumini descendere. adversus eos Ap. Claudius praetor cum exercitu Deciano missus.,"rebellante denuo quattuor milia et quingentos Perusinorum occidit, cepit ad mille septingentos quad",0.7,,pending,
2511,bellum,bellum,,bellum in Etruria,"apta amplius duo milia hominum, minus duo milia circa muros caesa. pax tamen clarior maiorque, quam","eo anno fuerat, parta est: 'tres validissimae urbes, Etruriae capita, Volsinii, Perusia, Arretium,",0.7,,pending,
2512,Samnio,samnio,,Samnio in Etruria,"inpetrandi petisset videretque alios, quod tardius ab urbe exisset, alios, quod iniussu senatus ex","m transisset, partim suos inimicos, partim collegae amicos, ad solacium aequatae repulsae sibi quoqu",0.7,,pending,
2513,Atilio,atilio,,Atilio in Etruria,"captis aliquot urbibus, in Apulia fusum fugatumque, saucium ipsum cum paucis Luceriam conpulsum; ab",res gestas eumque triumphasse. Fabius ambo consules in Samnio et ad Luceriam res gessisse scribit t,0.7,,pending,
2514,traductumque,traductumque,,traductumque in Etruria,a res gestas eumque triumphasse. Fabius ambo consules in Samnio et ad Luceriam res gessisse scribit,"m 'exercitum&mdash;sed ab utro consule, non adicit&mdash; et ad Luceriam utrimque multos occisos inq",0.7,,pending,
2515,Samnio,samnio,,Samnio in Etruria,"ex auctoritate patrum iussu populi bellum Faliscis indictum est iussique consules sortiri, uter ex","m cum exercitu transiret. iam Carvilius Veliam et Palumbinum et Herculaneum ex Samnitibus ceperat, V",0.7,,pending,
2516,consul,consul,,consul in Etruria,"in agrum Vescinum, quia regio ea infesta ab Samnitibus erat, hibernatum duxit. inter haec Carvilius","Troilum primum oppugnare adortus quadringentos septuaginta ditissimos, pecunia grandi pactos, ut ab",0.7,,pending,
2517,hibernis,hibernis,,hibernis in Etruria,"m intolerabilia frigora erant, quies militi data est; et ad prima ac dubia signa veris profectus ex","m ducit, eam quoque gentem, sicut Gallos Liguresque, aut vi aut voluntate adiuncturus. transeuntem A",0.7,,pending,
2518,acceptis,acceptis,,acceptis in Etruria,"oris acceptum. legionibus inde duabus a Sempronio prioris anni consule, duabus a C. Atilio praetore",m per Appennini tramites exercitus duci est coeptus. Periocha Libri XXII. Hannibal per continuas vig,0.7,,pending,
2519,amisso,amisso,,amisso in Etruria,exercitus duci est coeptus. Periocha Libri XXII. Hannibal per continuas vigilias in paludibus oculo,m venit; per quas paludes quatriduo et tribus noctibus sine ulla requie iter fecit. C. Flaminius con,0.7,,pending,
2520,praetore,praetore,,praetore in Etruria,"sidiique, quod ibi obsideretur, cura est. C. Servilius legatus, ex auctoritate patrum a P. Cornelio","m ad frumentum coemendum missus, cum aliquot navibus onustis in portum Tarentinum inter hostium cust",0.7,,pending,
2521,Iunio,iunio,,Iunio in Etruria,"a inclinatura rursus animos videbatur ad veteris imperii respectum. et praetoribus prioris anni, M.",", P. Sempronio in Gallia, cum binis legionibus, quas habuerant, prorogatum est imperium; prorogatum",0.7,,pending,
2522,qui,qui,,qui in Etruria,"us praefuisset, Siciliamque provinciam cum L. Cincio praetore obtineret. exercitus eis duo decreti,","Galliaque essent; eae quattuor erant legiones; urbanae duae superioris anni in Etruriam, duae, quib",0.7,,pending,
2524,Aquilius,aquilius,,Aquilius in Etruria,"rsae occupabant cogitationes hominum, ne Tarentinae quidem arcis excidit memoria. M. Ogulnius et P.","m legati ad frumentum coemendum, quod Tarentum portaretur, profecti, et mille milites de exercitu ur",0.7,,pending,
2525,quibus,quibus,,quibus in Etruria,"er provincias divisi: Fulvio duae legiones, quas in Sicilia M. Valerius Laevinus haberet, Q. Fabio,",C. Calpurnius praefuisset; urbanus exercitus ut in Etruriam succederet; C. Calpurnius eidem praeess,0.7,,pending,
2528,Apulia,apulia,,Apulia in Etruria,"s Marcellus consul designatus, qui rem inspiceret ac, si digna videretur, exercitu accito bellum ex",m transferret. eo metu conpressi Etrusci quieverunt. Tarentinorum legatis pacem petentibus cum liber,0.7,,pending,
2529,praetore,praetore,,praetore in Etruria,"T. Quincti praetoris fuerat cum una legione obtineret. prorogatum et C. Hostilio Tubulo est, ut pro","m ad duas legiones succederet C. Calpurnio. prorogatum et L. Veturio Philoni est, ut pro praetore Ga",0.7,,pending,
2530,coepta,coepta,,coepta ab Etruscis,"m ab hoste nec receptum ab tergo circumventi haberent, extrahi tamen diutius certamen potuisset, ni","fuga pavorem ceteris iniecisset. non tamen omisere pugnam deserti ab Etruscis Fregellani, donec int",0.75,,pending,
2531,fuga,fuga,,ab Etruscis fuga,"ste nec receptum ab tergo circumventi haberent, extrahi tamen diutius certamen potuisset, ni coepta","pavorem ceteris iniecisset. non tamen omisere pugnam deserti ab Etruscis Fregellani, donec integri",0.7,,pending,
2532,deserti,deserti,,deserti ab Etruscis,"certamen potuisset, ni coepta ab Etruscis fuga pavorem ceteris iniecisset. non tamen omisere pugnam","Fregellani, donec integri consules hortando ipsique ex parte pugnando rem sustinebant; sed postquam",0.75,,pending,
2533,Fregellani,fregellani,,ab Etruscis Fregellani,"potuisset, ni coepta ab Etruscis fuga pavorem ceteris iniecisset. non tamen omisere pugnam deserti",", donec integri consules hortando ipsique ex parte pugnando rem sustinebant; sed postquam vulneratos",0.7,,pending,
2534,Varro,varro,,Varro in Etruria,. comitiis perfectis ludisque factis dictator et magister equitum magistratu abierunt. C. Terentius,"m pro praetore missus, ut ex ea provincia C. Hostilius Tarentum ad eum exercitum iret, quem T. Quinc",0.7,,pending,
2535,quique,quique,,quique in Etruria,"s Hasdrubalem, quem iam Alpibus adpropinquare fama erat, decreta. exercitum e duobus, qui in Gallia","esset, addito urbano, eligeret, quem mallet, qui Galliam esset sortitus. cui Bruttii provincia even",0.7,,pending,
2536,Terentius,terentius,,Terentius in Etruria,"essent, quattuor Hispania haberet. binas tres praetores, in Sicilia et Sardinia et Gallia, duas C.",", duas Q. Fulvius in Bruttiis, duas Q. Claudius circa Tarentum et Sallentinos, unam C. Hostilius Tub",0.7,,pending,
2537,exercitu,exercitu,,exercitu in Etruria,"s Turrinus, qui tum aedilis plebis erat. comitiis perfectis dictator magistratu abdicato dimissoque","m provinciam ex senatus consulto est profectus ad quaestiones habendas, qui Etruscorum Umbrorumve po",0.7,,pending,
2538,alterum,alterum,,alterum in Etruria,"quanto exercitu id bellum geratur, in eorum potestate esse. duos exercitus Romanos, unum in Gallia,","esse; satis scire Sp. Lucretium se cum M. Livio iuncturum; multa milia armanda esse, ut duobus duci",0.7,,pending,
2539,exercitum,exercitum,,exercitum in Etruria,"ius Tappulus: hi duo cum aediles plebis essent, praetores creati sunt. consul comitiis perfectis ad",m redit. sacerdotes eo anno mortui atque in locum eorum suffecti: Ti. Veturius Philo flamen Martiali,0.7,,pending,
2540,idem,idem,,idem in Etruria,"issimus; super haec bellicae quoque laudis consulatus compotem fecerat. quod in Bruttiis provincia,",ac Liguribus decretum: M. Cornelius novo consuli tradere exercitum iussus; ipse prorogato imperio G,0.7,,pending,
2542,legionibus,legionibus,,legionibus in Etruria,"Lentulus pro praetore habuisset, decernitur. M. Servilio prioris anni consuli cum suis duabus item","prorogatum imperium est. quod ad Hispanias attineret, aliquot annos iam ibi L. Cornelium Lentulum e",0.7,,pending,
2544,Gallia,gallia,,Gallia in Etruria,exercitus consularis ab Arretio Ariminum transductus erat et quinque milia socium Latini nominis ex,"m transierant. itaque L. Furius, magnis itineribus ab Arimino adversus Gallos Cremonam etiam tum obs",0.7,,pending,
2545,eo,eo,,eo in Etruria,"ciam venisset, haud clam tulit iram adversus praetorem, quod absente se rem gessisset. misso igitur",m ipse in agrum hostium legiones induxit populandoque cum praeda maiore quam gloria bellum gessit. L,0.7,,pending,
2546,quod,quod,,quod in Etruria,"hostium legiones induxit populandoque cum praeda maiore quam gloria bellum gessit. L. Furius, simul","nihil erat rei, quod gereret, simul Gallico triumpho imminens, quem absente consule irato atque inv",0.7,,pending,
2547,propraetori,propraetori,,propraetori in Etruria,"magistratibus, C. Laelio cum suo exercitu prorogatum in annum imperium est; prorogatum et P. Iunio","cum eo exercitu, qui in provincia esset, et M. Tuccio propraetori in Bruttiis et Apulia. priusquam",0.7,,pending,
2548,propraetor,propraetor,,propraetor in Etruria,"am perfugisse et intra triduum exspirasse. senatus ea re audita decrevit, uti P. Iunius Brutus, qui","esset, provincia exercituque traditis uni, cui videretur, ex legatis, ipse in ulteriorem Hispaniam",0.7,,pending,
2549,praetore,praetore,,praetore in Etruria,"spaniam proficisceretur, eaque ei provincia esset. hoc senatus consultum litteraeque a Sp. Postumio","m missae sunt, profectusque in Hispaniam est P. Iunius propraetor. in qua provincia prius aliquanto,",0.7,,pending,
2550,legatum,legatum,,legatum in Etruria,"lli auctores sequendi sunt, qui, cum L. Scipio et accusatus et damnatus sit pecuniae captae ab rege",fuisse Africanum tradunt; qua post famam de casu fratris adlatam relicta legatione cucurrisse eum R,0.7,,pending,
2551,ignobilis,ignobilis,,ignobilis in Etruria,paniam ulteriorem. consulibus ambobus quaestio de clandestinis coniurationibus decreta est. Graecus,"m primum venit nulla cum arte earum, quas multas ad animorum corporumque cultum nobis eruditissima o",0.7,,pending,
2553,Gallia,gallia,,Gallia in Etruria,exercitus consularis ab Arretio Ariminum transductus erat et quinque milia socium Latini nominis ex,"m transierant. itaque L. Furius , magnis itineribus ab Arimino adversus Gallos Cremonam etiam tum ob",0.7,,pending,
2554,eo,eo,,eo in Etruria,"ciam venisset, haud clam tulit iram adversus praetorem, quod absente se rem gessisset. misso igitur",m ipse in agrum hostium legiones induxit populandoque cum praeda maiore quam gloria bellum gessit. L,0.7,,pending,
2555,quod,quod,,quod in Etruria,"ostium legiones induxit populandoque cum praeda maiore quam gloria bellum gessit. L. Furius , simul","nihil erat rei, quod gereret, simul Gallico triumpho imminens, [quem] absente consule irato atque i",0.7,,pending,
2556,propraetori,propraetori,,propraetori in Etruria,"magistratibus, C. Laelio cum uno exercitu prorogatum in annum imperium est; prorogatum et P. Iunio","cum eo exercitu, qui in provincia esset, et M. Tuccio propraetori in Bruttiis et Apulia. priusquam",0.7,,pending,
2557,propraetor,propraetor,,propraetor in Etruria,"m perfugisse et intra triduum exspirasse. senatus ea re audita decrevit, uti P. Iunius Brutus , qui","esset, provincia exercituque traditis uni, cui videretur, ex legatis, ipse in ulteriorem Hispaniam",0.7,,pending,
2558,praetore,praetore,,praetore in Etruria,"spaniam proficisceretur, eaque ei provincia esset. hoc senatus consultum litteraeque a Sp. Postumio","m missae sunt, profectusque in Hispaniam est P. Iunius propraetor. in qua provincia prius aliquanto,",0.7,,pending,
2559,legatum,legatum,,legatum in Etruria,"li auctores sequendi sunt, qui, cum L. Scipio et accusatus et damnatus sit pecuniae captae ab rege,","fuisse Africanum tradunt, quo post famam de casu a. Ch. 187. fratris adlatam relicta legatione cucu",0.7,,pending,
2560,ignobilis,ignobilis,,ignobilis in Etruria,paniam ulteriorem. consulibus ambobus quaestio de clandestinis coniurationibus decreta est. Graecus,"m primum venit nulla cum a. u. 568. arte earum, quas multas ad animorum corporumque cultum nobis eru",0.7,,pending,
2561,Pieria,pieria,,Pieria appellatur a,". BC. 3, 79, 7: Aeginium, quod est oppidum oppositum Thessaliae; vgl. Plin. 4, 33: in regione, quae","nemore, Aeginium; nach Strabo 7, 7, 9, S. 327: *ai)gi/nion *tumfai/wn geh&ouml;rte die Stadt noch z",0.7,,pending,
2562,army,army,,army in Etruria,", to destroy the consuls and the senate, to burn the city, and seize the commonwealth: he raised an","; [Y.R. 689. B.C. 63;] the conspiracy was discovered, and frustrated by the exertions of Marcus Tull",0.7,,pending,
2563,genus,genus,,genus ab Etruscis,"Drakenborch. Walker, in his edition, proposes to read ut for et; thus, quibus ut apparitores et hoc","&mdash;numerum quoque ipsum ductum placet, ""who will have it, that as public servants of this kind,",0.75,,pending,
2564,raised,raised,,raised in Etruria,. But this also is left unsettled among other points not ascertained from length of time. Alarm was,"after the capture of Fidenae, not only the Veientians being terrified by the apprehension of simila",0.7,,pending,
2565,and,and,,and in Etruria,"e against it. Schemes for exciting wars were agitated in the meetings of the Aequans and Volscians,","at the temple of Voltumna. Here the matter was postponed for a year, and by a decree it was enacted",0.7,,pending,
2566,quiet,quiet,,quiet in Etruria,"dition, not as the author of an idle rumour. Although matters were announced to the Romans as being",", yet because it was stayed that this matter was being agitated in all their meetings, they so manag",0.7,,pending,
2567,meetings,meetings,,meetings in Etruria,ainment of our hopes. I am now speaking of labour and of loss of time. What? do these such frequent,on the subject of sending aid to Veii suffer us to disregard the danger which we encounter by procr,0.7,,pending,
2568,vain,vain,,vain in Etruria,"ns shall afford aid to the enemy, and the Veientians find in Rome reinforcements which they seek in",". Is there any thing which can happen so much in accordance with the wishes of the Veientians, as th",0.7,,pending,
2569,had,had,,had in Etruria,"mand land from the possessors, or to threaten war [in case of refusal], and what business the Gauls",", and on their fiercely replying, that they carried their right in their swords, that all things wer",0.7,,pending,
2570,transactions,transactions,,transactions in Etruria,"a, soliciting a peace and alliance with the Romans, obtained a truce for thirty years. During these",", the other consul, Caius Marcius Rutilus, took Allifae by storm from the Samnites; and many of thei",0.7,,pending,
2571,actively,actively,,actively in Etruria,"on; neither diffident of their own strength, nor despising the adversary. Meanwhile matters went on","; for a decisive battle was fought with the Umbrians, in which the enemy was routed, but lost not ma",0.7,,pending,
2572,established,established,,established in Etruria,for each soldier were exacted from them: this was the purchase of the truce.' The tranquillity now,"was interrupted by a sudden insurrection of the Umbrians, a nation which had suffered no injury fro",0.7,,pending,
2573,behind,behind,,behind in Etruria,"ith ostentatious vanity, and of the Romans with contempt, they boasted that they would leave Decius",", and march away to besiege Rome; which design of theirs being reported to the consul Decius, he rem",0.7,,pending,
2574,well,well,,well in Etruria,"encouraging them by displaying, in honourable and just terms, the glory which they had acquired, as","as in Samnium, he bade them finish this insignificant appendage to the Etrurian war, and take venge",0.7,,pending,
2575,restored,restored,,restored in Etruria,"hem. The dictator returned into the city in triumph. I have seen it asserted, that tranquillity was","by the dictator, without any memorable battle, only by composing the dissensions of the Arretians,",0.7,,pending,
2576,formed,formed,,formed in Etruria,"hoever it was that had the command and auspices, powerful combination, composed of many states, was","against the Romans, the chief promoter of which was Gellius Egnatius, a Samnite. Almost all the Etr",0.7,,pending,
2578,failure,failure,,failure in Etruria,"ne forsaken; that the state of affairs was such, that the credit and discredit of every success and","would be attributed to Lucius Volumnius: for no one would inquire, what were the words of Appius, b",0.7,,pending,
2579,either,either,,either in Etruria,"might select which he preferred; that he, with his own army, will undertake to manage the business","or in Samnium. The soldiers then, with loud clamours, requested that they would, in conjunction, ca",0.7,,pending,
2580,war,war,,war in Etruria,"ium. The soldiers then, with loud clamours, requested that they would, in conjunction, carry on the","; when Volumnius perceiving that it was the general wish, said, Since I have been mistaken in appreh",0.7,,pending,
2581,war,war,,war in Etruria,"th the consuls, with the whole force of the Romans, pointed their exertions principally against the",", a new army which arose in Samnium, with design to ravage the frontiers of the Roman empire, passed",0.7,,pending,
2582,performed,performed,,performed in Etruria,"consul, the other would be considered as useless and insignificant. Fabius gloried in his exploits",": Publius Decius wished for a like subject of glory, and perhaps would utterly extinguish that fire,",0.7,,pending,
2583,colleague,colleague,,colleague in Etruria,"t was, therefore, his opinion, that the consul Publius Decius should, without delay, set out to his",; and that the province of Samnium should be given to Lucius Vo- lumnius. But if the consul preferre,0.7,,pending,
2584,war,war,,war in Etruria,"the public, or send some of his lieutenants, from whom the senate might learn the real state of the","; and with what number of troops, and by how many generals, it should be carried on. Fabius, as soon",0.7,,pending,
2585,arrived,arrived,,arrived in Etruria,"begins to appear from the time when both consuls set out for the campaign. Now, before the consuls",", the Senonian Gauls came in a vast body to Clusium, to attack the Roman legion and the camp. Scipio",0.7,,pending,
2586,army,army,,army in Etruria,"terred by the difficulty of the ground, routed and dispersed them. Quintus Fabius, leaving Decius's",", and leading off his own legions to the city, triumphed over the Gauls, Etrurians, and Samnites: th",0.7,,pending,
2587,year,year,,year in Etruria,"made prisoners, and somewhat less than that number killed on the walls. But a peace, effected that",", was still more important and honourable than the war had been. Three very powerful cities, the chi",0.7,,pending,
2588,war,war,,war in Etruria,"ulia; and that, being wounded himself, he was driven, with a few attendants, into Luceria. That the","was conducted by Atilius, and that it was he who triumphed. Fabius writes, that the two consuls act",0.7,,pending,
2589,war,war,,war in Etruria,"feat of the Samnites, was yet raised to an equality with it, by his having put a termination to the",. He carried into the treasury three hundred and ninety thousand asses in weight. &pound;1259 7 s. 6,0.7,,pending,
2590,rives,rives,,rives in Etruria,"the Apennines. BOOK XXII. Hannibal, after an uninterrupted march of four days and three nights, ar-",", through the marshes, in which he lost an eye. Caius Flaminius, the consul, an inconsiderate man, h",0.7,,pending,
2591,corn,corn,,corn in Etruria,"g been sent, according to the advice of the fathers, by Publius Cornelius, the praetor, to purchase",", made his way into the harbour of Tarentum, through the guard-ships of the enemy, with some ships o",0.7,,pending,
2592,up,up,,up in Etruria,"e forts, the corn recently sent from Sicily, with that which Marcus Junius, the praetor, had bought",", was conveyed from Ostia, to supply the army during the winter. But, in addition to the disaster su",0.7,,pending,
2593,former,former,,former in Etruria,"ublius Sempronius, were each continued in command of the two legions which they had under them, the",", the latter in Gaul. Marcus Marcellus also was continued in command, that he might, as proconsul, f",0.7,,pending,
2594,those,those,,those in Etruria,"nce of Sicily, in conjunction with Lucius Cincius, the praetor. The two armies decreed to them were","and Gaul, consisting of four legions. That the two city legions of the former year should be sent i",0.7,,pending,
2595,commanded,commanded,,commanded in Etruria,"ions which Marcus Valerius Laevinus had in Sicily; Quintus Fabius, those which Caius Calpurnius had",. The city troops were to succeed those in Etruria; Caius Calpurnius commanding the same province an,0.7,,pending,
2596,those,those,,those in Etruria,"ntus Fabius, those which Caius Calpurnius had commanded in Etruria. The city troops were to succeed",; Caius Calpurnius commanding the same province and the army. Titus Quinctius was to take the comman,0.7,,pending,
2597,were,were,,were in Etruria,"lieutenant-general, to march the old city army into Etruria, and to bring to Rome the legions which",". And the consul Fabius ordered his son, Quintus Fabius Maximus, to lead the remains of the army of",0.7,,pending,
2598,other,other,,other in Etruria,"e lot Gaul fell should choose whichever he pleased of the two armies, one of which was in Gaul, the",", and receive the city legions in addition; and that he to whose lot Bruttium fell, should, after en",0.7,,pending,
2599,two,two,,two in Etruria,"two each; Spain, four; the three praetors in Sicily, Sardinia, and Gaul, two each; Caius Terentius,","; Quintus Fulvius, two in Bruttium; Quintus Clau- dius two in the neighbourhood of Tarentum and the",0.7,,pending,
2600,another,another,,another in Etruria,"for that purpose was to be carried on. That the Romans had two armies in the field, one in Gaul and",". That he was well informed that Spurius Lucretius would form a junction with Marcus Livius, and tha",0.7,,pending,
2601,achievement,achievement,,achievement in Etruria,"which is adjacent to the Alps. The consul, Caius Servilius, without having performed any memorable",", his province, and in Gaul, for he had advanced thither also, but having rescued from slavery, whic",0.7,,pending,
2603,command,command,,command in Etruria,"nded, to be employed in Sardinia; Marcus Servilius, the consul of the former year, was continued in",", with his own two legions likewise. As to Spain, it appeared that Lucius Cornelius Lentulus and Luc",0.7,,pending,
2604,day,day,,day in Etruria,"eed, that the consul Aurelius should order the army which he had appointed to assemble on a certain",", to attend him on the same day at Ariminum; and should either go in person, if the public business",0.7,,pending,
2605,nothing,nothing,,nothing in Etruria,"try, and, by laying it waste, carried on the war with more spoil than glory. Lucius Furius, finding","that could give him employment, and at the same time intent on obtaining a triumph for his success",0.7,,pending,
2606,proprietor,proprietor,,proprietor in Etruria,"ommand was prolonged to Caius Laelius for a year, with his present army, and to Publius Junius, the",", with the army which was then in the province, and Marcus Tuccius, the propraetor in Bruttium and A",0.7,,pending,
2607,proprietor,proprietor,,proprietor in Etruria,"xpired. The senate, on hearing of this misfortune, decreed, that Publius Junius Brutus, who was the",", having delivered the province and army to whichsoever of the lieutenants he should think proper, s",0.7,,pending,
2608,general,general,,general in Etruria,"Scipio was impeached, and convicted of having taken money from the king, Africanus was a lieutenant-","; whence, on hearing of this misfortune, throwing up his commission, he hastened to Rome; and when h",0.7,,pending,
2609,mater,mater,,mater dicta quod,"o. quanta &eacute;st cura in animo, quantum corde capio dolorem&mdash;dolus ne occidat morte pueri:","sum, eo magis studeo vitae; quae ausa hunc sum, tantundem dolum <nunc> adgrediar. lucri causa avara",0.7,,pending,
2610,vetulonios,vetulonios,,vetulonios in etruria,"m et in gaditano oceano. patavinorum aquis calidis herbae virentes innascuntur, pisanorum ranae, ad","non procul a mari pisces. in casinate fluvius appellatur scatebra, frigidus, abundantior aestate; i",0.7,,pending,
2611,tarentinus,tarentinus,,tarentinus appellatur ab,"onectitur secunda regio amplexa hirpinos, calabriam, apuliam, sallentinos, &lsqb;ccl&rsqb; sinu qui","oppido laconum - in recessu hoc intimo situm, contributa eo maritima colonia, quae ibi fuerat, abes",0.7,,pending,
2612,transpadana,transpadana,,transpadana appellatur ab,"rgumento adest oppidum iuxta industria vetusto nomine bodincomagum, ubi praecipua altitudo incipit.","eo regio undecima, tota in mediterraneo, cui mari n a cuncta fructuoso alveo inportat. oppida vibi",0.7,,pending,
2613,universum,universum,,universum appellata a,"litterarum claritas ex hoc primum sinu effulsit, quapropter paululum in eo conmorabimur. epiros in","cerauniis incipit montibus. in ea primi chaones, a quibus chaonia, dein t h esproti, antigonenses,",0.7,,pending,
2614,pieria,pieria,,pieria appellatur a,"elagonia protegunt a triballis. oppida aegae, in quo sepeliri mos reges, beroea et in regione, quae","nemore, aegi n ium. in ora heraclea, flumen apilas, oppida py d na, a loros, amnis haliacmon. intus",0.7,,pending,
2615,menisminorum,menisminorum,,menisminorum appellata ab,otas vocari gentem eam. nomadum aethiopum secundum flumen astragum ad septentrionem vergentium gens,"est ab oceano dierum itinere viginti. animalium, quae cynocephalos vocamus, lacte vivit, quorum arme",0.7,,pending,
2616,originem,originem,,apud etruscos originem,ebrae papaveratae antiquiorem habent originem iam sub lucilio poeta in torquato notatae. praetextae,"invenere. trabeis usos accipio reges; pictae vestes iam apud homerum s u nt i is, e t i nde triumph",0.85,,pending,
2618,trochos,trochos,,trochos appellatur a,ensimo die refossa aperit fetumque in aquam ducit. erythini et channae volvas habere traduntur; qui,"graecis, ipse se inire. fetus omnium aquatilium inter initia visu carent. aevi piscium me mo randum",0.7,,pending,
2619,super,super,,super appellatur a,"ominatam animadverto ignorari - quidam clamatoriam dicunt, labeo prohibitoriam - , et apud nigidium","vis, quae aquilarum ova frangat. sunt praeterea conplura genera depicta in etrusca disciplina s a ec",0.7,,pending,
2621,insecta,insecta,,insecta appellata ab,"nata, ut apes, alia utroque modo, ut formicae, aliqua et pinnis et pedibus carentia), et iure omnia","incisuris, quae nunc cervicium loco, nunc pectorum atque alvi, praecincta separant membra, tenui mo",0.7,,pending,
2622,earum,earum,,earum appellatur a,sub ea minor lingua nulli ova generantium. opera eius gemina duabus interpositae fistulis. interior,"rteria, ad pulmonem atque cor pertinens; hanc operit in epulando, spiritu et voce in illa meante, ne",0.7,,pending,
2624,ita,ita,,ita appellatur a,"gio mellis et salis cyatho subfervefactis. austerum, sed inter haec genera poni debet et protropum;",quibusdam mustum sponte defluens ante quam calcentur uvae. hoc protinus diffusum in lagonis suis de,0.7,,pending,
2625,libralia,libralia,,libralia appellata a,"nerum dicta sunt. his acinus sub cortice intus, illis lignum in corpore. nec non et quaedam e piris",mplitudinem sibi ponderis nomine adserunt. sed persicorum palma duracinis. nationum habent cognomen,0.7,,pending,
2626,hordearia,hordearia,,hordearia appellata a,"mora est cogitque se venu m dari. ingens postea turba prunorum: versicolori a e nigr o candican t ,","comitatu frug i s eius; alia eodem colore seriora maioraque, asinina cognominata a vilitate. sunt m",0.7,,pending,
2628,ita,ita,,apud Varronem ita,"utraque e recta noctem ventosam. si quartam orbis rutilus cinget, et ventos et imbres praemonebit.","est: ""si quarto die luna erit directa, magnam tempestatem in mari praesagiet, nisi si coronam circa",0.85,,pending,
2629,graeca,graeca,,graeca appellatur a,"coronas addi, praeterquam extremas velut ad cardines, nec odore nec specie probabilem. est et quae","nostris, a graecis lychnis, non nisi in umidis locis proveniens nec umquam excedens quin a folia vi",0.7,,pending,
2630,caprarum,caprarum,,caprarum appellata a,"s ea fierent! nos trademus quae conperimus. herba est ab exitio et iumentorum quidem, sed praecipue","egolethron. huius flore concipiunt noxium virus aquoso vere marcescentis. ita fit, ut non omnibus an",0.7,,pending,
2632,graeca,graeca,,graeca appellatur a,"temque aegyptiam eodem nomine, alias et syrticam arborem, diximus suis locis. haec lotos, quae faba","nostris, alvum bacis sistit. ramenta ligni decocta in vino prosunt dysintericis, menstruis, vertigi",0.7,,pending,
2633,brathy,brathy,,brathy appellata a,"enatis praeterquam anguibus. sudores movet, tormina discutit, lactis ubertatem facit. herba sabina,","graecis, duorum generum est, altera tamarici folio similis, altera cupresso; quare quidam creticam",0.7,,pending,
2634,rhamnos,rhamnos,,rhamnos appellatur a,"tomachicisque ex aqua bibendus datur. cetera eadem praestat, quae supra dicta. inter genera ruborum","graecis, candidior, fruticosior et ramos spargens rectis aculeis, non, ut ceteri, aduncis, foliis m",0.7,,pending,
2635,conferva,conferva,,conferva appellata a,"apitis dolori cum rosaceo infusus, ipsa struma e inlita. - peculiaris est alpinis maxime fluminibus","conferuminando, spongea aquarum dulcium verius quam muscus aut herba, villosae densitatis atque fis",0.7,,pending,
2636,adverso,adverso,,adverso appellata a,"nor et tactu asperior, vulneribus contusa praeclare medetur. - holosteon sine duritia est herba, ex","graecis sicut fel dulce, radice tenuis usque in capillamenti speciem, longitudine iiii digitorum, c",0.7,,pending,
2637,herba,herba,,herba appellatur a,"tangitur inpetigo. qui tangit, dicit: feu/gete kanqari/des, lu/kos a)/grios ai(=ma diw/kei . limeum","gallis, qua sagittas in venatu tingunt medicamento, quod venenum cervarium vocant. ex hac in iii mo",0.7,,pending,
2638,fatum,fatum,,fatum in etruria,"maximi futurum est, hic caput invenimu s "" constantissima annalium adfirmatione, transiturum fuisse","m, ni praemoniti a filio vatis legati respondissent: ""non plane hic, sed romae inventum caput dicimu",0.7,,pending,
2640,in,in,,in in etruria,ificationem anni temporis et aevi esse deum indicent. signa quoque tuscanica per terras dispersa qu,"factitata sint, non est dubium. deorum tantum putarem ea fuisse, ni metrodorus scepsius, cui cognom",0.7,,pending,
2641,qui,qui,,qui in etruria,"et theodorum tradant multo ante bacchiadas corintho pulsos, damaratum vero ex eadem urbe profugum,","tarquinium regem populi romani genuit, comitatos fictores euchira, diopum, eugrammum; ab iis italia",0.7,,pending,
2642,lychnis,lychnis,,lychnis appellata a,"nomen custodientem, mali colore aut olei viridis, omnibus inprobatam. ex eodem genere ardentium est","lucernarum a d sensu, tum praecipuae gratiae. nascitur circa orthosiam totaque caria ac vicinis loc",0.7,,pending,
2643,alio,alio,,alio dictum est quod,"motibus sentiunt. Praeterea suae quisque inventioni favet, et quasi fortissimum amplectitur, cum ab","ipse praevidit. Omnibus ergo dandum est aliquid quod teneant, quod agnoscant. Dixit aliquando mihi",0.7,,pending,
2645,saucius,saucius,,ab Etruscis saucius,"vabis amores, formosum ni vis perdere rursus Hylan. Tu, qui consortem properas evadere casum, miles","aggeribus, quid nostro gemitu turgentia lumina torques? pars ego sum vestrae proxima militiae. sic",0.7,,pending,
2646,quod,quod,,quod appellatur a,"anam condere gentem! facere enim probus adolescens periculose quam perpeti turpiter maluit. est et,","novis noema qua voce omnis intellectus accipi potest; sed hoc nomine donarunt ea quae non dicunt, u",0.7,,pending,
2649,deus,deus,,Etrusca lingua deus,"ra notaret, futurumque ut inter deos referretur, quod aesar, id est reliqua pars e Caesaris nomine,","uocaretur. Tiberium igitur in Illyricum dimissurus et Beneuentum usque prosecuturus, cum interpella",0.9,,pending,
2650,prolocutum,prolocutum,,prolocutum in Etruria,"tatuam divi Iulii in insula Tiberini amnis sereno et immoto die ab occidente in orientem conversam,","bovem, insolitos animalium partus, et plura alia rudibus saeculis etiam in pace observata, quae nun",0.7,,pending,
2651,Id,id,,Id vocatur quod,abuntur. De solo triclinio Christianorum retractatur. Coena nostra de nomine rationem sui ostendit.,"dilectio penes Graecos. Qualiscumque sumptibus constet, lucrum est pietatis nomine facere sumptum,",0.75,,pending,
2652,transvenas,transvenas,,transvenas in Etruria,"s multi, qui super ista re commentarios ediderunt. Ab his ludorum origo sic traditur: Lydos ex Asia","consedisse Timaeus refert duce Tyrreno, qui fratri suo cesserat regni contentione. Igitur in Etruri",0.7,,pending,
2653,Igitur,igitur,,Igitur in Etruria,"venas in Etruria consedisse Timaeus refert duce Tyrreno, qui fratri suo cesserat regni contentione.",inter ceteros ritus superstitionum suarum spectacula quoque religionis nomine instituunt. Inde Roma,0.7,,pending,
2654,superius,superius,,superius dictum est quod,"'facilem' autem, copiosam, divitem. Terentius quam vos facillime agitis . hic templum ivnoni ingens","Vergilius ubique lucos consecratos velit accipi, unde tamquam in loco sacro inducit Didonem Iunoni",0.7,,pending,
2655,et,et,,et dicta quod,"gesserat, sed quantum ad Graecos pertinet, qui eum immolaturi fuerant, dicit. hostia vero victima ,","dii per illam hostiantur, id est aequi et propitii reddantur, unde hostimentum aequationem. fas mih",0.7,,pending,
2656,avsonias,avsonias,,avsonias appellata A,", in quo Corythus sepultus est. alii Corythum a Corytho, Paridis et Oenones filio, conditam ferunt.","usonia ab Ausone, Ulixis et Calypsus filio: et primo pars, postea omnis Italia nominata. dictaea Dic",0.7,,pending,
2657,et,et,,et dictum quod,"m' facit: quod in simplici difficile invenis, per conpositionem agnoscis facilius. inmensum magnum.",mensura conprehendi non possit. exterrita tellus poetica hyperbole. curvis cavernis echo enim in co,0.7,,pending,
2658,inproprie,inproprie,,inproprie dictum quod,"s quia prout vela extensa fuerint, ita etiam cursus extenditur, in quo navis est iter. multi dicunt","ait 'tendit iter velis', multi nimium proprie. constat tamen secundum illud dictum quod ait supra f",0.7,,pending,
2659,illud,illud,,illud dictum quod,"dicunt inproprie dictum quod ait 'tendit iter velis', multi nimium proprie. constat tamen secundum","ait supra flecte viam velis . aliud est velis iter tendere, aliud per vela iter. quod si dicimus, b",0.7,,pending,
2660,Carmentis,carmentis,,Carmentis appellata a,"t quasi ostendat invitum. carmentis nymphae monita matris eius, quae Nicostrate dicta est, sed ideo","suis, quod divinatione fata caneret: nam antique vates carmentes dicebantur, unde etiam librarios q",0.7,,pending,
2663,Aeneae,aeneae,,Aeneae ab Etruscis,"isse naves Aeneae fieri: quod excusat pictura, quam solam mutatam debemus accipere. ergo hanc navem","datam intellegamus. quidam volunt hanc navem ex his esse quibus Aeneas ad Euandrum erat evectus, et",0.75,,pending,
2664,datam,datam,,ab Etruscis datam,"ves Aeneae fieri: quod excusat pictura, quam solam mutatam debemus accipere. ergo hanc navem Aeneae","intellegamus. quidam volunt hanc navem ex his esse quibus Aeneas ad Euandrum erat evectus, et ad Et",0.7,,pending,
2665,quod,quod,,quod in Etruria,"ictum per synizesin, sicut nec cura peculi pro 'peculii'. Clusium autem est oppidum iuxta Massicum,","condidit Clusius Tyrrheni, sive Telemachus Vlixis filius . cosas civitas Tusciae, quae numero dicit",0.7,,pending,
2666,populos,populos,,populos in Etruria,"ui venerant, patriam dixit, ut alibi insignem quem mater Aricia misit . quidam Populoniam post XII.",constitutos populum ex insula Corsica in Italiam venisse et condidisse dicunt: alii Populoniam Vola,0.7,,pending,
2667,quod,quod,,quod Etrusca lingua,"numero Mantua fuit. alii a Tarchone Tyrrheni fratre conditam dicunt: Mantuam autem ideo nominatam,","Mantum Ditem patrem appellant, cui cum ceteris urbibus et hanc consecravit. mantus genetivus Graecu",0.9,,pending,
2668,Mantum,mantum,,Etrusca lingua Mantum,"ro Mantua fuit. alii a Tarchone Tyrrheni fratre conditam dicunt: Mantuam autem ideo nominatam, quod","Ditem patrem appellant, cui cum ceteris urbibus et hanc consecravit. mantus genetivus Graecus est:",0.9,,pending,
2670,Camillus,camillus,,Etrusca lingua Camillus,": ministros enim et ministras inpuberes camillos et camillas in sacris vocabant, unde et Mercurius","dicitur, quasi minister deorum. in sacris tamen legitur posse etiam opera consecrari ex servis, usq",0.9,,pending,
2673,sic,sic,,sic appellatur quod,"turres, ab imo latissimae in summitates acutissimas desinentes. 29. quae figura apud geometras ideo","ad ignis speciem, tou pyros, ut nos dicimus, extenuatur in conum. quarum magnitudo quoniam in celsi",0.7,,pending,
2674,omnis,omnis,,omnis appellatur A,"a. quae per populos pagosque amplos diffusa quondam et copiosa, ad unum concessit vocabulum et nunc","ssyria, ubi inter bacarum vulgariumque abundantiam frugum bitumen nascitur prope lacum nomine Sosing",0.7,,pending,
2675,partim,partim,,partim in Etruria,em reversus prope totam Italiam in armis invenit sub iuvene Mario Mari filio; sed omnes eius copias,ad Sacriportum partim ad Collinam Portam prostravit et reliquias adversariorum [eorum] qui se deder,0.7,,pending,
2676,philosophum,philosophum,,apud Varronem philosophum,"inione, uerum etiam doctorum uirorum auctoritate hoc miraculum de pueris confirmatur. (6) Memini me",", uirum accuratissime doctum atque eruditum, cum alia eiusdem modi, tum hoc etiam legere: Trallibus",0.85,,pending,
2677,Syro,syro,,Syro ex insula oriundu,"ot vices vitae, quae diis manibus pro merito suo cuique tormenta vel praemia. Quin etiam Pherecydes","s, qui primus versuum nexu repudiato conscribere ausus est passis verbis, soluto locutu, libera orat",0.7,,pending,
2678,modo,modo,,modo dictum est quod,sed sumitur essentia ab ente primo modo dicto. Unde Commentator in eodem loco dicit quod ens primo,"significat essentiam rei. Et quia, ut dictum est, ens hoc modo dictum dividitur per decem genera, o",0.7,,pending,
2679,sicut,sicut,,sicut dictum est quod,"quantum scilicet non praecidit designationem materiae, sed implicite, continet eam et indistincte,",genus continet differentiam; et ideo praedicatur hoc nomen homo de individuis. Sed hoc nomen humani,0.7,,pending,
2680,ideo,ideo,,ideo dictum est quod,quiditas vel natura seu forma sua. Unde oportet quod in intelligentiis sit esse praeter formam; et,intelligentia est forma et esse. Omne autem quod convenit alicui vel est causatum ex principiis nat,0.7,,pending,
2681,supra,supra,,supra dictum est quod,"ur sana, non a sanitate quae in ipsa sit, sed a sanitate animalis, quam significat. Similiter etiam","res denominantur verae a veritate intellectus. Unde si nullus intellectus esset aeternus, nulla ver",0.7,,pending,
2682,est,est,,est dictum quod,"itudine informatur; potest autem deficere circa aliquid consequens ad ipsam, vel accidens ei. Sicut","visus non decipitur circa sensibile proprium, sed circa sensibilia communia, quae consequenter se h",0.7,,pending,
2683,supra,supra,,supra dictum est quod,"telligendum secundum impossibilitatem absolutam, sed secundum impossibilitatem conditionatam: sicut","praedestinatum necesse est salvari, necessitate conditionata, quae non tollit libertatem arbitrii.",0.7,,pending,
2684,supra,supra,,supra dictum est quod,"natio falli possit. Ad tertium dicendum quod, cum praedestinatio includat divinam voluntatem, sicut","Deum velle aliquid creatum est necessarium ex suppositione, propter immutabilitatem divinae volunta",0.7,,pending,
2685,supra,supra,,supra dictum est quod,", procedit secundum rationem similitudinis, sicut etiam id quod procedit per modum naturae: et ideo","processio verbi divini est ipsa generatio per modum naturae. Amor autem, inquantum huiusmodi, non p",0.7,,pending,
2686,supra,supra,,supra dictum est quod,"uidam falso opinati sunt: nam relatio quam significat hoc nomen Pater, est subsistens persona. Unde",hoc nomen persona in divinis significat relationem ut subsistentem in divina natura. Ad secundum di,0.7,,pending,
2687,sic,sic,,sic dictum est quod,"scitur. Uno modo, per praesentiam suae essentiae in cognoscente, sicut si lux videatur in oculo: et","angelus intelligit seipsum. Alio modo, per praesentiam, suae similitudinis in potentia cognoscitiva",0.7,,pending,
2688,sicut,sicut,,sicut dictum est quod,"m est tota ratio existendi, et bonitatis alii, magis diligitur naturaliter tale alterum quam ipsum;",unaquaequae pars diligit naturaliter totum plus quam se. Et quodlibet singulare naturaliter diligit,0.7,,pending,
2689,prius,prius,,prius dictum est quod,"ici, secundum Rabbi Moysen, quod ubicumque dicitur vocavit, significatur aequivocatio nominis. Unde","vocavit lucem, Diem: propter hoc quod etiam dies vocatur spatium vigintiquatuor horarum, secundum q",0.7,,pending,
2690,autem,autem,,autem dictum est quod,ae. Respondeo dicendum quod habitus quodammodo est medium inter potentiam puram et purum actum. Iam,"nihil cognoscitur nisi secundum quod est actu. Sic ergo inquantum habitus deficit ab actu perfecto,",0.7,,pending,
2691,qui,qui,,qui appellatur a,digne abrogatos his cultus et honoris inpertitione viduatos? 4. Quod si non mentis elatio et typhus,"Graecis obstaret atque officeret vobis, iamdudum scire potuissetis, quid aut quare prohibuerit fier",0.7,,pending,
2692,tum,tum,,tum in Etruria,"ticens ostendit. Fuerat enim opinio, ut Catilina ex urbe profugerat in castra Manli centurionis qui","ad Faesulas exercitum ei comparabat, Clodium subsequi eum voluisse et coepisse, tum dein mutato con",0.7,,pending,
2693,solo,solo,,solo dictum est quod,"tuo dictum est hoc? cur de illo tantum dictum est quasi locus ubi esset, qui non est locus, de quo",sit donum tuum? in dono tuo requiescimus: ibi te fruimur. requies nostra locus noster. amor illuc a,0.7,,pending,
2694,putat,putat,,putat dicta quod,erpretatio ita verborum origo pro cuiusque ingenio iudicatur. Ecce enim 'verba' ipsa quispiam ex eo,"aurem quasi 'verberent'. Immo inquit alius quod aerem. Sed quid? Nostra non magna lis est, nam uter",0.7,,pending,
2695,laude,laude,,laude dictum est quod,"PTIS LEGIS HABITVS CARTHAGINE AD MENSAM SANCTI CYPRIANI domino deo nostro, cuius cultores sumus, in",am scripturarum loco: [omnia in mensura et numero et pondere disposuisti]. deinde apostolica doctrin,0.7,,pending,
2696,esse,esse,,esse dictum quod,at quando ante passionem dicebat: Quoniam pater maior me est. Vnde nulla cunctatio est secundum hoc,"forma serui maior est pater, cui in forma dei aequalis est filius. Nec quisquam cum audierit quod a",0.7,,pending,
2697,quippe,quippe,,quippe dictum est quod,"it; et quos uocauit, ipsos et iustificauit; quos autem iustificauit, ipsos et glorificauit. De illo","iustificet impium; de illo dictum est quod sit iustus et iustificans. Si ergo quos iustificauit, ip",0.7,,pending,
2698,illo,illo,,illo dictum est quod,"uos autem iustificauit, ipsos et glorificauit. De illo quippe dictum est quod iustificet impium; de","sit iustus et iustificans. Si ergo quos iustificauit, ipsos et glorificauit, qui iustificat ipse et",0.7,,pending,
2699,ergo,ergo,,ergo dictum est quod,udicat quemquam. Secundum hoc enim quod aequalem pater genuit filium iudicat cum illo. Secundum hoc,in iudicio non forma dei sed forma filii hominis apparebit. Non quia non iudicabit qui dedit omne i,0.7,,pending,
2700,qui,qui,,qui appellatur a,"ium non receperunt, quamuis ex auditu in nobis facta sit, non tamen ad eum sensum corporis pertinet","uditus quoniam non est sonus, nec ad oculos huius carnis quoniam non est color aut corporis forma, n",0.7,,pending,
2701,illo,illo,,illo dictum est quod,ctus est illi. Nec ita ut aliquando esse desistat aut coeperit; immortalis est enim. Nec frustra de,solus habeat immortalitatem. Nam immortalitas eius uere immortalitas est in cuius natura nulla est,0.7,,pending,
2702,sit,sit,,sit appellata a,in eum. Vnde dicit etiam Paulus apostolus: Et omnes unum spiritum potauimus. Vtrum autem donum dei,qua ista quod est spiritus sanctus hoc quaeritur. Sed sicut hic inuenimus hanc aquam spiritum sanctu,0.7,,pending,
2703,enim,enim,,enim dictum est quod,"uia dictum est de illo: Non enim loquetur a semetipso, sed quaecumque audiet loquetur; secundum hoc","de patre procedit. Cum uero et filius de patre sit et spiritus sanctus a patre procedat, cur non am",0.7,,pending,
2704,sic,sic,,sic appellatur quia,"uicem dicimus. Ergo spiritus sanctus ineffabilis quaedam patris filiique communio, et ideo fortasse",patri et filio potest eadem appellatio conuenire. Nam hoc ipse proprie dicitur quod illi communiter,0.7,,pending,
2705,se,se,,se dictum quod,"judicio. Dixisti: 'Non debet refugium invenire apud sedem Petri, qui fidem impugnat Petri.' Hoc per","dam esset eminens et generale verum. Sed quia personaliter dixisti de Petro, convinco te sentire con",0.7,,pending,
2706,qui,qui,,qui appellatur A,", D equites transportabat biduoque et noctibus tribus navigatione consumptis appellit ad eum locum,",nquillaria. Hic locus abest a Clupeis passuum XXII milia habetque non incommodam aestate stationem e,0.7,,pending,
2707,quae,quae,,quae appellatur a,"sortio veritatis eiciat, ne cui sit appetibile aliquid de illa integritate subducere. [3] Haec enim","rithmetica inter ambigua mundi certissima ratione consistit, quam cum caelestibus aequaliter novimus",0.7,,pending,
2708,legerim,legerim,,apud Varronem legerim,"um fuisse et hodiernum esse. Quot autem saecula urbi Romae debeantur, dicere meum non est; sed quid",", non tacebo, qui libro antiquitatum duodevicensimo ait fuisse Vettium Romae in augurio non ignobile",0.85,,pending,
2709,Romanum,romanum,,Romanum in Etruria,"videri, sed iam me ipse inertiae nequitiaeque condemno. [ 5 ] Castra sunt in Italia contra populum","e faucibus conlocata, crescit in dies singulos hostium numerus; eorum autem castrorum imperatorem du",0.7,,pending,
2710,se,se,,se in Etruria,"eat et decursionibus per equites, quos habet multos, vastet ea loca, in quae incurrerit, aut rursus","m referat, quod ea pars Italiae sine exercitu est. Quod si me Caesar audisset atque Appenninum trans",0.7,,pending,
2711,nisi,nisi,,nisi dictum quod,"Caesarem se fuisse multumque sermonem de te habitum esse; ipsum Caesarem nihil sane de te questum,","diceret te dixisse, laudandum adolescentem, ornandum, tollendum; se non esse commissurum, ut tolli",0.7,,pending,
2712,Stilbwn,stilbwn,,Stilbwn appellatur a,"or, diebus minus eundem lustrat orbem quem duae superiores, infra hanc autem stella Mercuri est (ea","Graecis), quae anno fere vertenti signiferum lustrat orbem neque a sole longius umquam unius signi",0.7,,pending,
2713,certe,certe,,certe in Etruria,"s auctoritas? Nobiscum nec animo certe est nec corpore. Si autem aut domi est aut non longe a domo,","est, id est in via. Quis igitur mihi praestat Lentonem uno capite esse contentum? Dic mihi praetere",0.7,,pending,
2714,quae,quae,,quae appellatur a,"nt, praecipue multis multa tribuunt, et est in ipsis magnus dilectus hominum et dignitatum -, eaque","equabilitas iniquissima est: cum enim par habetur honos summis et infimis, qui sint in omni populo n",0.7,,pending,
2715,eo,eo,,eo appellatur quia,"nes singulos esse voluerunt, quorum ipsum nomen vim suae potestatis indicat. nam dictator quidem ab","dicitur, sed in nostris libris vides eum Laeli magistrum populi appellari.' (Laelius) 'video' inqui",0.7,,pending,
2716,volgo,volgo,,volgo appellatur a,"Veneriis voluptatibus, sic flagitiosi, qui eas inflammato animo concupiscunt. Totus vero iste, qui","mor - nec hercule invenio, quo nomine alio possit appellari -, tantae levitatis est, ut nihil videam",0.7,,pending,
2717,testibus,testibus,,testibus dictum quod,mnibus nullum esset in quo quisquam vestrum perpetuam accusationem requireret. Nego esse quicquam a,aut vestrum cuipiam esset obscurum aut cuiusquam oratoris eloquentiam quaereret. Etenim sic me ipsu,0.7,,pending,
2718,esse,esse,,esse dictum quod,apud te de Cleomenis salute quam de sua vita lacrimas matris valere. [113] Deinde etiam illud video,", si recte vos populus Romanus cognovit, non falso ille de vobis iam in morte ipsa praedicavit, non",0.7,,pending,
2719,qui,qui,,qui appellatur A,dae Leptogeneseos apocryphus Centonem de Christo virgilianis conpaginatum versibus apocryphum Liber,ctus Theclae et Pauli apocryphus Liber qui appellatur Nepotis apocryphus Liber Proverbiorum ab heret,0.7,,pending,
2720,quae,quae,,quae appellatur A,"appellatur Clesma; desiderii ergo fuit, ut de Clesma ad terram Gesse exiremus, id est ad civitatem,","rabia, quae civitas in terra Gesse est; nam inde ipsum territorium sic appellatur, id est terra Arab",0.7,,pending,
2721,quae,quae,,quae appellatur A,"et pars quaedam fluminis Nili ibi currit. 9. Ac sic ergo exeuntes de Hero pervenimus ad civitatem,","rabia, quae est civitas in terra Iesse, unde scriptum est dixisse Pharaonem ad Ioseph: «in meliori t",0.7,,pending,
2722,eorum,eorum,,eorum in Etruria,"acra alite adiutus, tulit spolia; et inde Corvini. Nec non tamen post aliquod annos omnis reliquias","ad lacum Vadimonis Dolabella delevit, ne quis exstaret ex ea gente, quae incensam a se Romanam urbe",0.7,,pending,
2723,profectus,profectus,,profectus in Etruria,"a curatione ipsa rescinderentur. Ergo cum turbidis concionibus velut classico civitatem terruisset,",m arma inde et exercitum urbi admovebat. Sed iam Mulvium pontem collemque Ianiculum Lutatius Catulus,0.7,,pending,
2724,Manlio,manlio,,Manlio in Etruria,eque palam ac professo incendium suum restincturum ruina minaretur. Et ille quidem ad praeparatum a,exercitum proficiscitur signa inlaturus urbi. Lentulus destinatum familiae suae Sibyllinis versibus,0.7,,pending,
2725,inventore,inventore,,inventore appellatur A,"t auxilio, aliam aquam eiusdem bonitatis opere subterraneo perduxit usque ad Marciae rivum, quae ab","ugusta. Nascitur ultra fontem Marciae. Cuius ductus donec Marciae accedat, efficit passus octingento",0.7,,pending,
2726,capta,capta,,capta ab Etruscis,"is contraxit aciem et sine iactura suorum cecidit aversos. Cn. Manlius consul, cum ex acie reversus","Romanorum castra invenisset, omnibus portis statione circumdatis inclusos hostes in eam rabiem effe",0.75,,pending,
2727,Romanorum,romanorum,,ab Etruscis Romanorum,"traxit aciem et sine iactura suorum cecidit aversos. Cn. Manlius consul, cum ex acie reversus capta","castra invenisset, omnibus portis statione circumdatis inclusos hostes in eam rabiem efferavit, ut",0.7,,pending,
2728,quae,quae,,quae appellatur a,"itur, modo cum periculo. 163. Namque si arbitrum postulauerit is, cum quo agitur, accipit formulam,","rbitraria, et iudicis arbitrio si quid restitui uel exhiberi debeat, id sine periculo exhibet aut re",0.7,,pending,
2729,novum,novum,,novum appellatur a,"los, dicit Dominus; dabo legem meam in visceribus eorum et in corde eorum scribam eam"". En et fedus","propheta lex ipsa spiritalis, que scribenda erat in suo tempore in libro cordium humanorum non liqu",0.7,,pending,
2730,totum,totum,,totum appellatur a,". Tunc enim potest recusari, nisi datus sit de partium consensu. Abbas. Ò § 2. A subdelegato non in","d subdelegantem, non autem ad primum delegantem; secus si in totum. H. d. usque ad § Quem vero. Ò §",0.7,,pending,
2731,idcirco,idcirco,,idcirco appellatur quia,"ihil minus continet, sed semel et simul omnia intuetur praeterita, praesentia et futura. Vivax mens",quod semel in divina fuerit ratione nulla umquam oblivione aboletur. [751B] primaeva ratio rerum es,0.7,,pending,
2732,venientes,venientes,,venientes in Etruria,"crates, Asclepio patre genitus in insula Coo. ludi a Lydis initium sumpsisse creduntur, qui ex Asia","consederunt sub Tyrreno duce, ibique inter ceteros superstitionum suarum ritus spectacula instituer",0.7,,pending,
2733,qui,qui,,qui appellatur A,vel Genesis apocryphus. Centimetrum de Christo Vergilianis compaginatum versibus apocryphum. liber,ctus Theclae et Pauli apocryphus. liber qui appellatur Nepotis apocryphus. liber Proverbiorum ab hae,0.7,,pending,
2734,augustus,augustus,,augustus appellatur a,"et invidorum consilio fultus, fraude interficit circumventum. Romanorum XLV, SEVERUS a senatu Romae",nno imperii Leonis quinto. VI. I. (Olymp. CCCXI.) Suniericus redit ad Gallias. Nepotianus Theudorico,0.7,,pending,
2735,eorum,eorum,,eorum in Etruria,iutus rettulit spolia dictusque est ipse Corvinus. Nec non tamen post aliquod annos omnes reliquias,"ad lacum Vadi montis Dolabella delevit, ne quis extaret ex ea gente quae incensam a se Romanam urbe",0.7,,pending,
2736,est,est,,est vocata quia,i. Exceptis enim Latinis hanc nulla alia lingua habet. Haec prius non erat. Vnde et ipsa supervacua,"per C cuncta veteres scripserunt. [14] X littera usque ad Augusti tempus nondum apud Latinos erat,",0.75,,pending,
2737,ita,ita,,ita vocata quod,"ricus conposuit. [8] A frequentatoribus, ut Asclepiadia. Non enim ea Asclepius invenit, sed proinde","ea idem elegantissime [et frequentissime] usus sit. [9] A rebus quae scribuntur, ut heroicum, elegi",0.75,,pending,
2738,Iscurra,iscurra,,Iscurra vocatur quia,"152] Investis, id est sine veste; nondum enim habet stolam; quod est signum maritalis virginitatis.","causa escae quempiam consectatur. K [153] Katholicus, universalis: Graecum enim est. Karus Graecum",0.75,,pending,
2739,Sicarius,sicarius,,Sicarius vocatur quia,"et asperi. Scrupo est enim arena durior. Sacrilegus dicitur ab eo quod sacra legit, id est furatur.","ad perpetrandum scelus telis armatus est. Sica enim gladius est, a secando vocatus. [253] Scaevus,",0.75,,pending,
2740,autem,autem,,autem appellata a,"] Senex autem tantum masculini generis est, sicut anus feminini; nam anus dicitur sola mulier. Anus","multis annis, quasi annosa. Nam si commune esset nomen, cur diceret Terentius (Eun. 357): 'senem mu",0.7,,pending,
2741,ita,ita,,ita vocata quia,distant. Sunt enim in facie producta barba et lata cauda. [34] Leontophonos bestia modica; et ex eo,"capta exuritur, eiusque cinere aspersae carnes et positae per conpita semitarum leones necant, si q",0.75,,pending,
2742,ita,ita,,ita vocata quod,"um nutrit, sicque iterum de cincribus suis resurgit. [23] Cinnamolgus et ipsa Arabiae avis, proinde",in excelsis nemoribus texit nidos ex fruticibus cinnami: et quoniam non possunt ibi homines conscen,0.75,,pending,
2743,vulgo,vulgo,,vulgo appellatur a,"vis, unde et nuncupatus; rapacissimus tamen et semper domesticis avibus insidiator. [59] Ossifragus",vis quae ossa ab alto dimittit et frangit. Vnde et a frangendo ossa nomen accepit. [60] Turtur de vo,0.7,,pending,
2744,Tonitruum,tonitruum,,Tonitruum dictum quod,"emque faciunt; unde est illud (Virg. Aen. 5,20): Atque in nubem cogitur aer. VIII. DE TONITRVO. [1]",sonus eius terreat; nam tonus sonus. Qui ideo interdum tam graviter concutit omnia ita ut caelum di,0.7,,pending,
2745,Grando,grando,,Grando appellata quod,"e et Lucretius (1,715): Ex igni, terra atque anima nascuntur et imbri. Est autem nomen Graecum. [5]","forma eius granorum similitudinem habeat. Haec autem ventorum rigore durantur in nube, ac solidantu",0.7,,pending,
2746,Aqua,aqua,,Aqua dicta quod,"ventos quam fulmina alata fingunt poetae, ut (Virg. Aen. 8,430): Alitis Austri. XII. DE AQVIS. [1]","superficies eius aequalis sit; hinc et aequor appellatum, quia aequaliter sursum est. [2] Duo autem",0.7,,pending,
2747,magnum,magnum,,magnum appellatur quia,"est quod ab occasu ex Oceano fluit et in meridiem vergit, deinde ad septentrionem tendit; quod inde","cetera maria in conparatione eius minora sunt. Iste est et Mediterraneus, quia per mediam terram us",0.7,,pending,
2748,Charybdis,charybdis,,Charybdis dicta quod,"mam hominis capitibus caninis succinctam, quia conlisi ibi fluctus latratus videntur exprimere. [5]","gurgitibus occultis naves obsorbeat; est enim mare verticosum, et inde ibi laniata naufragia profun",0.7,,pending,
2749,Diluvium,diluvium,,Diluvium dictum quod,"a sunt, quaedam vero, quae non erant, abyssi tunc ruptis meatibus eruperunt. XXII. DE DILVVIIS. [1]","aquarum clade omnia quae inundaverit deleat. [2] Primum diluvium extitit sub Noe, quando hominum sc",0.7,,pending,
2750,Palaestinae,palaestinae,,Palaestinae vocata quod,ens in terra Agrabath. Situs eius natura consimili nec ullo differens a Iudaea. [23] Galilaea regio,"gignat candidiores homines quam Palaestina. Haec autem duplex est, superior et inferior, sibi tamen",0.75,,pending,
2751,Italiae,italiae,,Italiae dicta quod,"minata. Est enim in iugis Appennini montis sita, in parte Italiae iuxta meridiem. [22] Etruria pars","eius fines tendebantur usque ad ripam Tiberis, quasi ETEROURIA. Nam ETERON significat alterum, OROS",0.7,,pending,
2752,Libya,libya,,Libya dicta quod,"as, et ultra vel quod ultima vel quod non sit post hanc ulla, hoc est alia, terra. V. DE LIBYA. [1]","inde Libs flat, hoc est Africus. Alii aiunt Epaphum Iovis filium, qui Memphin in Aegypto condidit,",0.7,,pending,
2753,autem,autem,,autem vocata quod,"um in ius suum Romani vincendo redigerent, procul positas regiones provincias appellaverunt. Patria","communis sit omnium, qui in ea nati sunt. [20] Terra autem significari, ut praediximus (13,3,1), el",0.75,,pending,
2754,Graece,graece,,Graece dicta quod,"] Abydos insula in Europa super Hellespontum posita, angusto et periculoso mari separata, et ABUDOS","sit introitus Hellesponti maris, in quo Xerxes pontem ex navibus fecit, et in Graeciam transiit. [1",0.7,,pending,
2755,autem,autem,,autem vocata quod,"Cytherea insula una ex Cycladibus a parte occidua sita, cuius Porphyris antea nomen fuit. Cytherea","ibi Venus sit orta. [26] Icaria insula una de Cycladibus, quae Icario mari nomen dedit. Haec inter",0.75,,pending,
2756,Hispaniae,hispaniae,,Hispaniae dicta quod,"is angulosa, gignens laetissima pabula et lapidem quem catochiten Graeci vocant. [43] Ebosus insula","a Zanio non procul sit, quasi abozus; nam septuaginta stadiis ab ea distat. Cuius terram serpentes",0.7,,pending,
2757,Deserta,deserta,,Deserta vocata quia,"a conlucendo crebris luminibus dici, quae ibi propter religionem gentilium cultumque fiebant. [31]","non seruntur et ideo quasi deseruntur; ut sunt loca silvarum et montium, contraria uberrimarum terr",0.75,,pending,
2758,notatum,notatum,,litteris Tuscis notatum,"aiunt, cum Tarquinius Priscus Capitolii fundamenta Romae aperiret, in loco fundamenti caput hominis","invenit, et proinde Capitolium appellavit. [32] Arces sunt partes urbis excelsae atque munitae. Nam",0.85,,pending,
2759,Macellum,macellum,,Macellum dictum quod,"ulis lignisque erant constructae, quae nunc et si non speciem, nomen tamen pristinum retinent. [44]",ibi mactentur pecora quae mercantibus venundantur. [45] Mercatum autem a conmercio nominatum. Ibi e,0.7,,pending,
2760,Cella,cella,,Cella dicta quod,". KLINE enim Graece lectus vel adcubitus dicitur, ex quo confectum est ut triclinium diceretur. [9]","nos occultat et celat. Cubiculum vero, quod eo cubamus ibique dormientes requiescimus. Cubile autem",0.7,,pending,
2761,Analogium,analogium,,Analogium dictum quod,"niversi exaudire possint. Alias tribunal a tribu denominatum, quod ad illud tribus convocetur. [17]",sermo inde praedicetur; nam LOGOS Graece sermo dicitur; quod et ipsud altius situm est [ut in eo le,0.7,,pending,
2762,Fundamentum,fundamentum,,Fundamentum dictum quod,prius quam domum ingrediamur; postes eo quod post ostium stent. VIII. DE PARTIBVS AEDIFICIORVM. [1],"fundus sit domui. Idem et caementum a caedendo dictum, quod caeso crasso lapide surgat. [2] Paries",0.7,,pending,
2763,Capitolia,capitolia,,Capitolia dicta quod,"s est earum quae vocantur Atticae, quaternis angulis aut amplius, paribus laterum intervallis. [15]","sint columnarum capita, sicut super collum caput. Epistolia sunt quae super capitella columnarum po",0.7,,pending,
2764,Volutabra,volutabra,,Volutabra appellata quod,"e. Lutum vocatum quidam per antiphrasin putant, quod non sit mundum; nam omne lotum mundum est. [5]",ibi apri volutentur. Vligo sordes limi vel aquae sunt. Sabulum levissimum terrae genus. [6] Argilla,0.7,,pending,
2765,crepido,crepido,,crepido vocata quod,"LAIA Graece, speluncae Latine. Est autem rupis cavata. [3] Crepido extremitas saxi abrupta; unde et","sit abrupti saxi altitudo, sicut 'haeret pede pes densus' (Virg. Aen. 10,361); unde et vocatur. Cau",0.75,,pending,
2766,Chalcosmaragdus,chalcosmaragdus,,Chalcosmaragdus dicta quod,"similes notas habent. Smaragdi autem mero et viridi proficiunt oleo, quamvis natura inbuantur. [3]",viridis sit et turbida aereis venis. Haec in Aegypto vel Cypro insula nascitur. [4] Prasius pro vir,0.7,,pending,
2767,Myrrhites,myrrhites,,Myrrhites dicta est quod,"e profundo petat, et carinis ita tenaciter adhaereat ut nisi abrasa parte ligni vix separetur. [14]",in ea myrrhae color est. Conpressus autem usque ad calorem nardi spirat suavitatem. Aromatitis repe,0.7,,pending,
2768,Onyx,onyx,,Onyx appellata quod,"aec rubrum habet colorem marmoribus praestans, sed inter gemmas vilissima. Genera eius quinque. [3]",habeat in se permixtum candorem in similitudinem unguis humanae. Graeci enim unguem ONUCHAdicunt. H,0.7,,pending,
2769,Melichrysus,melichrysus,,Melichrysus dicta quod,ris habet quadrulas. Gignitur in Persida. [6] Leucochrysus colore aureo interveniente candida vena.,"veluti per aurum (sincerum mel), sic haec gemma transluceat. [7] Chrysocolla gignitur in India, ubi",0.7,,pending,
2770,Vitrum,vitrum,,Vitrum dictum quod,"tem non translucidas gemmas caecas appellari, eo quod densitate sua obscurentur. XVI. DE VITRO. [1]",visui perspicuitate transluceat. In aliis enim metallis quidquid intrinsecus continetur absconditur,0.7,,pending,
2771,aurum,aurum,,aurum dictum quod,"fulgeat luce alia repercussus. Hinc et aurarii dicti, quorum fulgor splendiosus reddit. [2] Obryzum","obradiet splendore; est enim coloris optimi, quod Hebraei 'ophaz', Graeci KIRRON dicunt. Brattea di",0.7,,pending,
2772,vivum,vivum,,vivum dictum quod,"Cui mirum in modum illud ut, dum candidum sit, inpressum corpori liness nigras reddat. [2] Argentum","excidat materias in quibus inicitur; hoc et liquidum, quia percurrit. Invenitur specialiter in meta",0.7,,pending,
2773,Aurichalcum,aurichalcum,,Aurichalcum dictum quod,"pide aeroso, quem cadmiam vocant; et est ductile. Huic si addatur plumbum, colore purpureo fit. [3]",et splendorem auri et duritiam aeris possideat. Est autem nomen compositum ex lingua Latina et Grae,0.7,,pending,
2774,Ferrum,ferrum,,Ferrum dictum quod,"tque ita distillantibus, quodex eo cecidit in ipsum acetum teritur et cribratur. XXI. DE FERRO. [1]","farra, id est semina frugum, terrae condeat. Idem et chalybs a Chalybe flumine, ubi ferrum optima a",0.7,,pending,
2775,Plumbum,plumbum,,Plumbum dictum quod,"menta non vitiat, si eadem medulla cervina vel cerussa mixta rosaceo unguitur. XXII. DE PLVMBO. [1]","ex eo primum pilis factis maris altitudo temptata est. Huius duo genera sunt, nigrum et candidum; s",0.7,,pending,
2776,Vncia,vncia,,Vncia dicta quod,"in litteris divinis legatur siclus, uncia est; cum vero in gentilium, quarta pars unciae est. [19]","universitatem minorum ponderum sua unitate vinciat, id est conplectat. Constat autem dragmis octo,",0.7,,pending,
2777,Amphora,amphora,,Amphora vocata quod,"s vel 'bata' nominatur, capiens quinquaginta sextaria; quae mensura una molae vice proteritur. [13]","hinc et inde levetur. Haec Graece a figura sui dicta dicitur, quod eius ansae geminatae videantur a",0.75,,pending,
2778,Hordeum,hordeum,,Hordeum dictum quod,"tur. [9] Alica Graecum nomen est. Alicastrum simile est alicae, pondere et bonitate praecipua. [10]","prae ceteris generibus frumenti ante fiat aridum, vel quod spica eius ordines habeat. Horum tria ge",0.7,,pending,
2779,Panicium,panicium,,Panicium dictum quod,ius in incrementum frugis centesimum renascatur. Hinc et milium a multitudine fructus vocatum. [13],"multis in regionibus ex eo panis vice homines sustententur, quasi panivicium. Pistum a pasto. Sisam",0.7,,pending,
2780,Arista,arista,,Arista appellata quod,"per culmi folliculum, id est extremum tumorem, aristae adhuc tenues in modum spiculi eminent. [16]",prius ipsa arescat. Culmus est ipse calamus spicae qui a radicibus nascitur: et dictus culmus quasi,0.7,,pending,
2781,Lentis,lentis,,Lentis vocata quod,"yptia. [4] Faba fresa dicta eo quod ea homines fredant, id est frangant, et molendo conminuant. [5]","humida et lenta est, vel quod adhaeret humi. [6] Faselum autem et cicer Graeca nomina sunt. Sed fas",0.75,,pending,
2782,Vicia,vicia,,Vicia dicta quod,". Haec semel seritur et decem annis permanet, ita ut quater vel sexies possit per annum recidi. [9]","vix ad triplicem perveniat fructum, cum alia legumina proventum habeant fertilem: unde et Vergilius",0.7,,pending,
2783,Vitis,vitis,,Vitis dicta quod,autem inventorem vitis Liberum appellari: unde et eum gentiles post mortem deum esse voluerunt. [2],vim habeat citius radicandi. Alii putant vites dictas quod invicem se vittis innectant vicinisque a,0.7,,pending,
2784,Radix,radix,,Radix appellatur quod,ant virgultas vel umbras; sunt autem causa umbrarum. Oculi nodi sunt ex quibus frondes exeunt. [14],quasi radiis quibusdam fixa terris in profunda dimergitur. Nam physici dicunt parem esse altitudine,0.7,,pending,
2785,virgultum,virgultum,,virgultum appellatur quod,"est quod de radice pullulat; ramus, qui de ipso robore arboris; virga, quae de ramis. Proprie autem","ad radicem arboris nascitur et quasi inutile ab agricolis amputatur. Et hinc dictum virgultum, quia",0.7,,pending,
2786,Graecis,graecis,,Graecis dictum quod,lla potius victores coronantur. Sola quoque haec arbor vulgo fulminari minime creditur. [3] Malum a,sit fructus eius pomorum omnium rotundissimus: unde et haec sunt vera mala quae vehementer rotunda,0.7,,pending,
2787,ita,ita,,ita appellata quod,"at, quod et medici et scriptores utuntur. [11] Oleomela nascitur in Palmyra, Syriae civitate; ex eo","ex trunco oleum defluat in crassitudine mellis, sapore suavi. [12] ›Pomelida› sorbo similis, medioc",0.7,,pending,
2788,putant,putant,,putant dictum quod,es quibus innascitur carpit; rumpit enim et prodit ex latebris quibus concepta est. Alii caprificum,"ficus arbor eius remedio fecundetur. [19] Morus a Graecis vocata, quam Latini rubum appellant, eo q",0.7,,pending,
2789,Nux,nux,,Nux appellata quod,"folia similis moro. Hanc Latini celsam appellant ab altitudine, quia non est brevis, ut morus. [21]",umbra vel stillicidium foliorum eius proximis arboribus noceat. Hanc alio nomine Latini iuglandem v,0.7,,pending,
2790,Abies,abies,,Abies dicta quod,"sit arboris. Pinus creditur prodesse cunctis quae sub ea seruntur, sicut ficus nocere omnibus. [32]","prae ceteris arboribus longe eat et in excelsum promineat. Cuius natura expers est terreni humoris,",0.7,,pending,
2791,Alnus,alnus,,Alnus vocatur quod,oloribus inpar. [41] Robur autem generaliter dicitur ex omni materia quidquid est firmissimum. [42],"alatur amne; proxime enim aquae nascitur, nec facile extra undas vivit. Hinc [et] tenera et mollis,",0.75,,pending,
2792,Populus,populus,,Populus dicta quod,"st, ex qua tabulae tegulis adfixae flammam repellunt, neque ex se carbonem ambustae efficiunt. [45]","ex eius calce multitudo nascatur. Cuius genus duplex est: nam altera est alba, altera nigra. Alba a",0.7,,pending,
2793,Salix,salix,,Salix dicta quod,d utilis sit ad usum telorum nitore et levitate iaculandi: est enim genus materiae levissimae. [47],"celeriter saliat, hoc est velociter crescat, arbor lenta, vitibus habilis vinciendis. Cuius seminis",0.7,,pending,
2794,enim,enim,,enim appellatur a,"omnium resinarum praestantiorem. [53] Buxus Graecum nomen est, ex parte a Latinis corruptum; PUKSOS",pud eos. Arbor semper virens et levitate materiae elementorum apicibus apta. Vnde et Scriptura (Isai,0.7,,pending,
2795,Et,et,,Et appellatur a,"ne veluti in pulverem resolutum, et cum frangitur, intus pingue et igni adpositum facile ardescens.","pud nos masculum, eo quod sit natura rotundum in modum testiculorum. Reliquum planum et pene scabros",0.7,,pending,
2796,autem,autem,,autem dicta quod,"calamites, pinguis, resinosa, odoris iucundi, humecta et veluti mellosum liquorem emittens. Storax","sit gutta arboris profluens et congelata. Nam Graeci stiriam guttam dicunt, Graece autem STURAKS, L",0.7,,pending,
2797,Cinnamomum,cinnamomum,,Cinnamomum dictum quod,i. Denique lignum ipsius vice thymiamatum altaribus adoletur; unde et nomen traxisse creditur. [10],cortex eius in modum cannae sit rotundus et gracilis. Gignitur autem in Indiae et Aethiopiae region,0.7,,pending,
2798,Folium,folium,,Folium dictum quod,anationem. Non tamen omnium herbarum etymologiam invenies. Nam pro locis mutantur etiam nomina. [2],sine ulla radice innatans in Indiae litoribus colligatur. Quod lino perforatum siccant Indi atque r,0.7,,pending,
2799,Hedera,hedera,,Hedera dicta quod,"ulto; [21] in cuius imitatione arte vestis ornatur, quae acanthina dicitur; et acanthis dicta. [22]","arboribus reptando adhaereat. De qua Vergilius (Ecl. 8,13): Inter victrices hederam tibi serpere la",0.7,,pending,
2800,eo,eo,,eo dicta quod,lorum graminum usque adeo celebris est ut noxias herbas aconita illinc nominemus. Nam toxica venena,"ex arboribus taxeis exprimitur, maxime apud Cantabriam. [26] Euphorbium dictum quod eius sucus ocul",0.7,,pending,
2801,Euphorbium,euphorbium,,Euphorbium dictum quod,"nemus. Nam toxica venena eo dicta quod ex arboribus taxeis exprimitur, maxime apud Cantabriam. [26]",eius sucus oculorum acuat visum. Cuius vis tanta est ut duris carnibus superadiecta citius coqui co,0.7,,pending,
2802,Mandragora,mandragora,,Mandragora dicta quod,"haerentes eiciunt. Hanc quidam Latinorum puleium Martis dicunt, propter belli tela excutienda. [30]","habeat mala suaveolentia, in magnitudinem mali Matiani: unde et eam Latini malum terrae vocant. Han",0.7,,pending,
2803,eo,eo,,eo dicta quod,"S, quia locis humectis nascitur. Eadem et fel terrae propter amaritudinem. [34] Glycyriza Graece ex","dulcem radicem habeat; GLUKU enim Graece dulce dicunt. Eadem ADIPSOS, quia sitientibus sitim sedat.",0.7,,pending,
2804,autem,autem,,autem dictum quod,"um, illud quod trans Danubium in solo barbarico, istud quod circa Pontum colligitur, nominatum. Reu","sit radix, quasi radix barbara, quasi radix Pontica. [41] Hyoscyamos a Graecis dicta, a Latinis her",0.7,,pending,
2805,Saxifraga,saxifraga,,Saxifraga vocata quod,"ni imaginem turbidam. Hanc vulgus milimindrum dicit, propter quod alienationem mentis inducit. [42]","semen eius petras in vesica frangat atque conminuat. Gentiana nomen sumpsit, ut medici memorant, ab",0.75,,pending,
2806,eo,eo,,eo vocata quod,"t, quos Graeci ORCHEIS vocant. Idem et leporina, propter quod caulem mollem emittat. [44] Vrtica ex","tactus eius corpus adurat. Est enim igneae omnino naturae et tactu perurit, unde et pruriginem faci",0.75,,pending,
2807,Graece,graece,,Graece dicta quod,"e a gentibus consecrata est, unde et nuncupata; Graece enim Diana ARTEMIS dicitur. [46] Chamaemelos",mali Matiani odorem habeat sitque brevis terraeque vicina. [47] Chamaedrys a Graecis appellata quod,0.7,,pending,
2808,Graecis,graecis,,Graecis appellata quod,elos Graece dicta quod mali Matiani odorem habeat sitque brevis terraeque vicina. [47] Chamaedrys a,"sit brevis et per terram strata et minuta foliis parvissimis. [48] Paeon quidam medicus fuit, a quo",0.7,,pending,
2809,Psyllios,psyllios,,Psyllios dicta quod,"icitur, quod vere primo senescat: unde et eam Latini senicionem vocant. Nascitur per macerias. [54]",semen simile pulicis habeat: unde et eam Latini herbam pulicarem vocant. [55] Hierobotane ideo a Gr,0.7,,pending,
2810,Splenos,splenos,,Splenos dicta quod,"am quidam herbam lanariam vocant, eo quod plerique lanam ex ea lavent. Nascitur [in] locis cultis. [","splenem auferat.] [57] Cimicia, propter similitudinem cimicis dicta: unde et eam Greci KORION vocav",0.7,,pending,
2811,Citocacia,citocacia,,Citocacia vocata quod,"ic contraria atque falsa ex Syria vel Iudaea. [65] Daucos, foliis feniculi similis thyrso bipalmis.",ventrem cito depurgat; quam vulgus corrupte citocociam vocant. [66] Lappa dicta quod habeat caulem,0.75,,pending,
2812,Lappa,lappa,,Lappa dicta quod,bipalmis. Citocacia vocata quod ventrem cito depurgat; quam vulgus corrupte citocociam vocant. [66],"habeat caulem ingentem per terram dispositam. [67] Haec herba a Graecis FILANTHROPOS vocatur, quod",0.7,,pending,
2813,Rubia,rubia,,Rubia dicta quod,", vel quod sit virgulis nigris lenibus cum splendore quasi capilli. Nascitur in aquosis locis. [68]","radix eius sit rubra, unde et colorare lanas perhibetur. [69] Anchusa, cuius radix contrita digitos",0.7,,pending,
2814,Graece,graece,,Graece dicta quod,"vocant, ab eo quod ad lychnia facit. Eadem et lucubros, quod lucem praebeat umbris. [74] Pyrethron","habeat radicem incendiosam atque coacervantem. [75] Althaea malva agrestis, sive malvaviscus; sed a",0.7,,pending,
2815,Graecis,graecis,,Graecis dicta quod,"rstitio gentilium dicit quod, si integra ad limen suspendatur, omnia mala fugat. [86] Chamaepitys a","terrae adhaereat et odorem pini habeat. Hanc Latini cucurbitularem vocant, quod ex parte odorem cuc",0.7,,pending,
2816,Asplenos,asplenos,,Asplenos dicta quod,"rem vocant, quod ex parte odorem cucurbitae referat. Staphysagria nascitur [in] locis amoenis. [87]","splenem auferat; sive scolopendrios, eo quod folia ipsius scolopendro animali sint similia. Nascitu",0.7,,pending,
2817,Latinis,latinis,,Latinis appellata quod,"similiter habens, quae in maturitate nigrescunt, unde et vocabulum sumpsit. [92] Viticella herba a","sicut vitis quidquid proximum habuerit, adprehendat corymbis, quos anulos appellamus. [93] Bupthalm",0.7,,pending,
2818,Papyrum,papyrum,,Papyrum dictum quod,iendo ferulam dicunt. Ad hanc enim pueri et puellae vapulare solent: huius sucus galbanum est. [96],igni et cereis est aptum; PUR enim Graeci ignem dicunt. Iuncus [eo quod iunctis radicibus haereat].,0.7,,pending,
2819,Faenum,faenum,,Faenum dictum quod,"ium. [106] Zizania, quam poetae semper infelix lolium dicunt, quod sit inutile et infecundum. [107]",eo flamma nutritur; FOS enim flamma est. Manipulum dicimus fascem faeni: et dictum manipulum quod m,0.7,,pending,
2820,vocabulo,vocabulo,,vocabulo appellatur A,"est enim summitas olerum vel arborum, in qua vegens virtus naturalis est. [5] Malva ex parte Graeco","PO TOUMALASSEIN, eo quod molliendi alvum solvendique naturam habeat. Cuius sucus, si quis se oleo mi",0.7,,pending,
2821,Pastinaca,pastinaca,,Pastinaca vocata quod,s negatur feriri. Folia eius ex oleo trita et inposita scorpionibus creduntur afferre torporem. [6],"eius radix praecipuus pastus sit hominis: est enim odoratu iucunda, cibo delectabilis. [7] Rapa dic",0.75,,pending,
2822,Lactuca,lactuca,,Lactuca dicta est quod,contra acceptum venenum. Vnde et apud veteres ante alias epulas haec solebant mensis adponere. [11],"abundantia lactis exuberet, seu quia lacte nutrientes feminas inplet. Haec et in viris Veneris usum",0.7,,pending,
2823,Alium,alium,,Alium dictum quod,"3] Ascalonia nuncupata ex una urbium Palaestinae quae Ascalon dicitur, unde prius advecta est. [14]","oleat. Vlpicum appellatum quod alii odorem habeat. Phaselos vocari aiunt a Phaselo insula Graeciae,",0.7,,pending,
2824,Apium,apium,,Apium dictum quod,"ra agrestis, acrioris virtutis; utraque tamen Veneris commovent usum. XI. DE ODORATIS OLERIBVS. [1]","eo apex, id est caput, antiquorum triumphantium coronabatur. Hercules autem hanc herbam primus capi",0.7,,pending,
2825,Hipposelinon,hipposelinon,,Hipposelinon dictum quod,"Graece apium dicitur. Sed est summum ac probabile Macedonicum, gustu suave et odore aromatico. [3]","sit durum et austerum. Oleoselinon, quod mollius folio et caule tenerum. [4] Feniculum Latini vocan",0.7,,pending,
2826,Ruta,ruta,,Ruta dicta quod,"dederis, amentiam nutrit. Canos etiam ex coriandro infici traditum est. Abrotanum. Caerefolium. [8]",sit ferventissima. Cuius altera agrestis atque virtute acrior; sed utraque ferventissimae conproban,0.7,,pending,
2827,bellum,bellum,,bellum vocatur quod,"stationem, quam terra marique diu egerant, mira celeritate conpressit ac superavit. [6] Sicut autem","contra hostes agitur, ita tumultus quod civili seditione concitatur. Nam seditio est dissensio civi",0.75,,pending,
2828,Victoria,victoria,,Victoria dicta quod,"dies otia. II. DE TRIVMPHIS. [1] Omne regnum saeculi huius bellis quaeritur, victoriis propagatur.","vi, id est virtute, adipiscatur. Hoc est enim ius gentium, vim vi expellere. Nam turpis est dolo qu",0.7,,pending,
2829,transvenas,transvenas,,transvenas in Etruria,"icra nuncupata, quod in ludis gerantur aut in cenis. [2] Ludorum origo sic traditur: Lydios ex Asia","consedisse duce Tyrreno, qui fratri suo cesserat regni contentione. Igitur in Etruria inter ceteros",0.7,,pending,
2830,Igitur,igitur,,Igitur in Etruria,"s ex Asia transvenas in Etruria consedisse duce Tyrreno, qui fratri suo cesserat regni contentione.",inter ceteros ritus superstitionum suarum spectacula quoque religionis nomine instituerunt. Inde Ro,0.7,,pending,
2831,gladiatorium,gladiatorium,,gladiatorium dictum quod,"II. DE AMPHITHEATRO. [1] Amphitheatrum locus est spectaculi, ubi pugnant gladiatores. Et inde ludum","in eo iuvenes usum armorum diverso motu condiscant, et modo inter se aut gladiis aut pugnis certant",0.7,,pending,
2832,nomen,nomen,,nomen vocatur quod,"nisterium exhibent, atque aliquid huiuscemodi deinceps ex parte notanda studui. [2]Artifex generale","artem faciat, sicut aurifex qui aurum [facit]. Faxo enim pro facio antiqui dicebant. [3] Nauclerus",0.75,,pending,
2833,Fundamentum,fundamentum,,Fundamentum dictum quod,"t instaurare dicebant. [2] Constat autem constructio fundamento, lapidibus, calce, arena et lignis.","fundus sit aedificii. Idem et caementum a caedendo dictum, quod caeso crasso lapide surgat. [3] Lap",0.7,,pending,
2834,Capitolia,capitolia,,Capitolia dicta quod,positae fabricae sustinent pondus. [23] Basis autem nomen petrae est fortissimae Syro sermone. [24],"sint columnarum capita, quasi super collum caput. Epistolia sunt, quae super capitella columnarum p",0.7,,pending,
2835,Rubrica,rubrica,,Rubrica vocata quod,"inde nomen a Sinope urbe accepit. Species eius tres: rubra et minus rubens, et inter has media. [4]","sit rubra et sanguineo proxima. Haec plurimis locis gignitur, sed optima Ponto; unde et Pontica dic",0.75,,pending,
2836,Atramentum,atramentum,,Atramentum dictum quod,"purpurariis officinis, spuma in aereis cortinis innatans, quam infectores detrahentes siccant. [17]","sit atrum, cuius species et picturae et cottidiano usui necessaria est; iste inter facticios est. F",0.7,,pending,
2837,Melinum,melinum,,Melinum dictum quod,rit. [20] Omne autem atramentum sole perficitur: omnes colores calcis admixtione conrumpuntur. [21],"eius metalli ferax sit una ex Cycladibus insula Melos nomine. Est enim candidum, nec utuntur eum pi",0.7,,pending,
2838,Regula,regula,,Regula dicta quod,rassitudine politas extremis cacuminibus sibi iungit ut schemam trigoni faciant. Id erit norma. [2],"sit recta, quasi rectula, et inpedimentum non habeat. Perpendiculum est quod semper adpenditur. Den",0.7,,pending,
2839,Scobina,scobina,,Scobina dicta quod,"quod ut vermis terendo forat, quasi terefora; vel quasi transforans. Taratrum, quasi teratrum. [15]","haerendo scobem faciat. Cant[h]erium. Guvia, XX. DE INVENTIONE LANIFICII. [1] Minervam quandam gent",0.7,,pending,
2840,antiquissima,antiquissima,,antiquissima appellata quia,"ntur, pro eo quod eisdem iuvenes, qui nudi exercentur in campo, pudenda operiunt. [6] Tonica vestis","in motu incedentis sonum facit; tonus enim sonus est. Primum autem fuere pelliciae tunicae, quibus",0.7,,pending,
2841,Lumbare,lumbare,,Lumbare vocatur quod,"hoc utebantur. Levitonarium est colobium lineum sine manicis, quale Aegyptii monachi utuntur. [25]","lumbis religetur, vel quod lumbis haereat. Hoc in Aegypto et Syria non tantum feminae sed et viri u",0.75,,pending,
2842,vulgo,vulgo,,vulgo vocata quod,"textura eius ligata sit in totum; quasi diceret liginum, C pro G littera commutata. [28] Armilausa","ante et retro divisa atque aperta est, in armos tantum clausa; quasi armiclausa, C littera ablata.",0.75,,pending,
2843,Toga,toga,,Toga dicta quod,"ui ex una parte induitur, neque consuitur, sed fibula infrenatur. Hinc et Graece nomen accepit. [3]","velamento sui corpus tegat atque operiat. Est autem pallium purum forma rotunda et fusiore, et quas",0.7,,pending,
2844,autem,autem,,autem dicta quod,nitio procedebant. Hanc primum Romulus adinvenisse perhibetur ad discretionem regii habitus. Trabea,"in maiori gloria hominem transbearet, hoc est ultra et in posterum ampliori dignitate honoris beatu",0.7,,pending,
2845,Graece,graece,,Graece vocatur quod,"perimentum, quod cooperto capite et scapula a dextro latere in laevum humerum mittitur: stola autem",superemittatur. [4] Idem et ricinium Latino nomine appellatum eo quod dimidia eius pars retro reici,0.75,,pending,
2846,Tapeta,tapeta,,Tapeta dicta quod,"ocatae quod calcentur, id est farciantur, pluma sive tomento, quo molliores calidioresque sint. [5]","pedibus primum strarentur, quasi tapedia. Sipla tapetaexuna parte villosa, quasi simpla. Amphitapa",0.7,,pending,
2847,Vela,vela,,Vela dicta quod,o dictae. [7] Sabanum Graecum est. Facietergium et manitergium a tergendo faciem vel manus vocatum.,obiectu suo interiora domorum velent. [8] Aulaea vela picta et grandia; quae ideo aulaea dicta sunt,0.7,,pending,
2848,Tinctura,tinctura,,Tinctura vocata quia,"lacium est stuppa et quasi crassedo serici, et est Graecum nomen. XXVIII. DE COLORIBVS VESTIVM. [1]","tinguitur et in aliam fucata speciem nitoris gratia coloratur. KOKKON Graeci, nos rubrum seu vermic",0.75,,pending,
2849,vulgo,vulgo,,vulgo vocatur quod,"em et per munile omnia ornamenta matronarum significantur, quidquid illis munere datur. [14] Murena",scilicet auri metallo in virgulis lentescente quaedam ordinis flexuosi catena contexitur in similit,0.75,,pending,
2850,Vitta,vitta,,Vitta dicta quod,"a fascia quod in modum fasciculi corpus alligat. Hinc et fasciolae, quibus vulnera conligantur. [7]",ea pectus vincitur instar vitis ligantis. Limbus est quam nos ornaturam dicimus. [8] Fasciola est q,0.7,,pending,
2851,calciamenta,calciamenta,,calciamenta dicta quod,"alciamenta non possunt, quas Graeci KALOPODAS dicunt: fiebant autem prius ex salice tantum. Hinc et","in calo, id est ligno, fiant; vel quod calcentur. [3] Crepidas Graeci ante repertas usi sunt. Est a",0.7,,pending,
2852,et,et,,et appellatur ab,"nt, haec nisi conexe dici non possunt. Quod genus quartum apud Dialecticos multum habet conflictum,","eis valde oppositum, siquidem et tertium non recipit. [8] Nam ex illis quaedam habere tertium possu",0.7,,pending,
2853,Pulpa,pulpa,,Pulpa dicta quod,scitur et silescit. [27] Frustum vocatum quod capiatur a frumine; est enim frumen summa pars gulae.,cum pulte olim mixta vescebatur. Vnde et pulmentarium et pulmentum dictum. [28] Lucanicae dictae qu,0.7,,pending,
2854,inde,inde,,inde dictum quod,"tusta, ut vinum, sed statim sublata de flumine et fonte vel puteo; fetescit enim vetusta. [2] Vinum","eius potus venas sanguine cito repleat. Hoc alii, quod nos cura solvat, Lyaeum appellant. Veteres v",0.7,,pending,
2855,Defrutum,defrutum,,Defrutum dictum est quod,"rit. Dicitur autem passum a patiendo: nam percutitur uva siccior et decoquitur, et inde fit passum.","defrudatur, et quasi fraudem patiatur. [15] Carenum, eo quod fervendo partem careat; tertia enim pa",0.7,,pending,
2856,Fictilia,fictilia,,Fictilia dicta quod,"] Vasa dicta a vescendo, quad in ea escae adponantur. Cuius diminutivum vascula, quasi vescula. [2]","fiant et fingantur ex terra. Fingere enim est facere, formare et plasmare, unde et figuli dicuntur.",0.7,,pending,
2857,Arca,arca,,Arca dicta quod,"a Persa et Graeca; gaza enim lingua Persarum thesaurum, FULAKION Graece custodia interpretatur. [2]","arceat visum atque prohibeat. Hinc et arcivum, hinc et arcanum, id est secretum, unde ceteri arcent",0.7,,pending,
2858,Involucrum,involucrum,,Involucrum dictum quod,"um paulo inflectuntur propter Romanum eloquium. [6] Sitarciae nautarum sunt, ab eo quod sutae sunt.","aliquid in se teneat involutum. [7] Fiscus sacculus est publicus, unde et fiscellae et fiscinae dic",0.7,,pending,
2859,Fax,fax,,Fax dicta quod,"dicebantur. [6] Lampas flamma est in vertice lucens, dicta quod lambentis motum ostendere videatur.",focos faciat: cuius diminutivum facula. [7] Lanterna inde vocatur quod lucem interius habeat clausa,0.7,,pending,
2860,Lanterna,lanterna,,Lanterna inde vocatur quod,quod lambentis motum ostendere videatur. Fax dicta quod focos faciat: cuius diminutivum facula. [7],"lucem interius habeat clausam. Fit enim ex vitro, recluso intus lumine ut venti flatus adire non po",0.75,,pending,
2861,autem,autem,,autem dicta quod,"ICVLIS. [1] Carrum a cardine rotarum dictum; unde et currus dicti, quod rotas habere videntur. Rota",ruat; et rotundum a rota vocatum. [2] Reda genus vehiculi quattuor rotarum. Has antiqui retas diceb,0.7,,pending,
2862,Clavis,clavis,,Clavis dicta quod,adhibita calefacit et intorquet capillos. [5] Vnde et calamistrati appellantur qui comam torquent.,"claudat et aperiat. Catenatum, quod capiendo teneat. Horologia, quod ibi horas legamus, id est coll",0.7,,pending,
2863,Rota,rota,,Rota dicta quod,"quasi fiscolum, a colando oleum dictum, vel quasi fiscella olei. XV. DE INSTRVMENTIS HORTORVM. [1]","quasi ruat: est enim machina de qua e flumine aqua extrahitur. Lucretius (5,517): In fluvio versare",0.7,,pending,
2864,Frena,frena,,Frena dicta quod,Sarculus. XVI. DE INSTRVMENTIS EQVORVM. [1] Phalerae ornamenta equorum sunt; et est sermo Graecus.,"equos fremere cogant, vel quod haec equi frendant [id est inprimant] dentibus et obmordeant. Vnde e",0.7,,pending,
2865,autem,autem,,autem dictum quod,orium ligno ex una parte extentum. Est enim pars media symphoniae in similitudinem cribri. Tympanum,"medium est, unde et margaritum medium tympanum dicitur; et ipsud, ut symphonia, ad virgulam percuti",0.7,,pending,
2866,Pessaria,pessaria,,Pessaria dicta quod,"catur. Malagma, quod sine igne maceretur et conprehendatur. Enema Graece, Latine relaxatio dicitur.",intus iniciantur. [12] Medicinam iumentorum Chiron quidam Graecus invenit. Inde pingitur dimidia pa,0.7,,pending,
2867,Enchiridion,enchiridion,,Enchiridion dictum quod,scribuntur. Butanicum herbarum dicitur quod ibi herbae notentur. XI. DE INSTRVMENTIS MEDICORVM. [1],"manu adstringatur, dum plurima contineat ferramenta; CHEIR enim Graece manus vocatur. [2] Phlebotom",0.7,,pending,
2868,Falsitas,falsitas,,Falsitas appellata a,"ipite nunc malum.' [8] Calumnia est iurgium alienae litis, a calvendo, id est decipiendo dicta. [9]",fando aliud quam verum est. [10] Iniuria est iniustitia. Hinc est apud Comicos (? Plaut. Mil. 436):,0.7,,pending,
2869,Poena,poena,,Poena dicta quod,"ena. Malum autem tunc plenum est, cum et praeteritum est et inpendet, ut sit et dolor et metus. [2]","puniat. Est autem epithetum nomen, et sine adiectione non habet plenum sensum: adicis poena carceri",0.7,,pending,
2870,autem,autem,,autem dictum quod,"adulta et praeceps sive extrema. Vnde est illud (Virg. Georg. 1,340): Extremae sub casu hiemis. Ver","viret. Tunc enim post hiemem vestitur tellus herbis, et in florem cuncta rumpuntur. [4] Aestas dici",0.7,,pending,
2871,autem,autem,,autem dicta quod,Conficitur bibula Memphitis carta papyro. [2] Bibulam autem papyrum dixit quod humorem bibat. Carta,carptim papyri tegmen decerptum glutinatur. Cuius genera quam plura sunt. Prima et praecipua August,0.7,,pending,
2872,autem,autem,,autem dicta quod,"e invenies. XVI. DE CANONIBVS CONCILIORVM. [1] Canon autem Graece, Latine regula nuncupatur. Regula","recte ducit, nec aliquando aliorsum trahit. Alii dixerunt regulam dictam vel quod regat, vel quod n",0.7,,pending,
2873,autem,autem,,autem vocatur quod,"solito›, id est firmo atque solido nominata. [vel ex eo, quod soleat fieri in anno.] [2] Celebritas","non ibi terrena, sed caelestia tantum agantur. [3] Pascha festivitatum omnium prima est, de cuius v",0.75,,pending,
2874,Oblatio,oblatio,,Oblatio vocatur quia,"ri offertur et sacrificatur a pontificibus, a quo offertorium nominatum, quasi propter fertum. [25]","offertur. [26] Dona proprie divina dicuntur, munera hominum. [27] Nam munera dicuntur obsequia, qua",0.75,,pending,
2875,Incorruptibilis,incorruptibilis,,Incorruptibilis appellatur quia,"lis utique deprehenditur; ac per hoc solus Deus dicitur inmortalis, quia solus incommutabilis. [20]",corrumpi et dissolvi non potest nec dividi. Quidquid enim capit divisionem et interitum capit. Ille,0.7,,pending,
2876,Trinitas,trinitas,,Trinitas appellata quod,ius docet vos de omni re.' Ipse est enim Spiritus sanctus unctio invisibilis. IV. DE TRINITATE. [1],"fiat totum unum ex quibusdam tribus, quasi Triunitas; ut memoria, intellegentia et voluntas, in qui",0.7,,pending,
2877,Spes,spes,,Spes vocata quod,"o quod fit illud quod inter utrosque placitum est, quasi inter Deum et hominem; hinc et foedus. [5]","sit pes progrediendi, quasi 'est pes.' Vnde et e contrario desperatio. Deest enim ibi pes, nullaque",0.75,,pending,
2878,ideo,ideo,,ideo dictum quod,"ellatur, quia contra Christum venturus est. Non, quomodo quidam simplices intellegunt, Antichristum","ante Christum venturus sit, id est post cum veniat Christus. Non sic, sed Antichristus Graece dicit",0.7,,pending,
2879,sane,sane,,sane appellatur ab,"d per stipes, id est modica aera, colligatur. idem hoc etiam ""tributum"" appellari pomponius ait. et","intributione tributum vel ex eo quod militibus tribuatur. Dig. 50.16.28pr. Paulus 21 ad ed. ""aliena",0.7,,pending,
2880,eo,eo,,eo appellatur quod,"itio de ordinandis testamentis exponere. LIB. II, TIT. X. DE TESTAMENTIS ORDINANDIS. Testamentum ex","testatio mentis est. Sed ut nihil antiquitatis penitus ignoretur sciendum est, olim quidem duo gene",0.7,,pending,
2881,quae,quae,,quae appellatur ab,"pud quem concepta sit, propria adversus eum qui obtulit, quamvis fur non sit, constituta est actio,",lati. est etiam prohibiti furti actio adversus eum qui furtum quaerere testibus praesentibus volente,0.7,,pending,
2882,id,id,,id appellatur quod,"autem, ut Gaius noster in interpretatione legis duodecim tabularum scriptum reliquit, vulgo quidem","ab arcu mittitur, sed et omne significatur quod manu cuiusdam mittitur: sequitur ergo ut et lapis e",0.7,,pending,
2883,Et,et,,Et dictum est quod,"n transcurrere, sed de ipsis argumentari, videlicet intelligenciam et futurorum inquisicionem. IV .","homo duobus indiget in vita sua scilicet noticia et doctrina, quia hec sensum purificant. Et sicut",0.7,,pending,
2884,Et,et,,Et dictum est quod,"plinare. Et qui mundum diligit, oportet tria acquirere: intelligenciam et divicias et discrecionem.","homo qui querit rem et non cognoscit utilitatem eius, in vanum laborat et insipiens vocatur. Et qui",0.7,,pending,
2885,Item,item,,Item dictum est quod,"de rebus que fieri possunt, et ante omnia oportet ipsum cogitare sempiterna et non temporalia. VI .","duo sunt que hominem decorant scilicet divicie et doctrina; sicut lucerna illuminat domum, ita et i",0.7,,pending,
2886,Et,et,,Et dictum est quod,"ro temporalibus, condempnabitur; et quicumque pro utrisque laborat, et dominabitur et vivet. VIII .","quilibet secularis tria debet habere in se: fidem servare, victum et necessaria iuste querere et re",0.7,,pending,
2887,Item,item,,Item dictum est quod,"habere in se: fidem servare, victum et necessaria iuste querere et recte cum hominibus conversari.","quicumque est piger et negligens, credens verbis instabilibus nec sensu suo receptis, assimilabitur",0.7,,pending,
2888,Nam,nam,,Nam dictum est quod,"Hoc videns quosdam ex eis nolui sequi et ego ab eis me elongavi, ne forte sim sicut ille deceptus.","quidam fur ascendit domum cuiusdam cum sociis suis, ut furaretur. Senciens autem eos dominus domus",0.7,,pending,
2889,quoniam,quoniam,,quoniam dictum est quod,"s adversabitur mihi in bonis operibus et obstupebit me mors et paciar quod passus fuit quidam homo,",quidam homo concupivit coniugatam. Que fodiens iuxta puteum ingressum et egressum adultero ostendit,0.7,,pending,
2890,quia,quia,,quia dictum est quod,"am homini qui multam pecuniam amiserat et sic socius fuit illius qui uno die devenit in derisionem,",quidam negociator conduxit quendam uno die centum solidis pro perforandis margaritis. Et veniens cu,0.7,,pending,
2891,quia,quia,,quia dictum est quod,"iud ingenium, ut serpens disperdatur et tu maneas illesus, ne paciaris quod passus est cignus, 26 .","quidam cignus apud stagna habitans multitudinem piscium habencia, et exsenivit et ob senectutem pis",0.7,,pending,
2892,Quia,quia,,Quia dictum est quod,", nam certum est: qui non audit pacificos consiliatores suos, pacietur quod passa est testudo. 40 .","in quodam fonte conversabantur due anates, et erat ibi testudo, adinvicem se diligentes. Una autem",0.7,,pending,
2893,Nam,nam,,Nam dictum est quod,aricia et malicia non audisti admonicionem meam et pacieris quod passus est quidam ingeniosus. 47 .,quidam scolasticus et alter ingeniosus habuerunt omnem societatem et amiciciam. Et cum insimul ambu,0.7,,pending,
2894,Quia,quia,,Quia dictum est quod,"t: ""Ego faciam hoc, sed cave ne propriis laqueis alligeris et paciaris quod passus est cignus. 48 .","quidam cignus manebat in quodam loco prope serpentem et quociens pariebat pullos, serpens eos comed",0.7,,pending,
2895,Quia,quia,,Quia dictum est quod,"sapientibus: Qui credit fictis rebus et non veracibus, pacietur quod passa est stulta mulier. 59 .","in quadam civitate erat quidam negociator, pulchram habens uxorem que diligebat quendam pictorem. Q",0.7,,pending,
2896,Quia,quia,,Quia dictum est quod,m et coniunxit se cum illo qui erat generis sui et sprevit solem et lunam et alias creaturas. 109 .,"quidam heremita religiosus stabat super flumen et orabat. Et ecce milvus portabat murem, et cum ess",0.7,,pending,
2897,antiquis,antiquis,,antiquis dictum est quod,"mortuus est. 127 . Ita pacientur illi qui in ira consilium retinent, sed impetum sequuntur. Item ab","quidam vir habuit uxorem pulcram quam valde diligebat. Una autem dierum cum sederet in domo sua, de",0.7,,pending,
2898,Item,item,,Item dictum est quod,ituit de hoc quod fecerat. Ita pacientur illi qui festinant aliquid facere sine discrecione . 128 .,homo ferebat saccum plenum lentibus et volens requiescere posuit illum sub arbore ubi erat symea. D,0.7,,pending,
2899,quia,quia,,quia dictum est quod,"o appropinquarem. Nemo sapiens debet credere adulacionibus inimici. Utile est mihi a te longe esse,","sapiens habet amicos et consanguineos suos et memorare debet filios, fratres et nepotes et alios be",0.7,,pending,
2900,Quia,quia,,Quia dictum est quod,"m experimento et arte, alii potencia et malignitate, alii prudencia dei, ceteri nobilitate +. 141 .","quatuor viri infortunati se in uno itinere invenerunt. Erat autem eorum unus filius regis, alius cu",0.7,,pending,
2901,qui,qui,,qui appellatur A,"antini hereticum et rebaptizatum secundo ab Eusebio Nicomediense episcopo iuxta Nicomedia, in uilla",quilone. Et pro hoc declaratum ab eodem Constantii praecepto Augusti filii Constantini Augusti marty,0.7,,pending,
2902,genus,genus,,genus ab Etruscis,derant eum secutum numerum putant. me haud paenitet eorum sententiae esse quibus et apparitores hoc,"finitimis, unde sella curulis, unde toga praetexta sumpta est, et numerum quoque ipsum ductum place",0.75,,pending,
2903,finitimis,finitimis,,ab Etruscis finitimis,eum secutum numerum putant. me haud paenitet eorum sententiae esse quibus et apparitores hoc genus,", unde sella curulis, unde toga praetexta sumpta est, et numerum quoque ipsum ductum placet, et ita",0.7,,pending,
2904,anno,anno,,anno ab Etruscis,aduersus Vmbros missa a flumine Narnia appellata; exercitus cum magna praeda Romam reductus. Eodem,aduersus indutias paratum bellum; sed eos alia molientes Gallorum ingens exercitus fines ingressus,0.75,,pending,
2905,aduersus,aduersus,,ab Etruscis aduersus,rsus Vmbros missa a flumine Narnia appellata; exercitus cum magna praeda Romam reductus. Eodem anno,indutias paratum bellum; sed eos alia molientes Gallorum ingens exercitus fines ingressus paulisper,0.7,,pending,
2906,extemplo,extemplo,,extemplo in Etruria,"ere, ut patres ab iubendo dictatore deterruerint, quem senatus dictatorem dici iussurus fuerat. Tum",m ad legiones proficisci iussit. Aduentus eius compressit Etruscos adeo ut nemo extra munimenta egre,0.7,,pending,
2907,eos,eos,,eos in Etruria,"endio uenisse, et confestim secuturos, uel si ad ipsam Romanam urbem oppugnandam ducant. [ 17] Haec","iactantes molientesque bellum domi Romanum urebat. Nam P. Decius, ubi comperit per exploratores pro",0.7,,pending,
2908,Romanis,romanis,,Romanis in Etruria,"mni: ei Samnium prouinciam euenisse. [ 18] Dum ea in Samnio cuiuscumque ductu auspicioque geruntur,","interim bellum ingens multis ex gentibus concitur, cuius auctor Gellius Egnatius ex Samnitibus erat",0.7,,pending,
2909,tempore,tempore,,tempore in Etruria,"cunda ac tertia sociorumque milibus quindecim profectus in Samnium esset, Ap. Claudium primo quoque","m ire placuit. Duae Romanae legiones secutae, prima et quarta, et sociorum duodecim milia; castra ha",0.7,,pending,
2910,copiis,copiis,,copiis in Etruria,"issum eo cum uetere exercitu, compresserat. Decio populandos hostium agros relinquit, ipse cum suis",m ad collegam pergit. Quem aduenientem laeti omnes accepere: Appium ex conscientia sua credo animum,0.7,,pending,
2911,sit,sit,,sit in Etruria,"n Samnio res prosperas esse ait, litteris eius accitum uenisse; quae si falsae fuerint nec usus sui","m, extemplo conuersis signis abiturum. ""tu uero abeas"" inquit, ""neque te quisquam moratur; etenim mi",0.7,,pending,
2912,gestae,gestae,,gestae in Etruria,"des incidisset, desertori magis quam deserto noxae fore; eo rem adductam ut omne rei bene aut secus",decus dedecusque ad L. Volumnium sit delegatum; neminem quaesiturum quae uerba Appi sed quae fortun,0.7,,pending,
2913,uel,uel,,uel in Etruria,erator uter sit melior. Etruriam et Samnium prouincias esse; utram mallet eligeret; suo exercitu se,"uel in Samnio rem gesturum. Tum militum clamor ortus, ut simul ambo bellum Etruscum susciperent. Qu",0.7,,pending,
2914,Fabius,fabius,,Fabius in Etruria,"tua esset, ordinum magis quam ipsorum inter se certamen interuenisse reor, patriciis tendentibus ut","m extra ordinem prouinciam haberet, plebeiis auctoribus Decio ut ad sortem rem uocaret. Fuit certe c",0.7,,pending,
2915,rebus,rebus,,rebus in Etruria,"i extra sortem mandetur, quin alter consul pro superuacaneo atque inutili habeatur? gloriari Fabium","gestis; uelle et P. Decium gloriari; et forsitan, quem ille obrutum ignem reliquerit, ita ut totien",0.7,,pending,
2916,tempore,tempore,,tempore in Etruria,us quinque milia peditum equitumque cum Fabio uenisse. Sibi placere P. Decium consulem primo quoque,"m ad collegam proficisci, L. Volumnio Samnium prouinciam dari; si consul malit in suam prouinciam ir",0.7,,pending,
2917,Volumnium,volumnium,,Volumnium in Etruria,"d collegam proficisci, L. Volumnio Samnium prouinciam dari; si consul malit in suam prouinciam ire,","m ad consulem cum exercitu iusto consulari proficisci. Cum magnam partem moueret oratio praetoris, P",0.7,,pending,
2918,quantum,quantum,,quantum in Etruria,"ommodum rei publicae posset, Romam uenisset uel aliquem ex legatis misisset, a quo disceret senatus","belli esset quantisque administrandum copiis et quot per duces esset. [ 26] Fabius, ut Romam rediit",0.7,,pending,
2919,uel,uel,,uel in Etruria,rium et a populo et a senatu et ab ipso collega Fabio permissum est; et cum P. Decius se in Samnium,"m proficisci paratum esse ostendisset, tanta laetitia ac gratulatio fuit ut praeciperetur uictoria a",0.7,,pending,
2920,profectos,profectos,,profectos in Etruria,riumphusque non bellum decretum consulibus uideretur. Inuenio apud quosdam extemplo consulatu inito,m Fabium Deciumque sine ulla mentione sortis prouinciarum certaminumque inter collegas quae exposui.,0.7,,pending,
2921,consules,consules,,consules in Etruria,tur. Constare res incipit ex eo tempore quo profecti ambo consules ad bellum sunt. Ceterum antequam,"m peruenirent, Senones Galli multitudine ingenti ad Clusium uenerunt legionem Romanam castraque oppu",0.7,,pending,
2922,Et,et,,Et in Etruria,nde omnium aliarum rerum cura Fabius collegae funus omni honore laudibusque meritis celebrat. [ 30],per eosdem dies ab Cn. Fuluio propraetore res ex sententia gesta et praeter ingentem inlatam popula,0.7,,pending,
2923,relicto,relicto,,relicto in Etruria,"ernum montem compulsum, non deterritus iniquitate loci, fundit fugatque. Q. Fabius Deciano exercitu","e praesidio, suis legionibus deductis ad urbem de Gallis Etruscisque ac Samnitibus triumphauit. Mili",0.7,,pending,
2924,nec,nec,,nec in Etruria,illa tempestate militiae haudquaquam spernenda. [ 31] His ita rebus gestis nec in Samnitibus adhuc,pax erat; nam et Perusinis auctoribus post deduc tum ab consule exercitum rebellatum fuerat et Samn,0.7,,pending,
2925,Fabius,fabius,,Fabius in Etruria,olturno adiacent flumini descendere. Aduersus eos Ap. Claudius praetor cum exercitu Deciano missus.,"rebellante denuo quattuor milia et quingentos Perusinorum occidit, cepit ad mille septingentos quad",0.7,,pending,
2926,bellum,bellum,,bellum in Etruria,"capta amplius duo milia hominum, minus duo milia circa muros caesa. Pax tamen clarior maiorque quam","eo anno fuerat parta est. Tres ualidissimae urbes, Etruriae capita, Volsinii, Perusia, Arretium, pa",0.7,,pending,
2927,Samnio,samnio,,Samnio in Etruria,"pe impetrandi petisset uideretque alios quod tardius ab urbe exisset, alios quod iniussu senatus ex","m transisset, partim suos inimicos, partim collegae amicos ad solacium aequatae repulsae sibi quoque",0.7,,pending,
2928,Atilio,atilio,,Atilio in Etruria,o captis aliquot urbibus in Apulia fusum fugatumque saucium ipsum cum paucis Luceriam compulsum: ab,res gestas eumque triumphasse. Fabius ambo consules in Samnio et ad Luceriam res gessisse scribit t,0.7,,pending,
2929,traductumque,traductumque,,traductumque in Etruria,a res gestas eumque triumphasse. Fabius ambo consules in Samnio et ad Luceriam res gessisse scribit,m exercitum —sed ab utro consule non adiecit—et ad Luceriam utrimque multos occisos inque ea pugna I,0.7,,pending,
2930,Samnio,samnio,,Samnio in Etruria,s ex auctoritate patrum iussu populi bellum Faliscis indictum est iussique consules sortiri uter ex,"m cum exercitu transiret. Iam Caruilius Veliam et Palumbinum et Herculaneum ex Samnitibus ceperat, V",0.7,,pending,
2931,consul,consul,,consul in Etruria,"in agrum Vescinum, quia regio ea infesta ab Samnitibus erat, hibernatum duxit. Inter haec Caruilius","Troilum primum oppugnare adortus quadringentos septuaginta ditissimos, pecunia grandi pactos ut abi",0.7,,pending,
2932,non,non,,non in Etruria,"eruitiorum utique et plebis esset, ni consules prouidissent dimissis passim ad frumentum coemendum,","m modo dextris ab Ostia litoribus laeuoque per Volscos mari usque ad Cumas, sed quaesitum in Sicilia",0.7,,pending,
2933,hibernis,hibernis,,hibernis in Etruria,"m intolerabilia frigora erant, quies militi data est; et ad prima ac dubia signa ueris profectus ex","m ducit, eam quoque gentem, sicut Gallos Liguresque, aut ui aut uoluntate adiuncturus. Transeuntem A",0.7,,pending,
2934,praetore,praetore,,praetore in Etruria,"aesidiique quod ibi obsideretur cura est. C. Seruilius legatus, ex auctoritate patrum a P. Cornelio","m ad frumentum coemendum missus, cum aliquot nauibus onustis in portum Tarentinum inter hostium cust",0.7,,pending,
2935,Iunio,iunio,,Iunio in Etruria,ta inclinatura rursus animos uidebatur ad ueteris imperii respectum. et praetoribus prioris anni M.,", P. Sempronio in Gallia cum binis legionibus quas habuerant prorogatum est imperium. prorogatum et",0.7,,pending,
2936,qui,qui,,qui in Etruria,lius praefuisset Siciliamque prouinciam cum L. Cincio praetore obtineret. exercitus eis duo decreti,"Galliaque essent; eae quattuor erant legiones; urbanae duae superioris anni in Etruriam, duae quibu",0.7,,pending,
2937,anni,anni,,anni in Etruria,s duo decreti qui in Etruria Galliaque essent; eae quattuor erant legiones; urbanae duae superioris,"m, duae quibus Sulpicius consul praefuisset in Galliam mitterentur. Galliae et legionibus praeesset",0.7,,pending,
2938,Aquilius,aquilius,,Aquilius in Etruria,"rsae occupabant cogitationes hominum, ne Tarentinae quidem arcis excidit memoria. M. Ogulnius et P.","m legati ad frumentum coemendum quod Tarentum portaretur profecti, et mille milites de exercitu urba",0.7,,pending,
2939,habuerat,habuerat,,habuerat in Etruria,"er equitum dictus. [ 6] Dictator postquam Romam uenit, C. Sempronium Blaesum legatum quem ad Capuam","m prouinciam ad exercitum misit in locum C. Calpurni praetoris, quem ut Capuae exercituique suo prae",0.7,,pending,
2940,quibus,quibus,,quibus in Etruria,"ta per prouincias diuisi: Fuluio duae legiones quas in Sicilia M. Ualerius Laeuinus haberet, Fabio,",C. Calpurnius praefuisset: urbanus exercitus ut in Etruriam succederet: C. Calpurnius eidem praeess,0.7,,pending,
2941,ut,ut,,ut in Etruria,"M. Ualerius Laeuinus haberet, Fabio, quibus in Etruria C. Calpurnius praefuisset: urbanus exercitus",m succederet: C. Calpurnius eidem praeesset prouinciae exercituique: Capuam exercitumque quem Q. Ful,0.7,,pending,
2942,quae,quae,,quae in Etruria,uius consul C. Fuluio Flacco legato—frater hic consulis erat—in Etruriam dedit ducendum et legiones,erant Romam deducendas. et Fabius consul reliquias exercitus Fuluiani conquisitas—fuere autem ad qu,0.7,,pending,
2943,Apulia,apulia,,Apulia in Etruria,"s Marcellus consul designatus, qui rem inspiceret ac, si digna uideretur, exercitu accito bellum ex",m transferret. eo metu compressi Etrusci quieuerunt. Tarentinorum legatis pacem petentibus cum liber,0.7,,pending,
2944,praetore,praetore,,praetore in Etruria,T. Quincti praetoris fuerat cum una legione obtineret. prorogatum et C. Hostilio Tubulo est ut pro,m ad duas legiones succederet C. Calpurnio. prorogatum et L. Ueturio Philoni est ut pro praetore Gal,0.7,,pending,
2945,coepta,coepta,,coepta ab Etruscis,"um ab hoste nec receptum ab tergo circumuenti haberent, extrahi tamen diutius certamen potuisset ni",fuga pauorem ceteris iniecisset. non tamen omisere pugnam deserti ab Etruscis Fregellani donec inte,0.75,,pending,
2946,fuga,fuga,,ab Etruscis fuga,"oste nec receptum ab tergo circumuenti haberent, extrahi tamen diutius certamen potuisset ni coepta",pauorem ceteris iniecisset. non tamen omisere pugnam deserti ab Etruscis Fregellani donec integri c,0.7,,pending,
2947,deserti,deserti,,deserti ab Etruscis,certamen potuisset ni coepta ab Etruscis fuga pauorem ceteris iniecisset. non tamen omisere pugnam,Fregellani donec integri consules hortando ipsique ex parte pugnando rem sustinebant; sed postquam,0.75,,pending,
2948,Fregellani,fregellani,,ab Etruscis Fregellani,n potuisset ni coepta ab Etruscis fuga pauorem ceteris iniecisset. non tamen omisere pugnam deserti,donec integri consules hortando ipsique ex parte pugnando rem sustinebant; sed postquam uolneratos,0.7,,pending,
2949,Uarro,uarro,,Uarro in Etruria,. comitiis perfectis ludisque factis dictator et magister equitum magistratu abierunt. C. Terentius,m pro praetore missus ut ex ea prouincia C. Hostilius Tarentum ad eum exercitum iret quem T. Quincti,0.7,,pending,
2950,quique,quique,,quique in Etruria,"sus Hasdrubalem quem iam Alpibus adpropinquare fama erat, decreta; exercitum e duobus qui in Gallia","esset addito urbano eligeret quem mallet, qui Galliam esset sortitus: cui Bruttii prouincia eueniss",0.7,,pending,
2951,Terentius,terentius,,Terentius in Etruria,"essent, quattuor Hispania haberet, binas tres praetores, in Sicilia et Sardinia et Gallia, duas C.",", duas Q. Fuluius in Bruttiis, duas Q. Claudius circa Tarentum et Sallentinos, unam C. Hostilius Tub",0.7,,pending,
2952,alterum,alterum,,alterum in Etruria,"quanto exercitu id bellum geratur, in eorum potestate esse. duos exercitus Romanos, unum in Gallia,",esse; satis scire Sp. Lucretium se cum M. Liuio iuncturum; multa milia armanda esse ut duobus ducib,0.7,,pending,
2953,exercitum,exercitum,,exercitum in Etruria,"ius Tappulus; hi duo cum aediles plebis essent, praetores creati sunt. consul comitiis perfectis ad",m redit. Sacerdotes eo anno mortui atque in locum eorum suffecti: Ti. Ueturius Philo flamen Martiali,0.7,,pending,
2954,idem,idem,,idem in Etruria,"issimus; super haec bellicae quoque laudis consulatus compotem fecerat. quod in Bruttiis prouincia,","ac Liguribus decretum: M. Cornelius nouo consuli tradere exercitum iussus, ipse prorogato imperio G",0.7,,pending,
2955,res,res,,res in Etruria,"s Salinator et C. Aurelius Cotta. comitia eius anni utrum C. Seruilius consul habuerit an, quia eum","tenuerint quaestiones ex senatus consulto de coniurationibus principum habentem, dictator ab eo dic",0.7,,pending,
2956,legionibus,legionibus,,legionibus in Etruria,. Lentulus pro praetore habuisset decernitur. M. Seruilio prioris anni consuli cum suis duabus item,"prorogatum imperium est. quod ad Hispanias attineret, aliquot annos iam ibi L. Cornelium Lentulum e",0.7,,pending,
2957,cui,cui,,cui in Etruria,"e augeri hostium animos. [ 11 ] His litteris recitatis decreuerunt ut C. Aurelius consul exercitum,","m ad conueniendum diem edixerat, Arimini eadem die adesse iuberet et aut ipse, si per commodum rei p",0.7,,pending,
2958,Gallia,gallia,,Gallia in Etruria,exercitus consularis ab Arretio Ariminum transductus erat et quinque milia socium Latini nominis ex,m transierant. itaque L. Furius magnis itineribus ab Arimino aduersus Gallos Cremonam tum obsidentes,0.7,,pending,
2959,eo,eo,,eo in Etruria,"nciam uenisset, haud clam tulit iram aduersus praetorem quod absente se rem gessisset. misso igitur",m ipse in agrum hostium legiones induxit populandoque cum praeda maiore quam gloria bellum gessit. L,0.7,,pending,
2960,quod,quod,,quod in Etruria,hostium legiones induxit populandoque cum praeda maiore quam gloria bellum gessit. L. Furius simul,"nihil erat rei quod gereret, simul Gallico triumpho imminens quem absente consule irato atque inuid",0.7,,pending,
2961,propraetori,propraetori,,propraetori in Etruria,i magistratibus C. Laelio cum suo exercitu prorogatum in annum imperium est; prorogatum et P. Iunio,"cum eo exercitu, qui in prouincia esset, et M. Tuccio propraetori in Bruttiis et Apulia. [ 51 ] Pri",0.7,,pending,
2962,propraetor,propraetor,,propraetor in Etruria,"am perfugisse et intra triduum exspirasse. senatus ea re audita decreuit, uti P. Iunius Brutus, qui","esset, prouincia exercituque traditis uni, cui uideretur, ex legatis, ipse in ulteriorem Hispaniam",0.7,,pending,
2963,praetore,praetore,,praetore in Etruria,"spaniam proficisceretur, eaque ei prouincia esset. hoc senatus consultum litteraeque a Sp. Postumio","m missae sunt, profectusque in Hispaniam est P. Iunius propraetor. in qua prouincia prius aliquanto,",0.7,,pending,
2964,legatum,legatum,,legatum in Etruria,"lli auctores sequendi sunt, qui, cum L. Scipio et accusatus et damnatus sit pecuniae captae ab rege",fuisse Africanum tradunt; qua post famam de casu fratris adlatam relicta legatione cucurrisse eum R,0.7,,pending,
2965,ignobilis,ignobilis,,ignobilis in Etruria,paniam ulteriorem. consulibus ambobus quaestio de clandestinis coniurationibus decreta est. Graecus,"m primum uenit nulla cum arte earum, quas multas ad animorum corporumque cultum nobis eruditissima o",0.7,,pending,
2966,Trepidatum,trepidatum,,Trepidatum in Etruria,lacet: Tubero incertus veri est. Sit inter cetera vetustate cooperta hoc quoque in incerto positum.,"est post Fidenas captas, non Veientibus solum exterritis metu similis excidii, sed etiam Faliscis m",0.7,,pending,
2967,timentes,timentes,,timentes in Etruria,ominum pecorumque pernicie accepta. Famem quoque ex pestilentia morbo implicitis cultoribus agrorum,"m Pomptinumque agrum et Cumas, postremo in Siciliam quoque frumenti causa misere. Consularium comiti",0.7,,pending,
2968,et,et,,et in Etruria,"ia ante prouisum erat, periculum fuit. Consilia ad movenda bella in Volscorum Aequorumque conciliis",ad fanum voltumnae agitata. Ibi prolatae in annum res decretoque cautum ne quod ante concilium fier,0.7,,pending,
2969,frons,frons,,frons in Etruria,"uniebant ut ancipitia munimenta essent: alia in urbem et contra oppidanorum eruptiones uersa, aliis","m spectans, auxiliis si qua forte inde uenirent obstruebatur. [ 2] Cum spes maior imperatoribus Roma",0.7,,pending,
2970,sed,sed,,sed in Etruria,"runt; castella primo pauca, postea exercitu aucto creberrima fecerunt; munitiones non in urbem modo","m etiam spectantes si qua auxilia ueniant, opposuere; quid turres, quid uineas testudinesque et aliu",0.7,,pending,
2971,nequiquam,nequiquam,,nequiquam in Etruria,"pugnabit, nisi auxilio hostibus tribuni plebis fuerint, et Romae inuenerint praesidia Veientes quae",quaerunt. An est quicquam quod Veientibus optatum aeque contingere possit quam ut seditionibus prim,0.7,,pending,
2972,auxilia,auxilia,,auxilia ab Etruscis,"modestia est ut non obsidionis taedio, non denique regni, quicquam apud eos nouatum sit, non negata","inritauerint animos; morietur enim extemplo quicumque erit seditionis auctor, nec cuiquam dicere ea",0.75,,pending,
2973,inritauerint,inritauerint,,ab Etruscis inritauerint,"est ut non obsidionis taedio, non denique regni, quicquam apud eos nouatum sit, non negata auxilia","animos; morietur enim extemplo quicumque erit seditionis auctor, nec cuiquam dicere ea licebit quae",0.7,,pending,
2974,agrosque,agrosque,,agrosque ab Etruscis,Eam gentem traditur fama dulcedine frugum maximeque uini noua tum uoluptate captam Alpes transisse,ante cultos possedisse; et inuexisse in Galliam uinum inliciendae gentis causa Arruntem Clusinum ir,0.75,,pending,
2975,ante,ante,,ab Etruscis ante,em traditur fama dulcedine frugum maximeque uini noua tum uoluptate captam Alpes transisse agrosque,cultos possedisse; et inuexisse in Galliam uinum inliciendae gentis causa Arruntem Clusinum ira cor,0.7,,pending,
2976,quid,quid,,quid in Etruria,estarent. Quodnam id ius esset agrum a possessoribus petere aut minari arma Romanis quaerentibus et,"rei Gallis esset, cum illi se in armis ius ferre et omnia fortium uirorum esse ferociter dicerent,",0.7,,pending,
2977,captam,captam,,captam ab Etruscis,successores Valerio in Volscos missi. Profecti ab urbe Sutrium Furius et Valerius partem oppidi iam,"inuenere, ex parte altera intersaeptis itineribus aegre oppidanos uim hostium ab se arcentes. Cum R",0.75,,pending,
2978,inuenere,inuenere,,ab Etruscis inuenere,ores Valerio in Volscos missi. Profecti ab urbe Sutrium Furius et Valerius partem oppidi iam captam,", ex parte altera intersaeptis itineribus aegre oppidanos uim hostium ab se arcentes. Cum Romani aux",0.7,,pending,
2979,se,se,,se ab Etruscis,inorum prodente ciuitatem facta erat deditio; mitti tamen ad principes eorum placuit ut secernerent,fidemque quam implorassent ab Romanis ipsi praestarent. Vnde cum responsum allatum esset nihil suae,0.75,,pending,
2980,fidemque,fidemque,,ab Etruscis fidemque,rum prodente ciuitatem facta erat deditio; mitti tamen ad principes eorum placuit ut secernerent se,quam implorassent ab Romanis ipsi praestarent. Vnde cum responsum allatum esset nihil suae potestat,0.7,,pending,
2981,dabant,dabant,,more Tusco dabant,"ndorum carminum actu ludiones ex Etruria acciti, ad tibicinis modos saltantes, haud indecoros motus",". Imitari deinde eos iuuentus, simul inconditis inter se iocularia fundentes uersibus, coepere; nec",0.65,,pending,
2982,omne,omne,,omne nomen Etruscum,"euerterunt, militaribus iocis cum apparatum hostium tum suum increpantes pauorem. Concitatur deinde",et Tarquiniensibus Faliscisque ducibus ad Salinas perueniunt. Aduersus eum terrorem dictator C. Mar,0.8,,pending,
2983,annos,annos,,annos in Etruria,nominis urbano prope dilectu decem scribebantur legiones; quaterni quinique exercitus saepe per eos,", in Vmbria Gallis hostibus adiunctis, in Samnio, in Lucanis gerebat bellum. Latium deinde omne cum",0.7,,pending,
2984,fuere,fuere,,apud Etruscos fuere,"s haud dubie, nisi ultro arma Etrusci inferrent. Eadem in comparando cohibendoque bello consilia et",; neutri finibus egressi. Et censura clara eo anno Ap. Claudi et C. Plauti fuit; memoriae tamen feli,0.85,,pending,
2985,clamor,clamor,,clamor ab Etruscis,"ius sol meridie se inclinauit quam telum hinc aut illinc emissum est: inde, ne infecta re abiretur,",oritur concinuntque tubae et signa inferuntur. Nec segnius a Romanis pugna initur. Concurrunt infen,0.75,,pending,
2986,oritur,oritur,,ab Etruscis oritur,"meridie se inclinauit quam telum hinc aut illinc emissum est: inde, ne infecta re abiretur, clamor",concinuntque tubae et signa inferuntur. Nec segnius a Romanis pugna initur. Concurrunt infensis ani,0.7,,pending,
2987,Sutrium,sutrium,,Sutrium ab Etruscis,"io fuerunt; summaque inuidia omnium ordinum solus censuram gessit. [ 35] Dum ea Romae geruntur, iam",obsidebatur consulique Fabio imis montibus ducenti ad ferendam opem sociis temptandasque munitiones,0.75,,pending,
2988,obsidebatur,obsidebatur,,ab Etruscis obsidebatur,"nt; summaque inuidia omnium ordinum solus censuram gessit. [ 35] Dum ea Romae geruntur, iam Sutrium","consulique Fabio imis montibus ducenti ad ferendam opem sociis temptandasque munitiones, si qua pos",0.7,,pending,
2989,haec,haec,,haec in Etruria,"ant, legati pacem foedusque ab Romanis petentes indutias in triginta annos impetrauerunt. [ 38] Dum","geruntur, consul alter C. Marcius Rutulus Allifas de Samnitibus ui cepit. Multa alia castella uiciq",0.7,,pending,
2990,se,se,,se in Etruria,ute sua et magna parte Etruscorum ad rebellionem compulsa tantum exercitum fecerant ut relicto post,"Decio ad oppugnandam inde Romam ituros, magnifice de se ac contemptim de Romanis loquentes, iactare",0.7,,pending,
2991,quoque,quoque,,quoque in Etruria,"uribus aliis coniurauit de caede consulum et senatus, incendiis urbis et obprimenda re p., exercitu","conparato. Ea coniuratio industria M. Tulli Ciceronis eruta est. Catilina urbe pulso, de reliquis c",0.7,,pending,
2992,amisso,amisso,,amisso in Etruria,II TITI LIVI AB URBE CONDITA LIBER XXII PERIOCHA Hannibal per continuas uigilias in paludibus oculo,"m uenit, per quas paludes quadriduo et tribus noctibus sine ulla requie iter fecit. C. Flaminius cos",0.7,,pending,
2993,Gallisque,gallisque,,ab Etruscis Gallisque,"cilius praetor ob ulciscendam legatorum necem et conprimendum tumultum hostium cum exercitu missus,","oppressus interiit. 14 septem praeterea tribuni militum in ea pugna occisi, multi nobiles trucidati",0.7,,pending,
2994,cum,cum,,cum in Etruria,", amisso exercitu paene solus evasit. in eo tamen bello etiam Hannibal sauciatus est. 8 qui postea,","m primo uere transiret, in summo Appennino tempestate correptus, biduo continuo inmobiliter cum exer",0.7,,pending,
2995,Marcellus,marcellus,,Marcellus in Etruria,Tuditanus in Hispania citeriore bello oppressus cum omni exercitu Romano interfectus est; 11 consul,a Bois oppressus magnam partem exercitus perdidit; cui postea Furius alter consul auxilio accessit:,0.7,,pending,
2996,Norinberch,norinberch,,Norinberch appellatur a,"um est, ut non pauci ex ipsis huiusmodi inmanitatem fugientes, in oppido principis quod Noricum seu",liisque municipiis eius ad conservandam vitam se reciperent. Capitulum XXXVIIII. At prefatus Clareva,0.7,,pending,
2997,ita,ita,,ita dictum quod,"est, fuisse perhibetur. Huius Venetiae Aquileia civitatis extitit caput; pro qua nunc Forum Iulii,","Iulius Caesar negotiationis forum ibi statuerat, habetur. 15. Non ab re esse arbitror, si etiam cet",0.7,,pending,
2998,posteaquam,posteaquam,,posteaquam in Etruria,s euasit; in eo tamen bello etiam Annibal sauciatus est. Tunc se Annibali multi Itali dedidere. Qui,"m primo uere transiret, in summo Apennino tempestate correptus biduo continuo immobiliter stetit niu",0.7,,pending,
2999,Marcellus,marcellus,,Marcellus in Etruria,", Cremonam Placentiamque uastantes difficillimo bello a Lucio Fuluio praetore superati sunt. Consul",a Boiis oppressus magnam partem exercitus perdidit; cui postea Furius alter consul auxilio accessit,0.7,,pending,
3000,10,10,,10 ex dulci oriundu,"morabile: tute tibi puer es, lautus luces cereum. Phaed. Egon apicularum congestum opera non feram,","m melculo dulci meo? Pal. Nam quo te dicam ego ire? Phaed. Si tu me roges, dicam ut scias. Pal. Si r",0.7,,pending,
3001,mater,mater,,mater dicta quod,". quanta est cura in animo, quantum corde capio 454-455 dolorem — dolus ne occidat morte pueri: 456","sum, eo magis studeo vitae; quae ausa hunc sum, tantundem dolum <nunc> adgrediar. lucri causa avara",0.7,,pending,
3002,alio,alio,,alio dictum est quod,"ibus sentiunt. 13 Praeterea suae quisque inventioni favet, et quasi fortissimum amplectitur, cum ab","ipse praevidit. Omnibus ergo dandum est aliquid quod teneant, quod agnoscant. 14 Dixit aliquando mi",0.7,,pending,
3003,Vetulonios,vetulonios,,Vetulonios in Etruria,"m et in Gaditano oceano. Patavinorum aquis calidis herbae virentes innascuntur, Pisanorum ranae, ad","non procul a mari pisces. in Casinate fluvius appellatur Scatebra, frigidus, abundantior aestate; i",0.7,,pending,
3004,Tarentinus,tarentinus,,Tarentinus appellatur ab,"uerit. [99] Conectitur secunda regio amplexa Hirpinos, Calabriam, Apuliam, Sallentinos,CCL sinu qui","oppido Laconum — in recessu hoc intimo situm, contributa eo maritima colonia, quae ibi fuerat, abes",0.7,,pending,
3005,Transpadana,transpadana,,Transpadana appellatur ab,"to adest oppidum iuxta Industria vetusto nomine Bodincomagum, ubi praecipua altitudo incipit. [123]","eo regio undecima, tota in mediterraneo, cui marina cuncta fructuoso alveo inportat. oppida Vibi Fo",0.7,,pending,
3006,universum,universum,,universum appellata a,"terarum claritas ex hoc primum sinu effulsit, quapropter paululum in eo conmorabimur. [2] Epiros in","Cerauniis incipit montibus. in ea primi Chaones, a quibus Chaonia, dein Thesproti, Antigonenses, lo",0.7,,pending,
3007,Pieria,pieria,,Pieria appellatur a,"elagonia protegunt a Triballis. oppida Aegae, in quo sepeliri mos reges, Beroea et in regione, quae","nemore, Aeginium. [34] in ora Heraclea, flumen Apilas, oppida Pydna, Aloros, amnis Haliacmon. intus",0.7,,pending,
3008,Pachynum,pachynum,,Pachynum vocatur quod,ibus promunturiis in diversa procurrens Graecae litterae imaginem quae Delta dicitur efficit. [101],"Graeciam spectat, Lilybaeum quod in Africam, Pelorias quod in Italiam vergens Scyllae adversum est.",0.75,,pending,
3009,miles,miles,,miles ab Etruscis,"ervabis amores, formosum ni vis perdere rursus Hylan. XXI Tu, qui consortem properas evadere casum,","saucius aggeribus, quid nostro gemitu turgentia lumina torques? pars ego sum vestrae proxima militi",0.75,,pending,
3010,saucius,saucius,,ab Etruscis saucius,"s amores, formosum ni vis perdere rursus Hylan. XXI Tu, qui consortem properas evadere casum, miles","aggeribus, quid nostro gemitu turgentia lumina torques? pars ego sum vestrae proxima militiae. sic",0.7,,pending,
3011,quod,quod,,quod appellatur a,"dere gentem!""; ""facere enim probus adulescens periculose quam perpeti turpiter maluit"". XII. Est et","novis noema, qua voce omnis intellectus accipi potest, sed hoc nomine donarunt ea quae non dicunt v",0.7,,pending,
3012,aliquot,aliquot,,aliquot in Etruria,"fatis omnia permissurum. Rutuli ad oppugnandum, Troiani ad defendendum urbem redeunt. Aeneas, dies","commoratus, collectis inde auxiliis, ad suos redit, triginta navium classe auctus. Nymphas, e suis",0.7,,pending,
3013,Manlius,manlius,,Manlius in Etruria,"olum, qui parabatur, enuntiat. Ita illi ianua prohibiti tantum facinus frustra susceperant. Interea","plebem sollicitare egestate simul ac dolore iniuriae novarum rerum cupidam, quod Sullae dominatione",0.7,,pending,
3014,Styx,styx,,Styx appellata ab,"bit. [25,1] Quaedam aquae mortiferae sunt nec odore notabiles nec sapore. Circa Nonacrin in Arcadia","incolis aduenas fallit, quia non facie, non odore suspecta est: qualia sunt magnorum artificum uene",0.7,,pending,
3015,et,et,,et in Etruria,"us ramis arboris adcrescentibus adpensus est, et fulgur caelo sereno sine noxa in eius domum venit,","dolia, quae defossa fuerant, supra terram reperta suntet statuas eius in omni Etruria examen apium",0.7,,pending,
3016,Ligea,ligea,,Ligea appellata ab,i fratris natu maximi urbem vocaverunt. Mox in Bruttiis ab Ulyxe exstructum templum Minervæ. Insula,"ejecto ibi corpore sirenis ita nominatæ; Parthenope a Parthenopæ sirenis sepulcro, quam Augustus po",0.7,,pending,
3017,Ligea,ligea,,Ligea appellata ab,fratris natu maximi urbem vocaverunt. mox in Bruttiis ab Ulixe. extructum templum Minervae. insula,"eiecto ibi corpore Sirenis ita nominatae: Parthenope a Parthenopae Sirenis sepulcro, quam Augustus",0.7,,pending,
3018,solifuga,solifuga,,solifuga dicta quod,"rpentibus. sed quod aliis locis serpens, hoc solifuga Sardis agris, animal perexiguum aranei forma,","diem fugiat. in metallis argentariis plurima est, nam solum illud argenti dives est: occultim repta",0.7,,pending,
3019,Ligea,ligea,,Ligea appellata ab,atris natu maximi urbem uocauerunt. 9 Mox in Bruttiis ab Vlixe. extructum templum Mineruae. Insula *,"*eiecto ibi corpore Sirenis ita nominatae; Parthenope a Parthenopae Sirenis sepulcro, quam Augustus",0.7,,pending,
3020,solifuga,solifuga,,solifuga dicta quod,"ntibus. 3 Sed quod aliis locis serpens, hoc solifuga Sardis agris, animal *perexiguum aranei forma,","diem fugiat. In metallis argentariis plurima est, nam solum illud argenti diues est; occultim repta",0.7,,pending,
3021,deus,deus,,Etrusca lingua deus,"ra notaret, futurumque ut inter deos referretur, quod aesar, id est reliqua pars e Caesaris nomine,","vocaretur. Tiberium igitur in Illyricum dimissurus et Beneventum usque prosecuturus, cum interpella",0.9,,pending,
3022,Natus,natus,,Natus in Etruria,"mbris Fabio Persico L. Vitellio coss., decessit VIII Kalendas Decembris P. Mario Afinio Gallo coss.","Volaterris, eques Romanus, sanguine et affinitate primi ordinis viris coniunctus. Decessit ad octav",0.7,,pending,
3023,prolocutum,prolocutum,,prolocutum in Etruria,"tatuam divi Iulii in insula Tiberini amnis sereno et immoto die ab occidente in orientem conversam,","bovem, insolitos animalium partus, et plura alia rudibus saeculis etiam in pace observata, quae nun",0.7,,pending,
3024,iam,iam,,iam dictum quod,"riosum militem, puerum supponi, falli per servom senem, amare odisse suspicari? denique 40 nullumst",non dictum sit prius. qua re aequom est vos cognoscere atque ignoscere quae veteres factitarunt si,0.7,,pending,
3025,Id,id,,Id vocatur quod,ur — de solo triclinio Christianorum retractatur. [16] Cena nostra de nomine rationem sui ostendit:,"dilectio penes Graecos. Quantiscumque sumptibus constet, lucrum est pietatis nomine facere sumptum,",0.75,,pending,
3026,transvenas,transvenas,,transvenas in Etruria,"s multi, qui super ista re commentarios ediderunt. ab his ludorum origo sic traditur: Lydos ex Asia","consedisse Timaeus refert duce Tyrreno, qui fratri suo cesserat regni contentione. igitur in Etruri",0.7,,pending,
3027,igitur,igitur,,igitur in Etruria,"venas in Etruria consedisse Timaeus refert duce Tyrreno, qui fratri suo cesserat regni contentione.",inter ceteros ritus superstitionum suarum spectacula quoque religionis nomine instituunt. inde Roma,0.7,,pending,
3028,quae,quae,,quae appellatur quod,". et theodos. aa. ioanni pf. p. post alia: dominos ita constringi manifestum est actione praetoria,","iussu, si certam numerari praeceperint servo actorive pecuniam. igitur in perpetuum edictali lege s",0.7,,pending,
3029,Amictui,amictui,,Amictui dictum quod,"ulam ac crocotulam. Multa post luxuria attulit, quorum vocabula apparet esse Graeca, ut asbestinon.","ambiectum, est, id est circumiectum, a quo etiam quo vestitas se involuunt, circumiectui appellant,",0.7,,pending,
3030,Tuscanicum,tuscanicum,,Tuscanicum dictum a Tuscis,"aperet, deorsum quo impluebat, dictum impluium, susum qua compluebat, compluium: utrumque a pluvia.",", posteaquam illorum cavum aedium simulare coeperunt. Atrium appellatum ab Atriatibus Tuscis: illinc",0.85,,pending,
3031,Idus,idus,,Sabini Idus dicunt,"nstruas, quae futurae sint eo mense, rex edicit populo. Idus ab eo quod Tusci Itus, vel potius quod",". Dies postridie Kalendas, Nonas, Idus appellati atri, quod per eos dies nihil novi inciperent. Dies",0.75,,pending,
3032,decuma,decuma,,decuma appellata ab,"inc profanum, quod est ante fanum coniunctum fano; hinc profanatum quid in sacrificio atque Herculi","eo est quod sacrificio quodam fanatur, id est ut fani lege fit. Id dicitur polluctum, quod a porric",0.7,,pending,
3033,Subulo,subulo,,"Subulo dictus, quod ita dicunt tibicines Tusci",Callimachum in poematibus eius inveni. Apud Ennium: Subulo quondam marinas propter astabat plagas.,": quocirca radices eius in Etruria, non Latio quaerundae. Versibus quos olim Fauni vatesque canebant",0.9,,pending,
3034,tibicines,tibicines,,ita dicunt tibicines Tusci,"atibus eius inveni. Apud Ennium: Subulo quondam marinas propter astabat plagas. Subulo dictus, quod",": quocirca radices eius in Etruria, non Latio quaerundae. Versibus quos olim Fauni vatesque canebant",0.9,,pending,
3035,eius,eius,,eius in Etruria,"am marinas propter astabat plagas. Subulo dictus, quod ita dicunt tibicines Tusci: quocirca radices",", non Latio quaerundae. Versibus quos olim Fauni vatesque canebant. Fauni dei Latinorum, ita ut et F",0.7,,pending,
3036,ut,ut,,ut in Etruria,"possis neque ficum mariscam et arbores plerasque ac prata retorrida muscosa. Contra in agro pingui,",", licet videre et segetes fructuosas ac restibilis et arbores prolixas et omnia sine musco. In medio",0.7,,pending,
3037,ut,ut,,ut in Etruria,"valet regio ac genus terrae, ut ex eodem semine aliubi cum decimo redeat, aliubi cum quinto decimo,","locis aliquot. In Italia in Subaritano dicunt etiam cum centesimo redire solitum, in Syria ad Gadar",0.7,,pending,
3038,Granum,granum,,Granum dictum quod,"tico, tria habet continentia, granum, glumam, aristam et etiam, primitus spica cum oritur, vaginam.","est intimum soldum; gluma qui est folliculus eius; arista quae ut acus tenuis longa eminet e gluma,",0.7,,pending,
3039,atque,atque,,atque appellatur a,"ra subiectari vallis aut ventilabris, cum ventus spirat lenis. Ita fit ut quod levissimum est in eo","cus ac palea evannatur foras extra aream ac frumentum, quod est ponderosum, purum veniat ad corbem.",0.7,,pending,
3040,viri,viri,,viri in Etruria,"iis pacis, foedus cum feritur, porcus occiditur, et quod nuptiarum initio antiqui reges ac sublimes","in coniunctione nuptiali nova nupta et nouus maritus primum procum immolant. Prisci quoque Latini,",0.7,,pending,
3041,item,item,,item appellatur quod,"a, cornicines canunt; quotiens antem pugnatur, et tubicines et cornicines pariter canunt. Classicum","bucinatores per cornu dicunt. Hoc insigne uidetur imperii, quia classicum canitur imperatore praese",0.7,,pending,
3042,et,et,,et appellatur a,"uocatur ab eo, quod incurua est, ut de muro extrahat lapides, aut certe caput ipsius uestitur ferro","ries, uel quod habet durissimam frontem, qua subruit muros, uel quod more arietum retrocedit, ut cum",0.7,,pending,
3043,fugiens,fugiens,,fugiens in Etruria,"serat regem. 6 1 Lucius Tarquinius Priscus, Demarati Corinthii filius, eius, qui Cypseli tyrannidem","m commigravit. 2 Ipse Lucumo dictus, urbe Tarquiniis profectus Romam petiit. 3 Advenienti aquila pil",0.7,,pending,
3044,sunt,sunt,,sunt in Etruria,"cit ea coire celeriterque unam soliditatis percepire virtutem. Relinquetur desideratio, quoniam ita","ex aqua calida crebri fontes, quid ita non etiam ibi nascitur pulvis, e quo eadem ratione sub aqua",0.7,,pending,
3045,sic,sic,,sic in Etruria,"st molle et tenerum, exurit, quod autem asperum, relinquit. Itaque uti Campania exusta terra cinis,","excocta materia efficitur carbunculus. Utraque autem sunt egregia in structuris, sed alia in terren",0.7,,pending,
3046,vulgo,vulgo,,vulgo appellatur A,"astrum Harenc obsiderent. Est autem praedictus locus, in territorio Chalcidensi, quae civitas hodie","rtasia, nobilis aliquando, nunc ad instar parvissimi redacta oppidi. Distat autem uterque locus ab A",0.7,,pending,
3047,Amictui,amictui,,Amictui dictum quod,"ulam ac crocotulam. Multa post luxuria attulit, quorum vocabula apparet esse Graeca, ut asbestinon.","ambiectum, est, id est circumiectum, a quo etiam quo vestitas se involuunt, circumiectui appellant,",0.7,,pending,
3048,Tuscanicum,tuscanicum,,Tuscanicum dictum a Tuscis,"aperet, deorsum quo impluebat, dictum impluium, susum qua compluebat, compluium: utrumque a pluvia.",", posteaquam illorum cavum aedium simulare coeperunt. Atrium appellatum ab Atriatibus Tuscis: illinc",0.85,,pending,
3049,Idus,idus,,Sabini Idus dicunt,"nstruas, quae futurae sint eo mense, rex edicit populo. Idus ab eo quod Tusci Itus, vel potius quod",". Dies postridie Kalendas, Nonas, Idus appellati atri, quod per eos dies nihil novi inciperent. Dies",0.75,,pending,
3050,decuma,decuma,,decuma appellata ab,"inc profanum, quod est ante fanum coniunctum fano; hinc profanatum quid in sacrificio atque Herculi","eo est quod sacrificio quodam fanatur, id est ut fani lege fit. Id dicitur polluctum, quod a porric",0.7,,pending,
3051,Subulo,subulo,,"Subulo dictus, quod ita dicunt tibicines Tusci",Callimachum in poematibus eius inveni. Apud Ennium: Subulo quondam marinas propter astabat plagas.,": quocirca radices eius in Etruria, non Latio quaerundae. Versibus quos olim Fauni vatesque canebant",0.9,,pending,
3052,tibicines,tibicines,,ita dicunt tibicines Tusci,"atibus eius inveni. Apud Ennium: Subulo quondam marinas propter astabat plagas. Subulo dictus, quod",": quocirca radices eius in Etruria, non Latio quaerundae. Versibus quos olim Fauni vatesque canebant",0.9,,pending,
3053,eius,eius,,eius in Etruria,"am marinas propter astabat plagas. Subulo dictus, quod ita dicunt tibicines Tusci: quocirca radices",", non Latio quaerundae. Versibus quos olim Fauni vatesque canebant. Fauni dei Latinorum, ita ut et F",0.7,,pending,
3054,autem,autem,,autem dictum quod,orium ligno ex una parte extentum. Est enim pars media symphoniae in similitudinem cribri. Tympanum,"medium est, unde et margaritum medium tympanum dicitur; et ipsud, ut symphonia, ad virgulam percuti",0.7,,pending,
3055,Pessaria,pessaria,,Pessaria dicta quod,"catur. Malagma, quod sine igne maceretur et conprehendatur. Enema Graece, Latine relaxatio dicitur.",intus iniciantur. [12] Medicinam iumentorum Chiron quidam Graecus invenit. Inde pingitur dimidia pa,0.7,,pending,
3056,Enchiridion,enchiridion,,Enchiridion dictum quod,scribuntur. Butanicum herbarum dicitur quod ibi herbae notentur. XI. DE INSTRVMENTIS MEDICORVM. [1],"manu adstringatur, dum plurima contineat ferramenta; CHEIR enim Graece manus vocatur. [2] Phlebotom",0.7,,pending,
3057,Falsitas,falsitas,,Falsitas appellata a,"ipite nunc malum.' [8] Calumnia est iurgium alienae litis, a calvendo, id est decipiendo dicta. [9]",fando aliud quam verum est. [10] Iniuria est iniustitia. Hinc est apud Comicos (? Plaut. Mil. 436):,0.7,,pending,
3058,Poena,poena,,Poena dicta quod,"ena. Malum autem tunc plenum est, cum et praeteritum est et inpendet, ut sit et dolor et metus. [2]","puniat. Est autem epithetum nomen, et sine adiectione non habet plenum sensum: adicis poena carceri",0.7,,pending,
3059,autem,autem,,autem dictum quod,"adulta et praeceps sive extrema. Vnde est illud (Virg. Georg. 1,340): Extremae sub casu hiemis. Ver","viret. Tunc enim post hiemem vestitur tellus herbis, et in florem cuncta rumpuntur. [4] Aestas dici",0.7,,pending,
3060,autem,autem,,autem dicta quod,Conficitur bibula Memphitis carta papyro. [2] Bibulam autem papyrum dixit quod humorem bibat. Carta,carptim papyri tegmen decerptum glutinatur. Cuius genera quam plura sunt. Prima et praecipua August,0.7,,pending,
3061,autem,autem,,autem dicta quod,"e invenies. XVI. DE CANONIBVS CONCILIORVM. [1] Canon autem Graece, Latine regula nuncupatur. Regula","recte ducit, nec aliquando aliorsum trahit. Alii dixerunt regulam dictam vel quod regat, vel quod n",0.7,,pending,
3062,autem,autem,,autem vocatur quod,"solitoÝ, id est firmo atque solido nominata. [vel ex eo, quod soleat fieri in anno.] [2] Celebritas","non ibi terrena, sed caelestia tantum agantur. [3] Pascha festivitatum omnium prima est, de cuius v",0.75,,pending,
3063,Oblatio,oblatio,,Oblatio vocatur quia,"ri offertur et sacrificatur a pontificibus, a quo offertorium nominatum, quasi propter fertum. [25]","offertur. [26] Dona proprie divina dicuntur, munera hominum. [27] Nam munera dicuntur obsequia, qua",0.75,,pending,
3064,Incorruptibilis,incorruptibilis,,Incorruptibilis appellatur quia,"lis utique deprehenditur; ac per hoc solus Deus dicitur inmortalis, quia solus incommutabilis. [20]",corrumpi et dissolvi non potest nec dividi. Quidquid enim capit divisionem et interitum capit. Ille,0.7,,pending,
3065,Trinitas,trinitas,,Trinitas appellata quod,ius docet vos de omni re.' Ipse est enim Spiritus sanctus unctio invisibilis. IV. DE TRINITATE. [1],"fiat totum unum ex quibusdam tribus, quasi Triunitas; ut memoria, intellegentia et voluntas, in qui",0.7,,pending,
3066,Spes,spes,,Spes vocata quod,"o quod fit illud quod inter utrosque placitum est, quasi inter Deum et hominem; hinc et foedus. [5]","sit pes progrediendi, quasi 'est pes.' Vnde et e contrario desperatio. Deest enim ibi pes, nullaque",0.75,,pending,
3067,ideo,ideo,,ideo dictum quod,"ellatur, quia contra Christum venturus est. Non, quomodo quidam simplices intellegunt, Antichristum","ante Christum venturus sit, id est post cum veniat Christus. Non sic, sed Antichristus Graece dicit",0.7,,pending,
3068,Iscurra,iscurra,,Iscurra vocatur quia,"152] Investis, id est sine veste; nondum enim habet stolam; quod est signum maritalis virginitatis.","causa escae quempiam consectatur. K [153] Katholicus, universalis: Graecum enim est. Karus Graecum",0.75,,pending,
3069,Sicarius,sicarius,,Sicarius vocatur quia,"et asperi. Scrupo est enim arena durior. Sacrilegus dicitur ab eo quod sacra legit, id est furatur.","ad perpetrandum scelus telis armatus est. Sica enim gladius est, a secando vocatus. [253] Scaevus,",0.75,,pending,
3070,autem,autem,,autem appellata a,"] Senex autem tantum masculini generis est, sicut anus feminini; nam anus dicitur sola mulier. Anus","multis annis, quasi annosa. Nam si commune esset nomen, cur diceret Terentius (Eun. 357): 'senem mu",0.7,,pending,
3071,ita,ita,,ita vocata quia,distant. Sunt enim in facie producta barba et lata cauda. [34] Leontophonos bestia modica; et ex eo,"capta exuritur, eiusque cinere aspersae carnes et positae per conpita semitarum leones necant, si q",0.75,,pending,
3072,ita,ita,,ita vocata quod,"um nutrit, sicque iterum de cincribus suis resurgit. [23] Cinnamolgus et ipsa Arabiae avis, proinde",in excelsis nemoribus texit nidos ex fruticibus cinnami: et quoniam non possunt ibi homines conscen,0.75,,pending,
3073,vulgo,vulgo,,vulgo appellatur a,"vis, unde et nuncupatus; rapacissimus tamen et semper domesticis avibus insidiator. [59] Ossifragus",vis quae ossa ab alto dimittit et frangit. Vnde et a frangendo ossa nomen accepit. [60] Turtur de vo,0.7,,pending,
3074,Tonitruum,tonitruum,,Tonitruum dictum quod,"emque faciunt; unde est illud (Virg. Aen. 5,20): Atque in nubem cogitur aer. VIII. DE TONITRVO. [1]",sonus eius terreat; nam tonus sonus. Qui ideo interdum tam graviter concutit omnia ita ut caelum di,0.7,,pending,
3075,Grando,grando,,Grando appellata quod,"e et Lucretius (1,715): Ex igni, terra atque anima nascuntur et imbri. Est autem nomen Graecum. [5]","forma eius granorum similitudinem habeat. Haec autem ventorum rigore durantur in nube, ac solidantu",0.7,,pending,
3076,Aqua,aqua,,Aqua dicta quod,"ventos quam fulmina alata fingunt poetae, ut (Virg. Aen. 8,430): Alitis Austri. XII. DE AQVIS. [1]","superficies eius aequalis sit; hinc et aequor appellatum, quia aequaliter sursum est. [2] Duo autem",0.7,,pending,
3077,magnum,magnum,,magnum appellatur quia,"est quod ab occasu ex Oceano fluit et in meridiem vergit, deinde ad septentrionem tendit; quod inde","cetera maria in conparatione eius minora sunt. Iste est et Mediterraneus, quia per mediam terram us",0.7,,pending,
3078,Charybdis,charybdis,,Charybdis dicta quod,"mam hominis capitibus caninis succinctam, quia conlisi ibi fluctus latratus videntur exprimere. [5]","gurgitibus occultis naves obsorbeat; est enim mare verticosum, et inde ibi laniata naufragia profun",0.7,,pending,
3079,Diluvium,diluvium,,Diluvium dictum quod,"a sunt, quaedam vero, quae non erant, abyssi tunc ruptis meatibus eruperunt. XXII. DE DILVVIIS. [1]","aquarum clade omnia quae inundaverit deleat. [2] Primum diluvium extitit sub Noe, quando hominum sc",0.7,,pending,
3080,Palaestinae,palaestinae,,Palaestinae vocata quod,ens in terra Agrabath. Situs eius natura consimili nec ullo differens a Iudaea. [23] Galilaea regio,"gignat candidiores homines quam Palaestina. Haec autem duplex est, superior et inferior, sibi tamen",0.75,,pending,
3081,Italiae,italiae,,Italiae dicta quod,"minata. Est enim in iugis Appennini montis sita, in parte Italiae iuxta meridiem. [22] Etruria pars","eius fines tendebantur usque ad ripam Tiberis, quasi ETEROURIA. Nam ETERON significat alterum, OROS",0.7,,pending,
3082,Libya,libya,,Libya dicta quod,"as, et ultra vel quod ultima vel quod non sit post hanc ulla, hoc est alia, terra. V. DE LIBYA. [1]","inde Libs flat, hoc est Africus. Alii aiunt Epaphum Iovis filium, qui Memphin in Aegypto condidit,",0.7,,pending,
3083,autem,autem,,autem vocata quod,"um in ius suum Romani vincendo redigerent, procul positas regiones provincias appellaverunt. Patria","communis sit omnium, qui in ea nati sunt. [20] Terra autem significari, ut praediximus (13,3,1), el",0.75,,pending,
3084,Graece,graece,,Graece dicta quod,"] Abydos insula in Europa super Hellespontum posita, angusto et periculoso mari separata, et ABUDOS","sit introitus Hellesponti maris, in quo Xerxes pontem ex navibus fecit, et in Graeciam transiit. [1",0.7,,pending,
3085,autem,autem,,autem vocata quod,"Cytherea insula una ex Cycladibus a parte occidua sita, cuius Porphyris antea nomen fuit. Cytherea","ibi Venus sit orta. [26] Icaria insula una de Cycladibus, quae Icario mari nomen dedit. Haec inter",0.75,,pending,
3086,Hispaniae,hispaniae,,Hispaniae dicta quod,"is angulosa, gignens laetissima pabula et lapidem quem catochiten Graeci vocant. [43] Ebosus insula","a Zanio non procul sit, quasi abozus; nam septuaginta stadiis ab ea distat. Cuius terram serpentes",0.7,,pending,
3087,Deserta,deserta,,Deserta vocata quia,"a conlucendo crebris luminibus dici, quae ibi propter religionem gentilium cultumque fiebant. [31]","non seruntur et ideo quasi deseruntur; ut sunt loca silvarum et montium, contraria uberrimarum terr",0.75,,pending,
3088,notatum,notatum,,litteris Tuscis notatum,"aiunt, cum Tarquinius Priscus Capitolii fundamenta Romae aperiret, in loco fundamenti caput hominis","invenit, et proinde Capitolium appellavit. [32] Arces sunt partes urbis excelsae atque munitae. Nam",0.85,,pending,
3089,Macellum,macellum,,Macellum dictum quod,"ulis lignisque erant constructae, quae nunc et si non speciem, nomen tamen pristinum retinent. [44]",ibi mactentur pecora quae mercantibus venundantur. [45] Mercatum autem a conmercio nominatum. Ibi e,0.7,,pending,
3090,Cella,cella,,Cella dicta quod,". KLINE enim Graece lectus vel adcubitus dicitur, ex quo confectum est ut triclinium diceretur. [9]","nos occultat et celat. Cubiculum vero, quod eo cubamus ibique dormientes requiescimus. Cubile autem",0.7,,pending,
3091,Analogium,analogium,,Analogium dictum quod,"niversi exaudire possint. Alias tribunal a tribu denominatum, quod ad illud tribus convocetur. [17]",sermo inde praedicetur; nam LOGOS Graece sermo dicitur; quod et ipsud altius situm est [ut in eo le,0.7,,pending,
3092,Fundamentum,fundamentum,,Fundamentum dictum quod,prius quam domum ingrediamur; postes eo quod post ostium stent. VIII. DE PARTIBVS AEDIFICIORVM. [1],"fundus sit domui. Idem et caementum a caedendo dictum, quod caeso crasso lapide surgat. [2] Paries",0.7,,pending,
3093,Capitolia,capitolia,,Capitolia dicta quod,"s est earum quae vocantur Atticae, quaternis angulis aut amplius, paribus laterum intervallis. [15]","sint columnarum capita, sicut super collum caput. Epistolia sunt quae super capitella columnarum po",0.7,,pending,
3094,Volutabra,volutabra,,Volutabra appellata quod,"e. Lutum vocatum quidam per antiphrasin putant, quod non sit mundum; nam omne lotum mundum est. [5]",ibi apri volutentur. Vligo sordes limi vel aquae sunt. Sabulum levissimum terrae genus. [6] Argilla,0.7,,pending,
3095,crepido,crepido,,crepido vocata quod,"LAIA Graece, speluncae Latine. Est autem rupis cavata. [3] Crepido extremitas saxi abrupta; unde et","sit abrupti saxi altitudo, sicut 'haeret pede pes densus' (Virg. Aen. 10,361); unde et vocatur. Cau",0.75,,pending,
3096,Chalcosmaragdus,chalcosmaragdus,,Chalcosmaragdus dicta quod,"similes notas habent. Smaragdi autem mero et viridi proficiunt oleo, quamvis natura inbuantur. [3]",viridis sit et turbida aereis venis. Haec in Aegypto vel Cypro insula nascitur. [4] Prasius pro vir,0.7,,pending,
3097,Myrrhites,myrrhites,,Myrrhites dicta est quod,"e profundo petat, et carinis ita tenaciter adhaereat ut nisi abrasa parte ligni vix separetur. [14]",in ea myrrhae color est. Conpressus autem usque ad calorem nardi spirat suavitatem. Aromatitis repe,0.7,,pending,
3098,Onyx,onyx,,Onyx appellata quod,"aec rubrum habet colorem marmoribus praestans, sed inter gemmas vilissima. Genera eius quinque. [3]",habeat in se permixtum candorem in similitudinem unguis humanae. Graeci enim unguem ONUCHAdicunt. H,0.7,,pending,
3099,Melichrysus,melichrysus,,Melichrysus dicta quod,ris habet quadrulas. Gignitur in Persida. [6] Leucochrysus colore aureo interveniente candida vena.,"veluti per aurum (sincerum mel), sic haec gemma transluceat. [7] Chrysocolla gignitur in India, ubi",0.7,,pending,
3100,Vitrum,vitrum,,Vitrum dictum quod,"tem non translucidas gemmas caecas appellari, eo quod densitate sua obscurentur. XVI. DE VITRO. [1]",visui perspicuitate transluceat. In aliis enim metallis quidquid intrinsecus continetur absconditur,0.7,,pending,
3101,aurum,aurum,,aurum dictum quod,"fulgeat luce alia repercussus. Hinc et aurarii dicti, quorum fulgor splendiosus reddit. [2] Obryzum","obradiet splendore; est enim coloris optimi, quod Hebraei 'ophaz', Graeci KIRRON dicunt. Brattea di",0.7,,pending,
3102,vivum,vivum,,vivum dictum quod,"Cui mirum in modum illud ut, dum candidum sit, inpressum corpori liness nigras reddat. [2] Argentum","excidat materias in quibus inicitur; hoc et liquidum, quia percurrit. Invenitur specialiter in meta",0.7,,pending,
3103,Aurichalcum,aurichalcum,,Aurichalcum dictum quod,"pide aeroso, quem cadmiam vocant; et est ductile. Huic si addatur plumbum, colore purpureo fit. [3]",et splendorem auri et duritiam aeris possideat. Est autem nomen compositum ex lingua Latina et Grae,0.7,,pending,
3104,Ferrum,ferrum,,Ferrum dictum quod,"tque ita distillantibus, quodex eo cecidit in ipsum acetum teritur et cribratur. XXI. DE FERRO. [1]","farra, id est semina frugum, terrae condeat. Idem et chalybs a Chalybe flumine, ubi ferrum optima a",0.7,,pending,
3105,Plumbum,plumbum,,Plumbum dictum quod,"menta non vitiat, si eadem medulla cervina vel cerussa mixta rosaceo unguitur. XXII. DE PLVMBO. [1]","ex eo primum pilis factis maris altitudo temptata est. Huius duo genera sunt, nigrum et candidum; s",0.7,,pending,
3106,Vncia,vncia,,Vncia dicta quod,"in litteris divinis legatur siclus, uncia est; cum vero in gentilium, quarta pars unciae est. [19]","universitatem minorum ponderum sua unitate vinciat, id est conplectat. Constat autem dragmis octo,",0.7,,pending,
3107,Amphora,amphora,,Amphora vocata quod,"s vel 'bata' nominatur, capiens quinquaginta sextaria; quae mensura una molae vice proteritur. [13]","hinc et inde levetur. Haec Graece a figura sui dicta dicitur, quod eius ansae geminatae videantur a",0.75,,pending,
3108,Hordeum,hordeum,,Hordeum dictum quod,"tur. [9] Alica Graecum nomen est. Alicastrum simile est alicae, pondere et bonitate praecipua. [10]","prae ceteris generibus frumenti ante fiat aridum, vel quod spica eius ordines habeat. Horum tria ge",0.7,,pending,
3109,Panicium,panicium,,Panicium dictum quod,ius in incrementum frugis centesimum renascatur. Hinc et milium a multitudine fructus vocatum. [13],"multis in regionibus ex eo panis vice homines sustententur, quasi panivicium. Pistum a pasto. Sisam",0.7,,pending,
3110,Arista,arista,,Arista appellata quod,"per culmi folliculum, id est extremum tumorem, aristae adhuc tenues in modum spiculi eminent. [16]",prius ipsa arescat. Culmus est ipse calamus spicae qui a radicibus nascitur: et dictus culmus quasi,0.7,,pending,
3111,Lentis,lentis,,Lentis vocata quod,"yptia. [4] Faba fresa dicta eo quod ea homines fredant, id est frangant, et molendo conminuant. [5]","humida et lenta est, vel quod adhaeret humi. [6] Faselum autem et cicer Graeca nomina sunt. Sed fas",0.75,,pending,
3112,Vicia,vicia,,Vicia dicta quod,". Haec semel seritur et decem annis permanet, ita ut quater vel sexies possit per annum recidi. [9]","vix ad triplicem perveniat fructum, cum alia legumina proventum habeant fertilem: unde et Vergilius",0.7,,pending,
3113,Vitis,vitis,,Vitis dicta quod,autem inventorem vitis Liberum appellari: unde et eum gentiles post mortem deum esse voluerunt. [2],vim habeat citius radicandi. Alii putant vites dictas quod invicem se vittis innectant vicinisque a,0.7,,pending,
3114,Radix,radix,,Radix appellatur quod,ant virgultas vel umbras; sunt autem causa umbrarum. Oculi nodi sunt ex quibus frondes exeunt. [14],quasi radiis quibusdam fixa terris in profunda dimergitur. Nam physici dicunt parem esse altitudine,0.7,,pending,
3115,virgultum,virgultum,,virgultum appellatur quod,"est quod de radice pullulat; ramus, qui de ipso robore arboris; virga, quae de ramis. Proprie autem","ad radicem arboris nascitur et quasi inutile ab agricolis amputatur. Et hinc dictum virgultum, quia",0.7,,pending,
3116,Graecis,graecis,,Graecis dictum quod,lla potius victores coronantur. Sola quoque haec arbor vulgo fulminari minime creditur. [3] Malum a,sit fructus eius pomorum omnium rotundissimus: unde et haec sunt vera mala quae vehementer rotunda,0.7,,pending,
3117,ita,ita,,ita appellata quod,"at, quod et medici et scriptores utuntur. [11] Oleomela nascitur in Palmyra, Syriae civitate; ex eo","ex trunco oleum defluat in crassitudine mellis, sapore suavi. [12] ÝPomelidaÝ sorbo similis, medioc",0.7,,pending,
3118,putant,putant,,putant dictum quod,es quibus innascitur carpit; rumpit enim et prodit ex latebris quibus concepta est. Alii caprificum,"ficus arbor eius remedio fecundetur. [19] Morus a Graecis vocata, quam Latini rubum appellant, eo q",0.7,,pending,
3119,Nux,nux,,Nux appellata quod,"folia similis moro. Hanc Latini celsam appellant ab altitudine, quia non est brevis, ut morus. [21]",umbra vel stillicidium foliorum eius proximis arboribus noceat. Hanc alio nomine Latini iuglandem v,0.7,,pending,
3120,Abies,abies,,Abies dicta quod,"sit arboris. Pinus creditur prodesse cunctis quae sub ea seruntur, sicut ficus nocere omnibus. [32]","prae ceteris arboribus longe eat et in excelsum promineat. Cuius natura expers est terreni humoris,",0.7,,pending,
3121,Alnus,alnus,,Alnus vocatur quod,oloribus inpar. [41] Robur autem generaliter dicitur ex omni materia quidquid est firmissimum. [42],"alatur amne; proxime enim aquae nascitur, nec facile extra undas vivit. Hinc [et] tenera et mollis,",0.75,,pending,
3122,Populus,populus,,Populus dicta quod,"st, ex qua tabulae tegulis adfixae flammam repellunt, neque ex se carbonem ambustae efficiunt. [45]","ex eius calce multitudo nascatur. Cuius genus duplex est: nam altera est alba, altera nigra. Alba a",0.7,,pending,
3123,Salix,salix,,Salix dicta quod,d utilis sit ad usum telorum nitore et levitate iaculandi: est enim genus materiae levissimae. [47],"celeriter saliat, hoc est velociter crescat, arbor lenta, vitibus habilis vinciendis. Cuius seminis",0.7,,pending,
3124,enim,enim,,enim appellatur a,"omnium resinarum praestantiorem. [53] Buxus Graecum nomen est, ex parte a Latinis corruptum; PUKSOS",pud eos. Arbor semper virens et levitate materiae elementorum apicibus apta. Vnde et Scriptura (Isai,0.7,,pending,
3125,Et,et,,Et appellatur a,"ne veluti in pulverem resolutum, et cum frangitur, intus pingue et igni adpositum facile ardescens.","pud nos masculum, eo quod sit natura rotundum in modum testiculorum. Reliquum planum et pene scabros",0.7,,pending,
3126,autem,autem,,autem dicta quod,"calamites, pinguis, resinosa, odoris iucundi, humecta et veluti mellosum liquorem emittens. Storax","sit gutta arboris profluens et congelata. Nam Graeci stiriam guttam dicunt, Graece autem STURAKS, L",0.7,,pending,
3127,Cinnamomum,cinnamomum,,Cinnamomum dictum quod,i. Denique lignum ipsius vice thymiamatum altaribus adoletur; unde et nomen traxisse creditur. [10],cortex eius in modum cannae sit rotundus et gracilis. Gignitur autem in Indiae et Aethiopiae region,0.7,,pending,
3128,Folium,folium,,Folium dictum quod,anationem. Non tamen omnium herbarum etymologiam invenies. Nam pro locis mutantur etiam nomina. [2],sine ulla radice innatans in Indiae litoribus colligatur. Quod lino perforatum siccant Indi atque r,0.7,,pending,
3129,Hedera,hedera,,Hedera dicta quod,"ulto; [21] in cuius imitatione arte vestis ornatur, quae acanthina dicitur; et acanthis dicta. [22]","arboribus reptando adhaereat. De qua Vergilius (Ecl. 8,13): Inter victrices hederam tibi serpere la",0.7,,pending,
3130,eo,eo,,eo dicta quod,lorum graminum usque adeo celebris est ut noxias herbas aconita illinc nominemus. Nam toxica venena,"ex arboribus taxeis exprimitur, maxime apud Cantabriam. [26] Euphorbium dictum quod eius sucus ocul",0.7,,pending,
3131,Euphorbium,euphorbium,,Euphorbium dictum quod,"nemus. Nam toxica venena eo dicta quod ex arboribus taxeis exprimitur, maxime apud Cantabriam. [26]",eius sucus oculorum acuat visum. Cuius vis tanta est ut duris carnibus superadiecta citius coqui co,0.7,,pending,
3132,Mandragora,mandragora,,Mandragora dicta quod,"haerentes eiciunt. Hanc quidam Latinorum puleium Martis dicunt, propter belli tela excutienda. [30]","habeat mala suaveolentia, in magnitudinem mali Matiani: unde et eam Latini malum terrae vocant. Han",0.7,,pending,
3133,eo,eo,,eo dicta quod,"S, quia locis humectis nascitur. Eadem et fel terrae propter amaritudinem. [34] Glycyriza Graece ex","dulcem radicem habeat; GLUKU enim Graece dulce dicunt. Eadem ADIPSOS, quia sitientibus sitim sedat.",0.7,,pending,
3134,autem,autem,,autem dictum quod,"um, illud quod trans Danubium in solo barbarico, istud quod circa Pontum colligitur, nominatum. Reu","sit radix, quasi radix barbara, quasi radix Pontica. [41] Hyoscyamos a Graecis dicta, a Latinis her",0.7,,pending,
3135,Saxifraga,saxifraga,,Saxifraga vocata quod,"ni imaginem turbidam. Hanc vulgus milimindrum dicit, propter quod alienationem mentis inducit. [42]","semen eius petras in vesica frangat atque conminuat. Gentiana nomen sumpsit, ut medici memorant, ab",0.75,,pending,
3136,eo,eo,,eo vocata quod,"t, quos Graeci ORCHEIS vocant. Idem et leporina, propter quod caulem mollem emittat. [44] Vrtica ex","tactus eius corpus adurat. Est enim igneae omnino naturae et tactu perurit, unde et pruriginem faci",0.75,,pending,
3137,Graece,graece,,Graece dicta quod,"e a gentibus consecrata est, unde et nuncupata; Graece enim Diana ARTEMIS dicitur. [46] Chamaemelos",mali Matiani odorem habeat sitque brevis terraeque vicina. [47] Chamaedrys a Graecis appellata quod,0.7,,pending,
3138,Graecis,graecis,,Graecis appellata quod,elos Graece dicta quod mali Matiani odorem habeat sitque brevis terraeque vicina. [47] Chamaedrys a,"sit brevis et per terram strata et minuta foliis parvissimis. [48] Paeon quidam medicus fuit, a quo",0.7,,pending,
3139,Psyllios,psyllios,,Psyllios dicta quod,"icitur, quod vere primo senescat: unde et eam Latini senicionem vocant. Nascitur per macerias. [54]",semen simile pulicis habeat: unde et eam Latini herbam pulicarem vocant. [55] Hierobotane ideo a Gr,0.7,,pending,
3140,Splenos,splenos,,Splenos dicta quod,"am quidam herbam lanariam vocant, eo quod plerique lanam ex ea lavent. Nascitur [in] locis cultis. [","splenem auferat.] [57] Cimicia, propter similitudinem cimicis dicta: unde et eam Greci KORION vocav",0.7,,pending,
3141,Citocacia,citocacia,,Citocacia vocata quod,"ic contraria atque falsa ex Syria vel Iudaea. [65] Daucos, foliis feniculi similis thyrso bipalmis.",ventrem cito depurgat; quam vulgus corrupte citocociam vocant. [66] Lappa dicta quod habeat caulem,0.75,,pending,
3142,Lappa,lappa,,Lappa dicta quod,bipalmis. Citocacia vocata quod ventrem cito depurgat; quam vulgus corrupte citocociam vocant. [66],"habeat caulem ingentem per terram dispositam. [67] Haec herba a Graecis FILANTHROPOS vocatur, quod",0.7,,pending,
3143,Rubia,rubia,,Rubia dicta quod,", vel quod sit virgulis nigris lenibus cum splendore quasi capilli. Nascitur in aquosis locis. [68]","radix eius sit rubra, unde et colorare lanas perhibetur. [69] Anchusa, cuius radix contrita digitos",0.7,,pending,
3144,Graece,graece,,Graece dicta quod,"vocant, ab eo quod ad lychnia facit. Eadem et lucubros, quod lucem praebeat umbris. [74] Pyrethron","habeat radicem incendiosam atque coacervantem. [75] Althaea malva agrestis, sive malvaviscus; sed a",0.7,,pending,
3145,Graecis,graecis,,Graecis dicta quod,"rstitio gentilium dicit quod, si integra ad limen suspendatur, omnia mala fugat. [86] Chamaepitys a","terrae adhaereat et odorem pini habeat. Hanc Latini cucurbitularem vocant, quod ex parte odorem cuc",0.7,,pending,
3146,Asplenos,asplenos,,Asplenos dicta quod,"rem vocant, quod ex parte odorem cucurbitae referat. Staphysagria nascitur [in] locis amoenis. [87]","splenem auferat; sive scolopendrios, eo quod folia ipsius scolopendro animali sint similia. Nascitu",0.7,,pending,
3147,Latinis,latinis,,Latinis appellata quod,"similiter habens, quae in maturitate nigrescunt, unde et vocabulum sumpsit. [92] Viticella herba a","sicut vitis quidquid proximum habuerit, adprehendat corymbis, quos anulos appellamus. [93] Bupthalm",0.7,,pending,
3148,Papyrum,papyrum,,Papyrum dictum quod,iendo ferulam dicunt. Ad hanc enim pueri et puellae vapulare solent: huius sucus galbanum est. [96],igni et cereis est aptum; PUR enim Graeci ignem dicunt. Iuncus [eo quod iunctis radicibus haereat].,0.7,,pending,
3149,Faenum,faenum,,Faenum dictum quod,"ium. [106] Zizania, quam poetae semper infelix lolium dicunt, quod sit inutile et infecundum. [107]",eo flamma nutritur; FOS enim flamma est. Manipulum dicimus fascem faeni: et dictum manipulum quod m,0.7,,pending,
3150,vocabulo,vocabulo,,vocabulo appellatur A,"est enim summitas olerum vel arborum, in qua vegens virtus naturalis est. [5] Malva ex parte Graeco","PO TOUMALASSEIN, eo quod molliendi alvum solvendique naturam habeat. Cuius sucus, si quis se oleo mi",0.7,,pending,
3151,Pastinaca,pastinaca,,Pastinaca vocata quod,s negatur feriri. Folia eius ex oleo trita et inposita scorpionibus creduntur afferre torporem. [6],"eius radix praecipuus pastus sit hominis: est enim odoratu iucunda, cibo delectabilis. [7] Rapa dic",0.75,,pending,
3152,Lactuca,lactuca,,Lactuca dicta est quod,contra acceptum venenum. Vnde et apud veteres ante alias epulas haec solebant mensis adponere. [11],"abundantia lactis exuberet, seu quia lacte nutrientes feminas inplet. Haec et in viris Veneris usum",0.7,,pending,
3153,Alium,alium,,Alium dictum quod,"3] Ascalonia nuncupata ex una urbium Palaestinae quae Ascalon dicitur, unde prius advecta est. [14]","oleat. Vlpicum appellatum quod alii odorem habeat. Phaselos vocari aiunt a Phaselo insula Graeciae,",0.7,,pending,
3154,Apium,apium,,Apium dictum quod,"ra agrestis, acrioris virtutis; utraque tamen Veneris commovent usum. XI. DE ODORATIS OLERIBVS. [1]","eo apex, id est caput, antiquorum triumphantium coronabatur. Hercules autem hanc herbam primus capi",0.7,,pending,
3155,Hipposelinon,hipposelinon,,Hipposelinon dictum quod,"Graece apium dicitur. Sed est summum ac probabile Macedonicum, gustu suave et odore aromatico. [3]","sit durum et austerum. Oleoselinon, quod mollius folio et caule tenerum. [4] Feniculum Latini vocan",0.7,,pending,
3156,Ruta,ruta,,Ruta dicta quod,"dederis, amentiam nutrit. Canos etiam ex coriandro infici traditum est. Abrotanum. Caerefolium. [8]",sit ferventissima. Cuius altera agrestis atque virtute acrior; sed utraque ferventissimae conproban,0.7,,pending,
3157,bellum,bellum,,bellum vocatur quod,"stationem, quam terra marique diu egerant, mira celeritate conpressit ac superavit. [6] Sicut autem","contra hostes agitur, ita tumultus quod civili seditione concitatur. Nam seditio est dissensio civi",0.75,,pending,
3158,Victoria,victoria,,Victoria dicta quod,"dies otia. II. DE TRIVMPHIS. [1] Omne regnum saeculi huius bellis quaeritur, victoriis propagatur.","vi, id est virtute, adipiscatur. Hoc est enim ius gentium, vim vi expellere. Nam turpis est dolo qu",0.7,,pending,
3159,transvenas,transvenas,,transvenas in Etruria,"icra nuncupata, quod in ludis gerantur aut in cenis. [2] Ludorum origo sic traditur: Lydios ex Asia","consedisse duce Tyrreno, qui fratri suo cesserat regni contentione. Igitur in Etruria inter ceteros",0.7,,pending,
3160,Igitur,igitur,,Igitur in Etruria,"s ex Asia transvenas in Etruria consedisse duce Tyrreno, qui fratri suo cesserat regni contentione.",inter ceteros ritus superstitionum suarum spectacula quoque religionis nomine instituerunt. Inde Ro,0.7,,pending,
3161,gladiatorium,gladiatorium,,gladiatorium dictum quod,"II. DE AMPHITHEATRO. [1] Amphitheatrum locus est spectaculi, ubi pugnant gladiatores. Et inde ludum","in eo iuvenes usum armorum diverso motu condiscant, et modo inter se aut gladiis aut pugnis certant",0.7,,pending,
3162,nomen,nomen,,nomen vocatur quod,"nisterium exhibent, atque aliquid huiuscemodi deinceps ex parte notanda studui. [2]Artifex generale","artem faciat, sicut aurifex qui aurum [facit]. Faxo enim pro facio antiqui dicebant. [3] Nauclerus",0.75,,pending,
3163,Fundamentum,fundamentum,,Fundamentum dictum quod,"t instaurare dicebant. [2] Constat autem constructio fundamento, lapidibus, calce, arena et lignis.","fundus sit aedificii. Idem et caementum a caedendo dictum, quod caeso crasso lapide surgat. [3] Lap",0.7,,pending,
3164,Capitolia,capitolia,,Capitolia dicta quod,positae fabricae sustinent pondus. [23] Basis autem nomen petrae est fortissimae Syro sermone. [24],"sint columnarum capita, quasi super collum caput. Epistolia sunt, quae super capitella columnarum p",0.7,,pending,
3165,Rubrica,rubrica,,Rubrica vocata quod,"inde nomen a Sinope urbe accepit. Species eius tres: rubra et minus rubens, et inter has media. [4]","sit rubra et sanguineo proxima. Haec plurimis locis gignitur, sed optima Ponto; unde et Pontica dic",0.75,,pending,
3166,Atramentum,atramentum,,Atramentum dictum quod,"purpurariis officinis, spuma in aereis cortinis innatans, quam infectores detrahentes siccant. [17]","sit atrum, cuius species et picturae et cottidiano usui necessaria est; iste inter facticios est. F",0.7,,pending,
3167,Melinum,melinum,,Melinum dictum quod,rit. [20] Omne autem atramentum sole perficitur: omnes colores calcis admixtione conrumpuntur. [21],"eius metalli ferax sit una ex Cycladibus insula Melos nomine. Est enim candidum, nec utuntur eum pi",0.7,,pending,
3168,Regula,regula,,Regula dicta quod,rassitudine politas extremis cacuminibus sibi iungit ut schemam trigoni faciant. Id erit norma. [2],"sit recta, quasi rectula, et inpedimentum non habeat. Perpendiculum est quod semper adpenditur. Den",0.7,,pending,
3169,Scobina,scobina,,Scobina dicta quod,"quod ut vermis terendo forat, quasi terefora; vel quasi transforans. Taratrum, quasi teratrum. [15]","haerendo scobem faciat. Cant[h]erium. Guvia, XX. DE INVENTIONE LANIFICII. [1] Minervam quandam gent",0.7,,pending,
3170,antiquissima,antiquissima,,antiquissima appellata quia,"ntur, pro eo quod eisdem iuvenes, qui nudi exercentur in campo, pudenda operiunt. [6] Tonica vestis","in motu incedentis sonum facit; tonus enim sonus est. Primum autem fuere pelliciae tunicae, quibus",0.7,,pending,
3171,Lumbare,lumbare,,Lumbare vocatur quod,"hoc utebantur. Levitonarium est colobium lineum sine manicis, quale Aegyptii monachi utuntur. [25]","lumbis religetur, vel quod lumbis haereat. Hoc in Aegypto et Syria non tantum feminae sed et viri u",0.75,,pending,
3172,vulgo,vulgo,,vulgo vocata quod,"textura eius ligata sit in totum; quasi diceret liginum, C pro G littera commutata. [28] Armilausa","ante et retro divisa atque aperta est, in armos tantum clausa; quasi armiclausa, C littera ablata.",0.75,,pending,
3173,Toga,toga,,Toga dicta quod,"ui ex una parte induitur, neque consuitur, sed fibula infrenatur. Hinc et Graece nomen accepit. [3]","velamento sui corpus tegat atque operiat. Est autem pallium purum forma rotunda et fusiore, et quas",0.7,,pending,
3174,autem,autem,,autem dicta quod,nitio procedebant. Hanc primum Romulus adinvenisse perhibetur ad discretionem regii habitus. Trabea,"in maiori gloria hominem transbearet, hoc est ultra et in posterum ampliori dignitate honoris beatu",0.7,,pending,
3175,Graece,graece,,Graece vocatur quod,"perimentum, quod cooperto capite et scapula a dextro latere in laevum humerum mittitur: stola autem",superemittatur. [4] Idem et ricinium Latino nomine appellatum eo quod dimidia eius pars retro reici,0.75,,pending,
3176,Tapeta,tapeta,,Tapeta dicta quod,"ocatae quod calcentur, id est farciantur, pluma sive tomento, quo molliores calidioresque sint. [5]","pedibus primum strarentur, quasi tapedia. Sipla tapetaexuna parte villosa, quasi simpla. Amphitapa",0.7,,pending,
3177,Vela,vela,,Vela dicta quod,o dictae. [7] Sabanum Graecum est. Facietergium et manitergium a tergendo faciem vel manus vocatum.,obiectu suo interiora domorum velent. [8] Aulaea vela picta et grandia; quae ideo aulaea dicta sunt,0.7,,pending,
3178,Tinctura,tinctura,,Tinctura vocata quia,"lacium est stuppa et quasi crassedo serici, et est Graecum nomen. XXVIII. DE COLORIBVS VESTIVM. [1]","tinguitur et in aliam fucata speciem nitoris gratia coloratur. KOKKON Graeci, nos rubrum seu vermic",0.75,,pending,
3179,vulgo,vulgo,,vulgo vocatur quod,"em et per munile omnia ornamenta matronarum significantur, quidquid illis munere datur. [14] Murena",scilicet auri metallo in virgulis lentescente quaedam ordinis flexuosi catena contexitur in similit,0.75,,pending,
3180,Vitta,vitta,,Vitta dicta quod,"a fascia quod in modum fasciculi corpus alligat. Hinc et fasciolae, quibus vulnera conligantur. [7]",ea pectus vincitur instar vitis ligantis. Limbus est quam nos ornaturam dicimus. [8] Fasciola est q,0.7,,pending,
3181,calciamenta,calciamenta,,calciamenta dicta quod,"alciamenta non possunt, quas Graeci KALOPODAS dicunt: fiebant autem prius ex salice tantum. Hinc et","in calo, id est ligno, fiant; vel quod calcentur. [3] Crepidas Graeci ante repertas usi sunt. Est a",0.7,,pending,
3182,Pulpa,pulpa,,Pulpa dicta quod,scitur et silescit. [27] Frustum vocatum quod capiatur a frumine; est enim frumen summa pars gulae.,cum pulte olim mixta vescebatur. Vnde et pulmentarium et pulmentum dictum. [28] Lucanicae dictae qu,0.7,,pending,
3183,inde,inde,,inde dictum quod,"tusta, ut vinum, sed statim sublata de flumine et fonte vel puteo; fetescit enim vetusta. [2] Vinum","eius potus venas sanguine cito repleat. Hoc alii, quod nos cura solvat, Lyaeum appellant. Veteres v",0.7,,pending,
3184,Defrutum,defrutum,,Defrutum dictum est quod,"rit. Dicitur autem passum a patiendo: nam percutitur uva siccior et decoquitur, et inde fit passum.","defrudatur, et quasi fraudem patiatur. [15] Carenum, eo quod fervendo partem careat; tertia enim pa",0.7,,pending,
3185,Fictilia,fictilia,,Fictilia dicta quod,"] Vasa dicta a vescendo, quad in ea escae adponantur. Cuius diminutivum vascula, quasi vescula. [2]","fiant et fingantur ex terra. Fingere enim est facere, formare et plasmare, unde et figuli dicuntur.",0.7,,pending,
3186,Arca,arca,,Arca dicta quod,"a Persa et Graeca; gaza enim lingua Persarum thesaurum, FULAKION Graece custodia interpretatur. [2]","arceat visum atque prohibeat. Hinc et arcivum, hinc et arcanum, id est secretum, unde ceteri arcent",0.7,,pending,
3187,Involucrum,involucrum,,Involucrum dictum quod,"um paulo inflectuntur propter Romanum eloquium. [6] Sitarciae nautarum sunt, ab eo quod sutae sunt.","aliquid in se teneat involutum. [7] Fiscus sacculus est publicus, unde et fiscellae et fiscinae dic",0.7,,pending,
3188,Fax,fax,,Fax dicta quod,"dicebantur. [6] Lampas flamma est in vertice lucens, dicta quod lambentis motum ostendere videatur.",focos faciat: cuius diminutivum facula. [7] Lanterna inde vocatur quod lucem interius habeat clausa,0.7,,pending,
3189,Lanterna,lanterna,,Lanterna inde vocatur quod,quod lambentis motum ostendere videatur. Fax dicta quod focos faciat: cuius diminutivum facula. [7],"lucem interius habeat clausam. Fit enim ex vitro, recluso intus lumine ut venti flatus adire non po",0.75,,pending,
3190,autem,autem,,autem dicta quod,"ICVLIS. [1] Carrum a cardine rotarum dictum; unde et currus dicti, quod rotas habere videntur. Rota",ruat; et rotundum a rota vocatum. [2] Reda genus vehiculi quattuor rotarum. Has antiqui retas diceb,0.7,,pending,
3191,Clavis,clavis,,Clavis dicta quod,adhibita calefacit et intorquet capillos. [5] Vnde et calamistrati appellantur qui comam torquent.,"claudat et aperiat. Catenatum, quod capiendo teneat. Horologia, quod ibi horas legamus, id est coll",0.7,,pending,
3192,Rota,rota,,Rota dicta quod,"quasi fiscolum, a colando oleum dictum, vel quasi fiscella olei. XV. DE INSTRVMENTIS HORTORVM. [1]","quasi ruat: est enim machina de qua e flumine aqua extrahitur. Lucretius (5,517): In fluvio versare",0.7,,pending,
3193,Frena,frena,,Frena dicta quod,Sarculus. XVI. DE INSTRVMENTIS EQVORVM. [1] Phalerae ornamenta equorum sunt; et est sermo Graecus.,"equos fremere cogant, vel quod haec equi frendant [id est inprimant] dentibus et obmordeant. Vnde e",0.7,,pending,
3194,inde,inde,,inde dictum quod,"tusta, ut vinum, sed statim sublata de flumine et fonte vel puteo; fetescit enim vetusta. [2] Vinum","eius potus venas sanguine cito repleat. Hoc alii, quod nos cura solvat, Lyaeum appellant. Veteres v",0.7,,pending,
3195,Defrutum,defrutum,,Defrutum dictum est quod,"rit. Dicitur autem passum a patiendo: nam percutitur uva siccior et decoquitur, et inde fit passum.","defrudatur, et quasi fraudem patiatur. [15] Carenum, eo quod fervendo partem careat; tertia enim pa",0.7,,pending,
3196,Fictilia,fictilia,,Fictilia dicta quod,"] Vasa dicta a vescendo, quad in ea escae adponantur. Cuius diminutivum vascula, quasi vescula. [2]","fiant et fingantur ex terra. Fingere enim est facere, formare et plasmare, unde et figuli dicuntur.",0.7,,pending,
3197,Arca,arca,,Arca dicta quod,"a Persa et Graeca; gaza enim lingua Persarum thesaurum, FULAKION Graece custodia interpretatur. [2]","arceat visum atque prohibeat. Hinc et arcivum, hinc et arcanum, id est secretum, unde ceteri arcent",0.7,,pending,
3198,Involucrum,involucrum,,Involucrum dictum quod,"um paulo inflectuntur propter Romanum eloquium. [6] Sitarciae nautarum sunt, ab eo quod sutae sunt.","aliquid in se teneat involutum. [7] Fiscus sacculus est publicus, unde et fiscellae et fiscinae dic",0.7,,pending,
3199,autem,autem,,autem dicta quod,"ICVLIS. [1] Carrum a cardine rotarum dictum; unde et currus dicti, quod rotas habere videntur. Rota",ruat; et rotundum a rota vocatum. [2] Reda genus vehiculi quattuor rotarum. Has antiqui retas diceb,0.7,,pending,
3200,Clavis,clavis,,Clavis dicta quod,adhibita calefacit et intorquet capillos. [5] Vnde et calamistrati appellantur qui comam torquent.,"claudat et aperiat. Catenatum, quod capiendo teneat. Horologia, quod ibi horas legamus, id est coll",0.7,,pending,
3201,Rota,rota,,Rota dicta quod,"vi humum eruat, seu ab evomendo terram. De quo Lucretius (1,314): XV. DE INSTRVMENTIS HORTORVM. [1]","quasi ruat: est enim machina de qua e flumine aqua extrahitur. Lucretius (5,517): XVI. DE INSTRVMEN",0.7,,pending,
3202,Frena,frena,,Frena dicta quod,"s (5,517): XVI. DE INSTRVMENTIS EQVORVM. [1] Phalerae ornamenta equorum sunt; et est sermo Graecus.","equos fremere cogant, vel quod haec equi frendant [id est inprimant] dentibus et obmordeant. Vnde e",0.7,,pending,
3203,Ligea,ligea,,Ligea appellata ab,atris natu maximi urbem uocauerunt. 9 Mox in Bruttiis ab Vlixe. extructum templum Mineruae. Insula *,"*eiecto ibi corpore Sirenis ita nominatae; Parthenope a Parthenopae Sirenis sepulcro, quam Augustus",0.7,,pending,
3204,solifuga,solifuga,,solifuga dicta quod,"ntibus. 3 Sed quod aliis locis serpens, hoc solifuga Sardis agris, animal *perexiguum aranei forma,","diem fugiat. In metallis argentariis plurima est, nam solum illud argenti diues est; occultim repta",0.7,,pending,
3205,Ligea,ligea,,Ligea appellata ab,fratris natu maximi urbem vocaverunt. mox in Bruttiis ab Ulixe. extructum templum Minervae. insula,"eiecto ibi corpore Sirenis ita nominatae: Parthenope a Parthenopae Sirenis sepulcro, quam Augustus",0.7,,pending,
3206,solifuga,solifuga,,solifuga dicta quod,"rpentibus. sed quod aliis locis serpens, hoc solifuga Sardis agris, animal perexiguum aranei forma,","diem fugiat. in metallis argentariis plurima est, nam solum illud argenti dives est: occultim repta",0.7,,pending,
3207,Natus,natus,,Natus in Etruria,"mbris Fabio Persico L. Vitellio coss., decessit VIII Kalendas Decembris P. Mario Afinio Gallo coss.","Volaterris, eques Romanus, sanguine et affinitate primi ordinis viris coniunctus. Decessit ad octav",0.7,,pending,
3208,genus,genus,,genus ab Etruscis,derant eum secutum numerum putant. me haud paenitet eorum sententiae esse quibus et apparitores hoc,"finitimis, unde sella curulis, unde toga praetexta sumpta est, et numerum quoque ipsum ductum place",0.75,,pending,
3209,finitimis,finitimis,,ab Etruscis finitimis,eum secutum numerum putant. me haud paenitet eorum sententiae esse quibus et apparitores hoc genus,", unde sella curulis, unde toga praetexta sumpta est, et numerum quoque ipsum ductum placet, et ita",0.7,,pending,
3210,non,non,,non in Etruria,"ervitiorum utique et plebis esset, ni consules providissent dimissis passim ad frumentum coemendum,","m modo dextris ab Ostia litoribus laevoque per Volscos mari usque ad Cumas, sed quaesitum in Sicilia",0.7,,pending,
3211,Trepidatum,trepidatum,,Trepidatum in Etruria,lacet: Tubero incertus veri est. Sit inter cetera vetustate cooperta hoc quoque in incerto positum.,"est post Fidenas captas, non Veientibus solum exterritis metu similis excidii, sed etiam Faliscis m",0.7,,pending,
3212,timentes,timentes,,timentes in Etruria,ominum pecorumque pernicie accepta. Famem quoque ex pestilentia morbo implicitis cultoribus agrorum,"m Pomptinumque agrum et Cumas, postremo in Siciliam quoque frumenti causa misere. Consularium comiti",0.7,,pending,
3213,et,et,,et in Etruria,"ia ante provisum erat, periculum fuit. Consilia ad movenda bella in Volscorum Aequorumque conciliis",ad fanum voltumnae agitata. Ibi prolatae in annum res decretoque cautum ne quod ante concilium fier,0.7,,pending,
3214,frons,frons,,frons in Etruria,"uniebant ut ancipitia munimenta essent: alia in urbem et contra oppidanorum eruptiones versa, aliis","m spectans, auxiliis si qua forte inde venirent obstruebatur. [ 2] Cum spes maior imperatoribus Roma",0.7,,pending,
3215,sed,sed,,sed in Etruria,"runt; castella primo pauca, postea exercitu aucto creberrima fecerunt; munitiones non in urbem modo","m etiam spectantes si qua auxilia veniant, opposuere; quid turres, quid vineas testudinesque et aliu",0.7,,pending,
3216,nequiquam,nequiquam,,nequiquam in Etruria,"pugnabit, nisi auxilio hostibus tribuni plebis fuerint, et Romae invenerint praesidia Veientes quae","quaerunt. ""An est quicquam quod Veientibus optatum aeque contingere possit quam ut seditionibus pri",0.7,,pending,
3217,auxilia,auxilia,,auxilia ab Etruscis,"modestia est ut non obsidionis taedio, non denique regni, quicquam apud eos novatum sit, non negata","inritaverint animos; morietur enim extemplo quicumque erit seditionis auctor, nec cuiquam dicere ea",0.75,,pending,
3218,inritaverint,inritaverint,,ab Etruscis inritaverint,"est ut non obsidionis taedio, non denique regni, quicquam apud eos novatum sit, non negata auxilia","animos; morietur enim extemplo quicumque erit seditionis auctor, nec cuiquam dicere ea licebit quae",0.7,,pending,
3219,agrosque,agrosque,,agrosque ab Etruscis,Eam gentem traditur fama dulcedine frugum maximeque vini nova tum voluptate captam Alpes transisse,ante cultos possedisse; et invexisse in Galliam vinum inliciendae gentis causa Arruntem Clusinum ir,0.75,,pending,
3220,ante,ante,,ab Etruscis ante,em traditur fama dulcedine frugum maximeque vini nova tum voluptate captam Alpes transisse agrosque,cultos possedisse; et invexisse in Galliam vinum inliciendae gentis causa Arruntem Clusinum ira cor,0.7,,pending,
3221,quid,quid,,quid in Etruria,estarent. Quodnam id ius esset agrum a possessoribus petere aut minari arma Romanis quaerentibus et,"rei Gallis esset, cum illi se in armis ius ferre et omnia fortium virorum esse ferociter dicerent,",0.7,,pending,
3222,captam,captam,,captam ab Etruscis,successores Valerio in Volscos missi. Profecti ab urbe Sutrium Furius et Valerius partem oppidi iam,"invenere, ex parte altera intersaeptis itineribus aegre oppidanos vim hostium ab se arcentes. Cum R",0.75,,pending,
3223,invenere,invenere,,ab Etruscis invenere,ores Valerio in Volscos missi. Profecti ab urbe Sutrium Furius et Valerius partem oppidi iam captam,", ex parte altera intersaeptis itineribus aegre oppidanos vim hostium ab se arcentes. Cum Romani aux",0.7,,pending,
3224,se,se,,se ab Etruscis,inorum prodente civitatem facta erat deditio; mitti tamen ad principes eorum placuit ut secernerent,fidemque quam implorassent ab Romanis ipsi praestarent. Unde cum responsum allatum esset nihil suae,0.75,,pending,
3225,fidemque,fidemque,,ab Etruscis fidemque,rum prodente civitatem facta erat deditio; mitti tamen ad principes eorum placuit ut secernerent se,quam implorassent ab Romanis ipsi praestarent. Unde cum responsum allatum esset nihil suae potestat,0.7,,pending,
3226,dabant,dabant,,more Tusco dabant,"ndorum carminum actu ludiones ex Etruria acciti, ad tibicinis modos saltantes, haud indecoros motus",". Imitari deinde eos iuventus, simul inconditis inter se iocularia fundentes versibus, coepere; nec",0.65,,pending,
3227,ister,ister,,ister Tusco verbo,"a voce motus erant. Accepta itaque res saepiusque usurpando excitata. Vernaculis artificibus, quia","ludio vocabatur, nomen histrionibus inditum; qui non, sicut ante, Fescennino versu similem incompos",0.85,,pending,
3228,ludio,ludio,,Tusco verbo ludio,"e motus erant. Accepta itaque res saepiusque usurpando excitata. Vernaculis artificibus, quia ister","vocabatur, nomen histrionibus inditum; qui non, sicut ante, Fescennino versu similem incompositum t",0.85,,pending,
3229,omne,omne,,omne nomen Etruscum,"everterunt, militaribus iocis cum apparatum hostium tum suum increpantes pavorem. Concitatur deinde",et Tarquiniensibus Faliscisque ducibus ad Salinas perveniunt. Aduersus eum terrorem dictator C. Mar,0.8,,pending,
3230,annos,annos,,annos in Etruria,nominis urbano prope dilectu decem scribebantur legiones; quaterni quinique exercitus saepe per eos,", in Umbria Gallis hostibus adiunctis, in Samnio, in Lucanis gerebat bellum. Latium deinde omne cum",0.7,,pending,
3231,fuere,fuere,,apud Etruscos fuere,"s haud dubie, nisi ultro arma Etrusci inferrent. Eadem in comparando cohibendoque bello consilia et",; neutri finibus egressi. Et censura clara eo anno Ap. Claudi et C. Plauti fuit; memoriae tamen feli,0.85,,pending,
3232,clamor,clamor,,clamor ab Etruscis,"ius sol meridie se inclinavit quam telum hinc aut illinc emissum est: inde, ne infecta re abiretur,",oritur concinuntque tubae et signa inferuntur. Nec segnius a Romanis pugna initur. Concurrunt infen,0.75,,pending,
3233,oritur,oritur,,ab Etruscis oritur,"meridie se inclinavit quam telum hinc aut illinc emissum est: inde, ne infecta re abiretur, clamor",concinuntque tubae et signa inferuntur. Nec segnius a Romanis pugna initur. Concurrunt infensis ani,0.7,,pending,
3234,Sutrium,sutrium,,Sutrium ab Etruscis,"io fuerunt; summaque invidia omnium ordinum solus censuram gessit. [ 35] Dum ea Romae geruntur, iam",obsidebatur consulique Fabio imis montibus ducenti ad ferendam opem sociis temptandasque munitiones,0.75,,pending,
3235,obsidebatur,obsidebatur,,ab Etruscis obsidebatur,"nt; summaque invidia omnium ordinum solus censuram gessit. [ 35] Dum ea Romae geruntur, iam Sutrium","consulique Fabio imis montibus ducenti ad ferendam opem sociis temptandasque munitiones, si qua pos",0.7,,pending,
3236,haec,haec,,haec in Etruria,"ant, legati pacem foedusque ab Romanis petentes indutias in triginta annos impetraverunt. [ 38] Dum","geruntur, consul alter C. Marcius Rutulus Allifas de Samnitibus vi cepit. Multa alia castella viciq",0.7,,pending,
3237,se,se,,se in Etruria,ute sua et magna parte Etruscorum ad rebellionem compulsa tantum exercitum fecerant ut relicto post,"Decio ad oppugnandam inde Romam ituros, magnifice de se ac contemptim de Romanis loquentes, iactare",0.7,,pending,
3238,anno,anno,,anno ab Etruscis,adversus Umbros missa a flumine Narnia appellata; exercitus cum magna praeda Romam reductus. Eodem,adversus indutias paratum bellum; sed eos alia molientes Gallorum ingens exercitus fines ingressus,0.75,,pending,
3239,adversus,adversus,,ab Etruscis adversus,rsus Umbros missa a flumine Narnia appellata; exercitus cum magna praeda Romam reductus. Eodem anno,indutias paratum bellum; sed eos alia molientes Gallorum ingens exercitus fines ingressus paulisper,0.7,,pending,
3240,extemplo,extemplo,,extemplo in Etruria,"ere, ut patres ab iubendo dictatore deterruerint, quem senatus dictatorem dici iussurus fuerat. Tum",m ad legiones proficisci iussit. Adventus eius compressit Etruscos adeo ut nemo extra munimenta egre,0.7,,pending,
3241,eos,eos,,eos in Etruria,"endio venisse, et confestim secuturos, vel si ad ipsam Romanam urbem oppugnandam ducant. [ 17] Haec","iactantes molientesque bellum domi Romanum urebat. Nam P. Decius, ubi comperit per exploratores pro",0.7,,pending,
3242,Romanis,romanis,,Romanis in Etruria,"mni: ei Samnium provinciam evenisse. [ 18] Dum ea in Samnio cuiuscumque ductu auspicioque geruntur,","interim bellum ingens multis ex gentibus concitur, cuius auctor Gellius Egnatius ex Samnitibus erat",0.7,,pending,
3243,tempore,tempore,,tempore in Etruria,"cunda ac tertia sociorumque milibus quindecim profectus in Samnium esset, Ap. Claudium primo quoque","m ire placuit. Duae Romanae legiones secutae, prima et quarta, et sociorum duodecim milia; castra ha",0.7,,pending,
3244,copiis,copiis,,copiis in Etruria,"issum eo cum vetere exercitu, compresserat. Decio populandos hostium agros relinquit, ipse cum suis",m ad collegam pergit. Quem advenientem laeti omnes accepere: Appium ex conscientia sua credo animum,0.7,,pending,
3245,sit,sit,,sit in Etruria,"n Samnio res prosperas esse ait, litteris eius accitum venisse; quae si falsae fuerint nec usus sui","m, extemplo conversis signis abiturum. ""Tu vero abeas"" inquit, ""neque te quisquam moratur; etenim mi",0.7,,pending,
3246,gestae,gestae,,gestae in Etruria,"des incidisset, desertori magis quam deserto noxae fore; eo rem adductam ut omne rei bene aut secus",decus dedecusque ad L. Volumnium sit delegatum; neminem quaesiturum quae verba Appi sed quae fortun,0.7,,pending,
3247,vel,vel,,vel in Etruria,erator uter sit melior. Etruriam et Samnium provincias esse; utram mallet eligeret; suo exercitu se,"vel in Samnio rem gesturum. Tum militum clamor ortus, ut simul ambo bellum Etruscum susciperent. Qu",0.7,,pending,
3248,rebus,rebus,,rebus in Etruria,"i extra sortem mandetur, quin alter consul pro supervacaneo atque inutili habeatur? gloriari Fabium","gestis; velle et P. Decium gloriari; et forsitan, quem ille obrutum ignem reliquerit, ita ut totien",0.7,,pending,
3249,tempore,tempore,,tempore in Etruria,us quinque milia peditum equitumque cum Fabio venisse. Sibi placere P. Decium consulem primo quoque,"m ad collegam proficisci, L. Volumnio Samnium provinciam dari; si consul malit in suam provinciam ir",0.7,,pending,
3250,Volumnium,volumnium,,Volumnium in Etruria,"d collegam proficisci, L. Volumnio Samnium provinciam dari; si consul malit in suam provinciam ire,","m ad consulem cum exercitu iusto consulari proficisci. Cum magnam partem moveret oratio praetoris, P",0.7,,pending,
3251,quantum,quantum,,quantum in Etruria,"ommodum rei publicae posset, Romam venisset vel aliquem ex legatis misisset, a quo disceret senatus","belli esset quantisque administrandum copiis et quot per duces esset. [ 26] Fabius, ut Romam rediit",0.7,,pending,
3252,vel,vel,,vel in Etruria,rium et a populo et a senatu et ab ipso collega Fabio permissum est; et cum P. Decius se in Samnium,"m proficisci paratum esse ostendisset, tanta laetitia ac gratulatio fuit ut praeciperetur victoria a",0.7,,pending,
3253,profectos,profectos,,profectos in Etruria,riumphusque non bellum decretum consulibus videretur. Invenio apud quosdam extemplo consulatu inito,m Fabium Deciumque sine ulla mentione sortis provinciarum certaminumque inter collegas quae exposui.,0.7,,pending,
3254,consules,consules,,consules in Etruria,tur. Constare res incipit ex eo tempore quo profecti ambo consules ad bellum sunt. Ceterum antequam,"m pervenirent, Senones Galli multitudine ingenti ad Clusium venerunt legionem Romanam castraque oppu",0.7,,pending,
3255,Et,et,,Et in Etruria,nde omnium aliarum rerum cura Fabius collegae funus omni honore laudibusque meritis celebrat. [ 30],per eosdem dies ab Cn. Fulvio propraetore res ex sententia gesta et praeter ingentem inlatam popula,0.7,,pending,
3256,relicto,relicto,,relicto in Etruria,"ernum montem compulsum, non deterritus iniquitate loci, fundit fugatque. Q. Fabius Deciano exercitu","e praesidio, suis legionibus deductis ad urbem de Gallis Etruscisque ac Samnitibus triumphavit. Mili",0.7,,pending,
3257,nec,nec,,nec in Etruria,illa tempestate militiae haudquaquam spernenda. [ 31] His ita rebus gestis nec in Samnitibus adhuc,pax erat; nam et Perusinis auctoribus post deduc tum ab consule exercitum rebellatum fuerat et Samn,0.7,,pending,
3258,Fabius,fabius,,Fabius in Etruria,olturno adiacent flumini descendere. Adversus eos Ap. Claudius praetor cum exercitu Deciano missus.,"rebellante denuo quattuor milia et quingentos Perusinorum occidit, cepit ad mille septingentos quad",0.7,,pending,
3259,bellum,bellum,,bellum in Etruria,"capta amplius duo milia hominum, minus duo milia circa muros caesa. Pax tamen clarior maiorque quam","eo anno fuerat parta est. Tres validissimae urbes, Etruriae capita, Volsinii, Perusia, Arretium, pa",0.7,,pending,
3260,Samnio,samnio,,Samnio in Etruria,"pe impetrandi petisset videretque alios quod tardius ab urbe exisset, alios quod iniussu senatus ex","m transisset, partim suos inimicos, partim collegae amicos ad solacium aequatae repulsae sibi quoque",0.7,,pending,
3261,Atilio,atilio,,Atilio in Etruria,o captis aliquot urbibus in Apulia fusum fugatumque saucium ipsum cum paucis Luceriam compulsum: ab,res gestas eumque triumphasse. Fabius ambo consules in Samnio et ad Luceriam res gessisse scribit t,0.7,,pending,
3262,traductumque,traductumque,,traductumque in Etruria,a res gestas eumque triumphasse. Fabius ambo consules in Samnio et ad Luceriam res gessisse scribit,m exercitum —sed ab utro consule non adiecit—et ad Luceriam utrimque multos occisos inque ea pugna I,0.7,,pending,
3263,Samnio,samnio,,Samnio in Etruria,s ex auctoritate patrum iussu populi bellum Faliscis indictum est iussique consules sortiri uter ex,"m cum exercitu transiret. Iam Carvilius Veliam et Palumbinum et Herculaneum ex Samnitibus ceperat, V",0.7,,pending,
3264,consul,consul,,consul in Etruria,"in agrum Vescinum, quia regio ea infesta ab Samnitibus erat, hibernatum duxit. Inter haec Carvilius","Troilum primum oppugnare adortus quadringentos septuaginta ditissimos, pecunia grandi pactos ut abi",0.7,,pending,
3265,hibernis,hibernis,,hibernis in Etruria,"m intolerabilia frigora erant, quies militi data est; et ad prima ac dubia signa veris profectus ex","m ducit, eam quoque gentem, sicut Gallos Liguresque, aut vi aut voluntate adiuncturus. Transeuntem A",0.7,,pending,
3266,praetore,praetore,,praetore in Etruria,"aesidiique quod ibi obsideretur cura est. C. Seruilius legatus, ex auctoritate patrum a P. Cornelio","m ad frumentum coemendum missus, cum aliquot nauibus onustis in portum Tarentinum inter hostium cust",0.7,,pending,
3267,Iunio,iunio,,Iunio in Etruria,ta inclinatura rursus animos uidebatur ad ueteris imperii respectum. et praetoribus prioris anni M.,", P. Sempronio in Gallia cum binis legionibus quas habuerant prorogatum est imperium. prorogatum et",0.7,,pending,
3268,qui,qui,,qui in Etruria,lius praefuisset Siciliamque prouinciam cum L. Cincio praetore obtineret. exercitus eis duo decreti,"Galliaque essent; eae quattuor erant legiones; urbanae duae superioris anni in Etruriam, duae quibu",0.7,,pending,
3269,anni,anni,,anni in Etruria,s duo decreti qui in Etruria Galliaque essent; eae quattuor erant legiones; urbanae duae superioris,"m, duae quibus Sulpicius consul praefuisset in Galliam mitterentur. Galliae et legionibus praeesset",0.7,,pending,
3270,Aquilius,aquilius,,Aquilius in Etruria,"rsae occupabant cogitationes hominum, ne Tarentinae quidem arcis excidit memoria. M. Ogulnius et P.","m legati ad frumentum coemendum quod Tarentum portaretur profecti, et mille milites de exercitu urba",0.7,,pending,
3271,habuerat,habuerat,,habuerat in Etruria,"er equitum dictus. [ 6] Dictator postquam Romam uenit, C. Sempronium Blaesum legatum quem ad Capuam","m prouinciam ad exercitum misit in locum C. Calpurni praetoris, quem ut Capuae exercituique suo prae",0.7,,pending,
3272,quibus,quibus,,quibus in Etruria,"ta per prouincias diuisi: Fuluio duae legiones quas in Sicilia M. Ualerius Laeuinus haberet, Fabio,",C. Calpurnius praefuisset: urbanus exercitus ut in Etruriam succederet: C. Calpurnius eidem praeess,0.7,,pending,
3273,ut,ut,,ut in Etruria,"M. Ualerius Laeuinus haberet, Fabio, quibus in Etruria C. Calpurnius praefuisset: urbanus exercitus",m succederet: C. Calpurnius eidem praeesset prouinciae exercituique: Capuam exercitumque quem Q. Ful,0.7,,pending,
3274,quae,quae,,quae in Etruria,uius consul C. Fuluio Flacco legato—frater hic consulis erat—in Etruriam dedit ducendum et legiones,erant Romam deducendas. et Fabius consul reliquias exercitus Fuluiani conquisitas—fuere autem ad qu,0.7,,pending,
3275,Apulia,apulia,,Apulia in Etruria,"s Marcellus consul designatus, qui rem inspiceret ac, si digna uideretur, exercitu accito bellum ex",m transferret. eo metu compressi Etrusci quieuerunt. Tarentinorum legatis pacem petentibus cum liber,0.7,,pending,
3276,praetore,praetore,,praetore in Etruria,T. Quincti praetoris fuerat cum una legione obtineret. prorogatum et C. Hostilio Tubulo est ut pro,m ad duas legiones succederet C. Calpurnio. prorogatum et L. Ueturio Philoni est ut pro praetore Gal,0.7,,pending,
3277,coepta,coepta,,coepta ab Etruscis,"um ab hoste nec receptum ab tergo circumuenti haberent, extrahi tamen diutius certamen potuisset ni",fuga pauorem ceteris iniecisset. non tamen omisere pugnam deserti ab Etruscis Fregellani donec inte,0.75,,pending,
3278,fuga,fuga,,ab Etruscis fuga,"oste nec receptum ab tergo circumuenti haberent, extrahi tamen diutius certamen potuisset ni coepta",pauorem ceteris iniecisset. non tamen omisere pugnam deserti ab Etruscis Fregellani donec integri c,0.7,,pending,
3279,deserti,deserti,,deserti ab Etruscis,certamen potuisset ni coepta ab Etruscis fuga pauorem ceteris iniecisset. non tamen omisere pugnam,Fregellani donec integri consules hortando ipsique ex parte pugnando rem sustinebant; sed postquam,0.75,,pending,
3280,Fregellani,fregellani,,ab Etruscis Fregellani,n potuisset ni coepta ab Etruscis fuga pauorem ceteris iniecisset. non tamen omisere pugnam deserti,donec integri consules hortando ipsique ex parte pugnando rem sustinebant; sed postquam uolneratos,0.7,,pending,
3281,Uarro,uarro,,Uarro in Etruria,. comitiis perfectis ludisque factis dictator et magister equitum magistratu abierunt. C. Terentius,m pro praetore missus ut ex ea prouincia C. Hostilius Tarentum ad eum exercitum iret quem T. Quincti,0.7,,pending,
3282,quique,quique,,quique in Etruria,"sus Hasdrubalem quem iam Alpibus adpropinquare fama erat, decreta; exercitum e duobus qui in Gallia","esset addito urbano eligeret quem mallet, qui Galliam esset sortitus: cui Bruttii prouincia eueniss",0.7,,pending,
3283,Terentius,terentius,,Terentius in Etruria,"essent, quattuor Hispania haberet, binas tres praetores, in Sicilia et Sardinia et Gallia, duas C.",", duas Q. Fuluius in Bruttiis, duas Q. Claudius circa Tarentum et Sallentinos, unam C. Hostilius Tub",0.7,,pending,
3284,alterum,alterum,,alterum in Etruria,"quanto exercitu id bellum geratur, in eorum potestate esse. duos exercitus Romanos, unum in Gallia,",esse; satis scire Sp. Lucretium se cum M. Liuio iuncturum; multa milia armanda esse ut duobus ducib,0.7,,pending,
3285,exercitum,exercitum,,exercitum in Etruria,"ius Tappulus; hi duo cum aediles plebis essent, praetores creati sunt. consul comitiis perfectis ad",m redit. Sacerdotes eo anno mortui atque in locum eorum suffecti: Ti. Ueturius Philo flamen Martiali,0.7,,pending,
3286,idem,idem,,idem in Etruria,"issimus; super haec bellicae quoque laudis consulatus compotem fecerat. quod in Bruttiis prouincia,","ac Liguribus decretum: M. Cornelius nouo consuli tradere exercitum iussus, ipse prorogato imperio G",0.7,,pending,
3287,res,res,,res in Etruria,"s Salinator et C. Aurelius Cotta. comitia eius anni utrum C. Seruilius consul habuerit an, quia eum","tenuerint quaestiones ex senatus consulto de coniurationibus principum habentem, dictator ab eo dic",0.7,,pending,
3288,legionibus,legionibus,,legionibus in Etruria,. Lentulus pro praetore habuisset decernitur. M. Seruilio prioris anni consuli cum suis duabus item,"prorogatum imperium est. quod ad Hispanias attineret, aliquot annos iam ibi L. Cornelium Lentulum e",0.7,,pending,
3289,cui,cui,,cui in Etruria,"e augeri hostium animos. [ 11 ] His litteris recitatis decreuerunt ut C. Aurelius consul exercitum,","m ad conueniendum diem edixerat, Arimini eadem die adesse iuberet et aut ipse, si per commodum rei p",0.7,,pending,
3290,Gallia,gallia,,Gallia in Etruria,exercitus consularis ab Arretio Ariminum transductus erat et quinque milia socium Latini nominis ex,m transierant. itaque L. Furius magnis itineribus ab Arimino aduersus Gallos Cremonam tum obsidentes,0.7,,pending,
3291,eo,eo,,eo in Etruria,"nciam uenisset, haud clam tulit iram aduersus praetorem quod absente se rem gessisset. misso igitur",m ipse in agrum hostium legiones induxit populandoque cum praeda maiore quam gloria bellum gessit. L,0.7,,pending,
3292,quod,quod,,quod in Etruria,hostium legiones induxit populandoque cum praeda maiore quam gloria bellum gessit. L. Furius simul,"nihil erat rei quod gereret, simul Gallico triumpho imminens quem absente consule irato atque inuid",0.7,,pending,
3293,propraetori,propraetori,,propraetori in Etruria,i magistratibus C. Laelio cum suo exercitu prorogatum in annum imperium est; prorogatum et P. Iunio,"cum eo exercitu, qui in prouincia esset, et M. Tuccio propraetori in Bruttiis et Apulia. [ 51 ] Pri",0.7,,pending,
3294,propraetor,propraetor,,propraetor in Etruria,"am perfugisse et intra triduum exspirasse. senatus ea re audita decreuit, uti P. Iunius Brutus, qui","esset, prouincia exercituque traditis uni, cui uideretur, ex legatis, ipse in ulteriorem Hispaniam",0.7,,pending,
3295,praetore,praetore,,praetore in Etruria,"spaniam proficisceretur, eaque ei prouincia esset. hoc senatus consultum litteraeque a Sp. Postumio","m missae sunt, profectusque in Hispaniam est P. Iunius propraetor. in qua prouincia prius aliquanto,",0.7,,pending,
3296,legatum,legatum,,legatum in Etruria,"lli auctores sequendi sunt, qui, cum L. Scipio et accusatus et damnatus sit pecuniae captae ab rege",fuisse Africanum tradunt; qua post famam de casu fratris adlatam relicta legatione cucurrisse eum R,0.7,,pending,
3297,ignobilis,ignobilis,,ignobilis in Etruria,paniam ulteriorem. consulibus ambobus quaestio de clandestinis coniurationibus decreta est. Graecus,"m primum uenit nulla cum arte earum, quas multas ad animorum corporumque cultum nobis eruditissima o",0.7,,pending,
3298,partim,partim,,partim in Etruria,em reversus prope totam Italiam in armis invenit sub iuvene Mario Mari filio; sed omnes eius copias,ad Sacriportum partim ad Collinam Portam prostravit et reliquias adversariorum [eorum] qui se deder,0.7,,pending,
3299,legerim,legerim,,apud Varronem legerim,"um fuisse et hodiernum esse. Quot autem saecula urbi Romae debeantur, dicere meum non est; sed quid",", non tacebo, qui libro antiquitatum duodevicensimo ait fuisse Vettium Romae in augurio non ignobile",0.85,,pending,
3300,omnis,omnis,,omnis appellatur A,". Quae per populos pagosque amplos diffusa quondam et copiosos, ad unum concessit vocabulum et nunc","ssyria, ubi inter bacarum vulgariumque abundantiam frugum, bitumen nascitur prope lacum nomine Sosin",0.7,,pending,
3301,philosophum,philosophum,,apud Varronem philosophum,"i opinione, uerum etiam doctorum uirorum auctoritate hoc miraculum de pueris confirmatur. memini me",", uirum accuratissime doctum atque eruditum, cum alia eiusdem modi, tum hoc etiam legere: Trallibus",0.85,,pending,
3302,Syro,syro,,Syro ex insula oriundu,"ot uices uitae, quae diis manibus pro merito suo cuique tormenta uel praemia. quin etiam Pherecydes","s, qui primus uersuum nexu repudiato conscribere ausus est passis uerbis, soluto locutu, libera orat",0.7,,pending,
3303,qui,qui,,qui appellatur A,"t, d equites transportabat biduoque et noctibus tribus navigatione consumptis adpellit ad eum locum",nquillaria. hic locus abest a Clupeis passuum xxii milia habetque non incommodam aestate stationem e,0.7,,pending,
3304,se,se,,se in Etruria,"eneat et decursionibus per equites, quos habet multos, vastet ea loca in quae incurrerit, aut rusus","m referat, quod ea pars Italiae sine exercitu est. quod si me Caesar audisset atque Appenninum trans",0.7,,pending,
3305,nisi,nisi,,nisi dictum quod,"Caesarem se fuisse multumque sermonem de te habitum esse. ipsum Caesarem nihil sane de te questum,","diceret te dixisse 'laudandum adulescentem, ornandum, tollendum' ; se non esse commissurum ut tolli",0.7,,pending,
3306,lbwn,lbwn,,lbwn appellatur a,iebus minus eundem lustrat orbem quem duae superiores. Infra hanc autem stella Mercuri est (ea *sti/,"Graecis), quae anno fere vertenti signiferum lustrat orbem neque a sole longius umquam unius signi",0.7,,pending,
3307,Romanum,romanum,,Romanum in Etruria,a o1 : sed etiam cett. me ipse inertiae nequitiaeque condemno. castra sunt in Italia contra populum,"e faucibus conlocata, crescit in dies singulos hostium numerus; eorum autem castrorum imperatorem du",0.7,,pending,
3308,certe,certe,,certe in Etruria,"orpo def. V usque ad finem orationis ( cf. ad xi. 17) . si autem aut domi est aut non longe a domo,","est, id est in via. quis igitur mihi praestat Lentonem uno capite esse contentum? dic mihi praetere",0.7,,pending,
3309,testibus,testibus,,testibus dictum quod,m. D Y nullum esset in quo quisquam vestrum perpetuam accusationem requireret. nego esse quicquam a,"aut vestrum cuipiam cuipiam Dp rell. : cuiquam Heindorf, Muell. (ii, &sect;36) esset obscurum aut c",0.7,,pending,
3310,esse,esse,,esse dictum quod,uam de sua vita lacrimas matris valere. deinde etiam illud etiam illud Rp : illud etiam S al. video,", si recte vos populus Romanus cognovit, non falso ille de vobis iam in morte ipsa praedicavit, non",0.7,,pending,
3311,quae,quae,,quae appellatur a,"nt, praecipue multis multa tribuunt, et est in ipsis magnus dilectus hominum et dignitatum), eaque,","equabilitas, iniquissima est. Cum enim par habetur honos summis et infimis, qui sint in omni populo",0.7,,pending,
3312,non,non,,non appellatur a,in luctu eodemque etiam confecta contabuit. huic erat illa opinio cotidie recens; quae tum denique,"ppellabatur X corr. V 2 recens, cum vetustate exaruit. Haec igitur officia sunt consolantium, toller",0.7,,pending,
3313,volgo,volgo,,volgo appellatur a,"osi, quiaesinflammato K 1 inflamato GRV qui eas inflammato animo concupiscunt. totus vero iste, qui","ppellantur V 1 amor&mdash;nec nec ex ne V c hercule invenio, quo nomine alio possit appellari&mdash;",0.7,,pending,
3314,Crustumium,crustumium,,Crustumium in Etruria,"e Arboribus 25, 1: essem SA: messem ac. mororum edd. ex libro de Arboribus l.c.: malorum SA. a From",". b From Signia in Latium. c So called, according to Pliny (N.H. XV. § 55) because they are ripe at",0.7,,pending,
3315,eorum,eorum,,eorum in Etruria,"acra alite adiutus, tulit spolia; et inde Corvini. Nec non tamen post aliquot annos omnis reliquias","ad lacum Vadimonis Dolabella delevit, ne quis extaret ex ea gente, qui incensam a se Romanam urbem",0.7,,pending,
3316,profectus,profectus,,profectus in Etruria,"a curatione ipsa rescinderentur. Ergo cum turbidis contionibus velut classico civitatem terruisset,",m arma inde et exercitum urbi admovebat. Sed iam Mulvium pontem collemque Ianiculum Lutatius Catulus,0.7,,pending,
3317,Manlio,manlio,,Manlio in Etruria,tum palam ac professe incendium suum restincturum ruina minaretur. Et ille quidem ad praeparatum a,"exercitum proficiscitur signa inlaturus urbi. Lentulus, destinatum familiae suae Sibyllinis versibu",0.7,,pending,
3318,eo,eo,,eo dictum quod,"ndite adsumpta. Atque erat qui diceret legisse se in Grammaticis Commentariis P. Nigidii, saltem ex","esset si aliter, idque ipsum dici solitum per defectionem, nam plenam esse sententiam, si aliter no",0.7,,pending,
3319,et,et,,et in Etruria,"us ramis arboris adcrescentibus adpensus est, et fulgur caelo sereno sine noxa in eius domum venit,","dolia, quae defossa fuerant, supra terram reperta sunt, et statuas eius in omni Etruria examen apiu",0.7,,pending,
3320,et,et,,et in Etruria,"us ramis arboris adcrescentibus adpensus est, et fulgur caelo sereno sine noxa in eius domum venit,","dolia, quae defossa fuerant, supra terram reperta sunt, et statuas eius in omni Etruria examen apiu",0.7,,pending,
3321,Caere,caere,,Caere in Etruria,"us; see Dio, lxxviii. 27, 4. Nothing is known of any campaign in Arabia Felix. The mythical king of",", who fought with Turnus against Aeneas. For the punishment here described see Vergil, Aeneid, viii.",0.7,,pending,
3322,quo,quo,,quo dictum est quod,"iter audis P. uero Peter2; uel P, Peter 1. cum puero suo Diadumeno, scilicet Antonino cognomine, de","in somniis Antoninus fuisset, unde etiam versus exstant huiusmodi: Vidimus in somnis cives, nisi fa",0.7,,pending,
3323,Caere,caere,,Caere in Etruria,"us; see Dio, lxxviii. 27, 4. Nothing is known of any campaign in Arabia Felix. The mythical king of",", who fought with Turnus against Aeneas. For the punishment here described see Vergil, Aeneid, viii.",0.7,,pending,
3324,quo,quo,,quo dictum est quod,"iter audis P. uero Peter2; uel P, Peter 1. cum puero suo Diadumeno, scilicet Antonino cognomine, de","in somniis Antoninus fuisset, unde etiam versus exstant huiusmodi: Vidimus in somnis cives, nisi fa",0.7,,pending,
3325,finitimis,finitimis,,ab Etruscis finitimis,paenitet eorum sententiae esse quibus et apparitores hoc genus hoc genus Gronov .: et hoc genus W.,", unde sella curulis, unde toga praetexta sumpta est, et numerum et numerumn Heumann: numerurm W. qu",0.7,,pending,
3326,non,non,,non in Etruria,"servitiorum utique et plebis esset, ni consules providissent dimissis passim ad frumentum coemendum","m modo dextris ab Ostia A.U.C. 262-263 litoribus laevoque per Volscos mari usque ad Cumas, sed quaes",0.7,,pending,
3327,corn,corn,,corn in Etruria,seful thing in a way that set a very bad example and had a motive still worse. For having bought up,"with his own money, B.C. 440-439 through the agency of friends and clients there &mdash; which very",0.7,,pending,
3328,alarm,alarm,,alarm in Etruria,"loss of the third name, and the consequent assumption that consuls were in office. There was great",in consequence of the capture of Fidenae. Not only were the people of Veii terrified by the fear of,0.7,,pending,
3329,and,and,,and in Etruria,"ken in advance. Schemes for instigating war were discussed in the councils of the Volsci and Aequi,","at the shrine of Voltumna. There the enterprise was put over for a year, and it was decreed that no",0.7,,pending,
3330,trepidatum,trepidatum,,trepidatum in Etruria,perta cooperta Mommsen : conperta VM: incomperta (inconperta M 1) W. hoc quoque in incerto positum.,"est post Fidenas captas non Veientibus solum exterritis metu similis excidii, sed etiam Faliscis me",0.7,,pending,
3331,timentes,timentes,,timentes in Etruria,morbo implicitis quoque ex pestilentia morbo implicitis V (inp.): wanting in W. cultoribus agrorum,"m Pomptinumque agrum et Cumas, postremo in Siciliam quoque frumenti causa misere. consularium comiti",0.7,,pending,
3332,et,et,,et in Etruria,"ia ante provisum erat, periculum fuit. consilia ad movenda bella in Volscorum Aequorumque conciliis","ad fanum Voltumnae agitata. ibi prolatae in annum res, decretoque cautum ne quod ante concilium fie",0.7,,pending,
3333,quiet,quiet,,quiet in Etruria,"eader in sedition, not as the bearer of an idle tale. Although the Romans got word that things were",", still, because they heard that this question came up at all their meetings, they so constructed th",0.7,,pending,
3334,debates,debates,,debates in Etruria,he loss of time and labour; what of the danger that we run by putting off the war? Do -the frequent,about the dispatch of succours to Veii allow us to forget it? Just now they are angry and resentful,0.7,,pending,
3335,purpose,purpose,,purpose in Etruria,"lp our enemies, and the B. C. 403 Veientes find in Rome those succours which they are seeking to no",". Could anything happen which would so please the Veientes as that factions should spring up, first",0.7,,pending,
3336,had,had,,had in Etruria,"eivable right they had to demand land of its occupants under threat of war, and what business Gauls",", they were truculently informed, that the new-comers carried their right at the point of the sword",0.7,,pending,
3337,place,place,,place in Etruria,"ily improvised, like the Fescennines, The name was derived by the ancients either from Fescennia, a",", or from fascinum, a phallic symbol. but performed medleys, full of musical measures, to melodies w",0.7,,pending,
3338,frons,frons,,frons in Etruria,"uniebant ut ancipitia munimenta essent: alia in urbem et contra oppidanorum eruptiones versa, aliis","m spectans, auxiliis si qua forte inde venirent obstruebatur. cum spes maior imperatoribus Romanis i",0.7,,pending,
3339,sed,sed,,sed in Etruria,"nt: castella primo pauca, postea & exercitu aucto creberrima fecerunt; munitiones non in urbem modo","m etiam spectantes, spectantes F3a: spec. antis V: expectantes W. ex specstantes D? : exspectantes P",0.7,,pending,
3340,nequiquam,nequiquam,,nequiquam in Etruria,"isi auxilio hostibus tribuni plebis A.U.C. 351 fuerint, et Romae invenerint praesidia Veientes quae",quaerunt. An est quicquam quod Veientibus optatum aeque contingere possit quam ut seditionibus prim,0.7,,pending,
3341,auxilia,auxilia,,auxilia ab Etruscis,"modestia est ut non obsidionis taedio, non denique regni quicquam apud eos novatum sit, non negata","inritaverint animos; morietur enim extemplo quicumque erit seditionis auctor, nec cuiquam dicere ea",0.75,,pending,
3342,inritaverint,inritaverint,,ab Etruscis inritaverint,"a est ut non obsidionis taedio, non denique regni quicquam apud eos novatum sit, non negata auxilia","animos; morietur enim extemplo quicumque erit seditionis auctor, nec cuiquam dicere ea licebit, qua",0.7,,pending,
3343,agrosque,agrosque,,agrosque ab Etruscis,".U.C. 363 traditur fama dulcedine frugum maximeque vini, nova tum voluptate, captam Alpes transisse",ante cultos possedisse; et invexisse in Galliam vinum inliciendae gentis causa Arruntem Clusinum ir,0.75,,pending,
3344,ante,ante,,ab Etruscis ante,"traditur fama dulcedine frugum maximeque vini, nova tum voluptate, captam Alpes transisse agrosque",cultos possedisse; et invexisse in Galliam vinum inliciendae gentis causa Arruntem Clusinum ira cor,0.7,,pending,
3345,quid,quid,,quid in Etruria,estarent. quodnam id ius esset agrum a possessoribus petere aut minari arma Romanis quaerentibus et,"rei Gallis esset, cum illi se in armis ius ferre et omnia fortium virorum esse ferociter dicerent,",0.7,,pending,
3346,captam,captam,,captam ab Etruscis,successores Valerio in Volscos missi. profecti ab urbe Sutrium Furius et Valerius partem oppidi iam,"invenere, ex parte altera intersaeptis itineribus aegre oppidanos vim hostium ab se arcentes. cum R",0.75,,pending,
3347,invenere,invenere,,ab Etruscis invenere,ores Valerio in Volscos missi. profecti ab urbe Sutrium Furius et Valerius partem oppidi iam captam,", ex parte altera intersaeptis itineribus aegre oppidanos vim hostium ab se arcentes. cum Romani aux",0.7,,pending,
3348,se,se,,se ab Etruscis,inorum prodente civitatem facta erat deditio; mitti tamen ad principes eorum placuit ut secernerent,"fidemque quam implorassent ab Romanis, ipsi praestarent. unde cum responsum allatum esset nihil sua",0.75,,pending,
3349,fidemque,fidemque,,ab Etruscis fidemque,rum prodente civitatem facta erat deditio; mitti tamen ad principes eorum placuit ut secernerent se,"quam implorassent ab Romanis, ipsi praestarent. unde cum responsum allatum esset nihil suae potesta",0.7,,pending,
3350,dabant,dabant,,more Tusco dabant,"andorum carminum actu, ludiones ex Etruria acciti ad tibicinis modos saltantes haud indecoros motus",". imitari deinde eos iuventus, simul inconditis inter se iocularia fundentes versibus, coepere; nec",0.65,,pending,
3351,ister,ister,,ister Tusco verbo,"a voce motus erant. accepta itaque res saepiusque usurpando excitata. vernaculis artificibus, quia","ludio vocabatur, nomen histrionibus inditum; qui non, sicut ante, fescennino versu similem incompos",0.85,,pending,
3352,ludio,ludio,,Tusco verbo ludio,"e motus erant. accepta itaque res saepiusque usurpando excitata. vernaculis artificibus, quia ister","vocabatur, nomen histrionibus inditum; qui non, sicut ante, fescennino versu similem incompositum i",0.85,,pending,
3353,omne,omne,,omne nomen Etruscum,"everterunt, militaribus iocis cum apparatum hostium tum suum increpantes pavorem. concitatur deinde",", et Tarquiniensibus Faliscisque ducibus ad Salinas perveniunt. adversus eum terrorem dictator C. Ma",0.8,,pending,
3354,on,on,,on in Etruria,ue for peace and an alliance. they obtained a truce for thirty years. while these things were going,", the other consul, Gaius Marcius Rutulus, captured Allifae from the Samnites by assault. At viii. x",0.7,,pending,
3355,obtained,obtained,,obtained in Etruria,d two tunics for each soldier; such was the price they paid for a truce. The tranquillity which now,"was disturbed by a sudden revolt of the Umbrians, a people which had escaped all the distress of wa",0.7,,pending,
3356,them,them,,them in Etruria,"with much glorifying of themselves and fleering at the Romans, that they would leave Decius behind",and march off to the assault of Rome. when this purpose of theirs was reported to the consul Decius,0.7,,pending,
3357,some,some,,some in Etruria,"ure of the ground permitted, and encouraging them with a true relation of the honours they had won,","and some in Samnium, bade them end this trivial sequel to the Etruscan war, and revenge upon the fo",0.7,,pending,
3358,command,command,,command in Etruria,me in concluding a treaty with the people of Picenum. Now mentioned for the first time by Livy. The,"fell by lot to Titus B.C. 298 Manlius the consul. he had barely entered the territory of the enemy,",0.7,,pending,
3359,legions,legions,,legions in Etruria,"nate had intended to have named as dictator, and they now commanded him to proceed forthwith to the",". his arrival so damped the ardour of the Etruscans that none ventured outside their fortifications,",0.7,,pending,
3360,intriguing,intriguing,,intriguing in Etruria,"nstant, though they should lead it to the assault of Rome itself. while they were thus boasting and",", the Roman invasion was distressing their countrymen at home. for Publius Decius, having ascertaine",0.7,,pending,
3361,Romans,romans,,Romans in Etruria,n Samnium &mdash;whoever had the command and auspices &mdash;a mighty war was preparing against the,", on the part of many nations, at the instigation of a Samnite named Gellius Egnatius. The Tuscans h",0.7,,pending,
3362,colleague,colleague,,colleague in Etruria,"s the devastation of the fields, Volumnius himself with his own troops B.C. 296 marched to join his",", where he was welcomed on his arrival with general rejoicings. but what Appius was feeling his cons",0.7,,pending,
3363,needed,needed,,needed in Etruria,d that he was come being sent for by Appius' own letter; but if this were a forgery and he were not,", he would immediately face about and march back. by all means go! cried Appius. no one hinders you!",0.7,,pending,
3364,failure,failure,,failure in Etruria,than the deserted; to such a pass had matters come that the entire credit or disgrace of success or,"was referred to Lucius Volumnius; no one would enquire what the words of Appius had been, but what",0.7,,pending,
3365,either,either,,either in Etruria,the nations to be conquered; let Appius choose which he liked; with his own army he would campaign,or in Samnium. then the soldiers began to cry out that both should undertake the Etruscan war toget,0.7,,pending,
3366,war,war,,war in Etruria,e territory. The senate's attention was diverted from these cares by the growing seriousness of the,", and by a succession of dispatches from Appius, in which he warned them not to make light of the di",0.7,,pending,
3367,war,war,,war in Etruria,"te, he brought the people together in an assembly, and discoursed at length of the magnitude of the",": even earlier, when he himself and his colleague had campaigned there together, the war had been so",0.7,,pending,
3368,command,command,,command in Etruria,rivalry between the orders than to their own; for the patricians strove that Fabius should have the,"without drawing lots, and the plebeians insisted that Decius should demand that method of determini",0.7,,pending,
3369,command,command,,command in Etruria,"um, and the people then, as unanimously as the senate had done, decreed that Fabius should have the","without drawing lots. nearly all the younger men now flocked about the consul, and each gave in his",0.7,,pending,
3370,foot,foot,,foot in Etruria,"blic policy &mdash;or send some one of his lieutenants, to inform the senate how great a war was on",", and with what forces, commanded by B.C. 295 how many generals, it ought to be conducted. Fabius ,",0.7,,pending,
3371,or,or,,or in Etruria,"ys far from contemptible. despite these victories, there was not yet peace either with the Samnites","; for war had broken out afresh at the instigation of the Perusini, after the consul had withdrawn h",0.7,,pending,
3372,outbreak,outbreak,,outbreak in Etruria,r Appius Claudius was dispatched with the army that Decius had commanded. Fabius dealt with the new,", where he slew four thousand five hundred of the Perusini and took one thousand seven hundred and f",0.7,,pending,
3373,year,year,,year in Etruria,prisoners and somewhat fewer were killed in the fighting about the walls. yet a peace was made that,that was more glorious and of more importance than the fighting had been. three very powerful citie,0.7,,pending,
3374,campaigned,campaigned,,campaigned in Etruria,"nd, being wounded himself, was forced to take refuge with a few followers in Luceria; while Atilius",and obtained a triumph. Fabius Q. Fabius Pictor was a contemporary of Hannibal and wrote an annalis,0.7,,pending,
3375,annos,annos,,annos in Etruria,nominis urbano prope dilectu decem scribebantur legiones; quaterni quinique exercitus saepe per eos,", in Umbria Gallis hostibus adiunctis, in Samnio, in Lucanis gerebant bellum. Latium deinde omne cum",0.7,,pending,
3376,fuere,fuere,,apud Etruscos fuere,"s haud dubie, nisi ultro arma Etrusci inferrent. eadem in comparando cohibendoque bello consilia et",: neutri finibus egressi. et censura clara eo anno Ap. Claudi et C. Plauti fuit; memoriae tamen feli,0.85,,pending,
3377,clamor,clamor,,clamor ab Etruscis,"us sol meridie se inclinavit quam telum hinc aut illinc emissum est. inde , ne infecta re abiretur,",oritur concinuntque tubae et signa inferuntur. nec segnius a Romanis pugna initur. concurrunt infen,0.75,,pending,
3378,oritur,oritur,,ab Etruscis oritur,"meridie se inclinavit quam telum hinc aut illinc emissum est. inde , ne infecta re abiretur, clamor",concinuntque tubae et signa inferuntur. nec segnius a Romanis pugna initur. concurrunt infensis ani,0.7,,pending,
3379,Sutrium,sutrium,,Sutrium ab Etruscis,"auxilio fuerunt; summaque invidia omnium ordinum solus censuram gessit. dum ea Romae geruntur, iam",obsidebatur consulique Fabio imis montibus ducenti ad ferendam opem sociis temptandasque munitiones,0.75,,pending,
3380,obsidebatur,obsidebatur,,ab Etruscis obsidebatur,"fuerunt; summaque invidia omnium ordinum solus censuram gessit. dum ea Romae geruntur, iam Sutrium","consulique Fabio imis montibus ducenti ad ferendam opem sociis temptandasque munitiones, si qua pos",0.7,,pending,
3381,haec,haec,,haec in Etruria,"ate erant, legati pacem foedusque ab Romanis petentes indutias in triginta annos impetraverunt. dum","geruntur, consul alter C. Marcius Rutulus Rutulus Conway : rutulius or rutilius W. Allifas de Samni",0.7,,pending,
3382,res,res,,res in etruria,lacum POTDLA: M has these words and also (before Nam) the words et rurae (?): A 4 the words interea,geste: P 2 ( or P 3 ) F? (marg.) U have them after pugnam ( u adding et after res): F 3 has after p,0.7,,pending,
3383,se,se,,se in Etruria,ute sua et magna parte Etruscorum ad rebellionem compulsa tantum exercitum fecerant ut relicto post,"Decio ad oppugnandam inde Romam ituros, magnifice de se ac contemptim de Romanis loquentes, iactare",0.7,,pending,
3384,anno,anno,,anno ab Etruscis,umine Nare flumine s: flumine W. Narnia appellata; exercitus cum magna praeda Romam reductus. eodem,adversus indutias paratum bellum; sed eos talia talia glareanus : alia W. molientis Gallorum ingens,0.75,,pending,
3385,adversus,adversus,,ab Etruscis adversus,Nare flumine s: flumine W. Narnia appellata; exercitus cum magna praeda Romam reductus. eodem anno,indutias paratum bellum; sed eos talia talia glareanus : alia W. molientis Gallorum ingens exercitu,0.7,,pending,
3386,extemplo,extemplo,,extemplo in Etruria,"turiae cobet : sententiae centuriaeque W. dixere, quem senatus dictatorem dici iussurus fuerat. tum",m ad legiones proficisci iussit. adventus eius compressit Etruscos adeo ut nemo extra munimenta egre,0.7,,pending,
3387,eos,eos,,eos in Etruria,", stipendio venisse, et confestim secuturos, vel si ad ipsam Romanam urbem oppugnandam ducant. haec","iactantes molientesque bellum domi Romanum urebat. nam P. Decius, ubi comperit per exploratores pro",0.7,,pending,
3388,Romanis,romanis,,Romanis in Etruria,"cum cum Gronovius : dum W ( wanting in O ). ea in Samnio cuiuscumque ductu auspicioque gererentur,","interim bellum ingens multis ex gentibus concitur, cuius auctor Gellius Egnatius ex Samnitibus erat",0.7,,pending,
3389,tempore,tempore,,tempore in Etruria,"cunda ac tertia sociorumque milibus quindecim profectus in Samnium esset, Ap. Claudium primo quoque","m ire placuit. duae Romanae legiones secutae, prima et quarta, et sociorum duodecim milia; castra ha",0.7,,pending,
3390,copiis,copiis,,copiis in Etruria,"issum eo cum vetere exercitu, compresserat. Decio populandos hostium agros relinquit, ipse cum suis",m A.U.C. 458 ad collegam pergit. quem advenientem laeti omnes accepere. appium ex conscientia sua cr,0.7,,pending,
3391,sit,sit,,sit in Etruria,"n Samnio res prosperas esse ait, litteris eius accitum venisse; quae si falsae fuerint nec usus sui","m, extemplo conversis signis abiturum. tu vero abeas inquit, neque te quisquam moratur; etenim minim",0.7,,pending,
3392,gestae,gestae,,gestae in Etruria,.C. 458 noxae fore; eo rem adductam ut omne omne s muretus : omni W: omnis TDLA. rei bene aut secus,decus dedecusque ad L. Volumnium sit delegatum; neminem quaesiturum quae verba Appi sed quae fortun,0.7,,pending,
3393,vel,vel,,vel in Etruria,erator uter sit melior. Etruriam et Samnium provincias esse; utram mallet eligeret; suo exercitu se,vel in Samnio rem gesturum. tum militum clamor ortus ut simul ambo bellum Etruscum susciperent. quo,0.7,,pending,
3394,rebus,rebus,,rebus in Etruria,"i extra sortem mandetur, quin alter consul pro supervacaneo atque inutili habeatur? gloriari Fabium","gestis: velle et P. Decium gloriari. et forsitan, quem ille obrutum ignem reliquerit, ita ut totien",0.7,,pending,
3395,tempore,tempore,,tempore in Etruria,us quinque milia peditum equitumque cum Fabio venisse. sibi placere P. Decium consulem primo quoque,"m ad collegam proficisci, L. Volumnio Samnium provinciam dari; si consul malit in suam provinciam ir",0.7,,pending,
3396,Volumnium,volumnium,,Volumnium in Etruria,"d collegam proficisci, L. Volumnio Samnium provinciam dari; si consul malit in suam provinciam ire,","m ad consulem cum exercitu iusto consulari proficisci. cum magnam partem moveret oratio praetoris, P",0.7,,pending,
3397,quantum,quantum,,quantum in Etruria,"ommodum rei publicae posset, Romam venisset vel aliquem ex legatis misisset, a quo disceret senatus","belli esset quantisque administrandum copiis et quot per duces A.U.C. 459 esset. Fabius , ut Romam",0.7,,pending,
3398,profectos,profectos,,profectos in Etruria,riumphusque non bellum decretum consulibus videretur. invenio apud quosdam extemplo consulatu inito,m Fabium Deciumque sine ulla mentione sortis provinciarum certaminumque inter collegas quae exposui.,0.7,,pending,
3399,consules,consules,,consules in Etruria,tur. constare res incipit ex eo tempore quo profecti ambo consules ad bellum sunt. ceterum antequam,"m pervenirent, Senones Galli multitudine ingenti ad Clusium venerunt legionem Romanam castraque oppu",0.7,,pending,
3400,et,et,,et in Etruria,.U.C. 459 omnium aliarum rerum cura Fabius collegae funus omni honore laudibusque meritis celebrat.,per eosdem dies ab Cn. Fulvio propraetore res ex sententia gesta et praeter ingentem inlatam popula,0.7,,pending,
3401,relicto,relicto,,relicto in Etruria,"rnum montem compulsum, non deterritus iniquitate loci, fundit fugatque. Q. Fabius, Deciano exercitu","e praesidio, suis legionibus deductis ad urbem de Gallis Etruscisque ac Samnitibus triumphavit. mili",0.7,,pending,
3402,nec,nec,,nec in Etruria,raemia illa tempestate militiae haudquaquam spernenda. his ita rebus gestis nec in Samnitibus adhuc,pax erat; nam et Perusinis auctoribus post deductum ab consule exercitum rebellatum fuerat et Samni,0.7,,pending,
3403,Fabius,fabius,,Fabius in Etruria,olturno adiacent flumini descendere. adversus eos Ap. Claudius praetor cum exercitu Deciano missus.,"rebellante denuo quattuor milia et quingentos Perusinorum occidit, cepit ad mille septingentos quad",0.7,,pending,
3404,Etruriam,etruriam,,Etruriam in Etruria,"ne pactione sub iugum misisset. Consul alter Postumius, quia in Samnitibus materia belli deerat, in",m s: etruriam W. transducto exercitu primum pervastaverat Volsiniensem agrum; A.U.C. 460 dein cum eg,0.7,,pending,
3405,bellum,bellum,,bellum in Etruria,"capta amplius duo milia hominum, minus duo milia circa muros caesa. pax tamen clarior maiorque quam","eo anno fuerat parta est. tres validissimae urbes, Etruriae capita, Volsinii Perusia Arretium, pace",0.7,,pending,
3406,Samnio,samnio,,Samnio in Etruria,"pe impetrandi petisset videretque alios quod tardius ab urbe exisset, alios quod iniussu senatus ex","m transisset, partim suos inimicos, partim collegae amicos ad solacium aequatae repulsae sibi quoque",0.7,,pending,
3407,Atilio,atilio,,Atilio in Etruria,o captis aliquot urbibus in Apulia fusum fugatumque saucium ipsum cum paucis Luceriam compulsum: ab,res gestas eumque triumphasse. Fabius ambo consules in Samnio et ad Luceriam res gessisse scribit t,0.7,,pending,
3408,traductumque,traductumque,,traductumque in Etruria,a res gestas eumque triumphasse. Fabius ambo consules in Samnio et ad Luceriam res gessisse scribit,m exercitum&mdash;sed ab A.U.C. 460 utro consule non adicit adicit (adii-) Madvig : adiecit W. &mdas,0.7,,pending,
3409,consul,consul,,consul in Etruria,"uestinum MPFuDLA. quia regio ea infesta ab Samnitibus erat, hibernatum duxit. inter haec Carvilius","Troilum A.U.C. 461 primum oppugnare adortus quadringentos septuaginta ditissimos, pecunia grandi pa",0.7,,pending,
3410,hibernis,hibernis,,hibernis in Etruria,"m intolerabilia frigora erant, quies militi data est, et ad prima ac dubia signa veris profectus ex","m ducit, eam quoque gentem, sicut Gallos Liguresque, aut vi aut voluntate adiuncturus. transeuntem A",0.7,,pending,
3411,acceptis,acceptis,,acceptis in Etruria,"ris acceptum. legionibus inde duabus a Sempronio, prioris anni consule, duabus a C. Atilio praetore",m per Appennini tramites exercitus duci est coeptus. Libri XXI Periocha BELLI PUNICI secundi ortum o,0.7,,pending,
3412,amisso,amisso,,amisso in Etruria,recusandum supplicii foret. Libri XXII Periocha HANNIBAL per continuas vigilias in paludibus oculo,m venit; per quas paludes quadriduo et tribus noctibus sine ulla requie iter fecit. C. Flaminius con,0.7,,pending,
3413,purchased,purchased,,purchased in Etruria,a the grain which had been sent recently from Sardinia and that which the praetor Marcus Junius had,"was transported from Ostia, so that the army might have a supply through the winter. But in additio",0.7,,pending,
3414,praetore,praetore,,praetore in Etruria,"aesidiique quod ibi obsideretur cura est. C. Servilius legatus, ex auctoritate patrum a P. Cornelio","m ad frumentum coemendum missus, cum aliquot navibus onustis in portum Tarentinum inter hostium cust",0.7,,pending,
3415,Iunius,iunius,,Iunius in Etruria,"to respect, so it seemed, for the old authority. and for the praetors of the previous year, Marcus",", Publius Sempronius in Gaul, their B.C. 211 command was continued, with the two legions which each",0.7,,pending,
3416,were,were,,were in Etruria,"s his province, with Lucius Cincius, the praetor. to the consuls were assigned the two armies which",and Gaul; these were four legions. the two city legions of the previous year were to be sent into E,0.7,,pending,
3417,commanded,commanded,,commanded in Etruria,"ns which Marcus Valerius Laevinus had in Sicily, to Quintus Fabius those which Gaius Calpurnius had",; the army at the city was to take the place of that in Etruria; Gaius Calpurnius was to be in comma,0.7,,pending,
3418,that,that,,that in Etruria,hose which Gaius Calpurnius had commanded in Etruria; the army at the city was to take the place of,; Gaius Calpurnius was to be in command of that province and its army; Titus Quinctius was to be in,0.7,,pending,
3419,were,were,,were in Etruria,", his lieutenant &mdash;this was the consul's brother &mdash;also that of bringing the legions that","away to Rome. And Fabius, the consul, ordered his son Quintus Maximus to search out the remains of",0.7,,pending,
3420,revolt,revolt,,revolt in Etruria,dius were elected praetors. Precisely on these election days the state was concerned in regard to a,". First steps in that direction were reported in a letter of Gaius Calpurnius, propraetor in charge",0.7,,pending,
3421,outbreak,outbreak,,outbreak in Etruria,"n the senate represented everything as causing more apprehension than before. And so, just as if an","were imminent, Gaius Terentius himself was ordered to lead a single legion, one or the other of the",0.7,,pending,
3422,and,and,,and in Etruria,receive Gaul in the allotment was to choose the army he preferred out of the two that were in Gaul,and the one at the city. The consul to whom the land of the Bruttii should fall as his province was,0.7,,pending,
3423,two,two,,two in Etruria,"r, each of three praetors was to have two, in Sicily and Sardinia and Gaul, Gaius Terentius to have",", Quintus Fulvius two in the land of the Bruttii, Quintus Claudius two in the vicinity of Tarentum a",0.7,,pending,
3424,Iunio,iunio,,Iunio in Etruria,"a inclinatura rursus animos videbatur ad veteris imperii respectum. et praetoribus prioris anni, M.",", P. Sempronio in Gallia, A.U.C. 543 cum binis legionibus quas habuerant prorogatum est imperium. pr",0.7,,pending,
3425,qui,qui,,qui in Etruria,lius praefuisset Siciliamque provinciam cum L. Cincio praetore obtineret. exercitus eis duo decreti,"Galliaque essent; eae quattuor erant legiones; urbanae duae superioris anni in Etruriam, duae quibu",0.7,,pending,
3426,anni,anni,,anni in Etruria,s duo decreti qui in Etruria Galliaque essent; eae quattuor erant legiones; urbanae duae superioris,"m, duae quibus Sulpicius consul praefuisset in Galliam mitterentur. galliae et legionibus praeesset",0.7,,pending,
3427,Aquilius,aquilius,,Aquilius in Etruria,"rsae occupabant cogitationes hominum, ne Tarentinae quidem arcis excidit memoria. M. Ogulnius et P.","m legati ad frumentum coemendum quod Tarentum portaretur profecti, et mille milites de exercitu urba",0.7,,pending,
3428,quibus,quibus,,quibus in Etruria,"per provincias divisi: Fulvio duae legiones quas in Sicilia M. Valerius Laevinus haberet, Q. Fabio,","C. Calpurnius praefuisset; urbanus praefuisset; urbanus A 3 N 3 JK: om. P (1) N, one line. exercitu",0.7,,pending,
3429,ut,ut,,ut in Etruria,". Calpurnius praefuisset; urbanus praefuisset; urbanus A 3 N 3 JK: om. P (1) N, one line. exercitus",m succederet; C. Calpurnius eidem praeesset provinciae exercituique; Capuam exercituique; Capuam Sp,0.7,,pending,
3430,quae,quae,,quae in Etruria,C. Fulvio Flacco legato&mdash;frater hic consulis erat&mdash;in Etruriam dedit ducendum et legiones,erant Romam deducendas. et Fabius consul reliquias exercitus Fulviani conquisitas&mdash;fuere autem,0.7,,pending,
3431,Apulia,apulia,,Apulia in Etruria,"s Marcellus consul designatus, qui rem inspiceret ac, si digna videretur, exercitu accito bellum ex",m transferret. eo metu conpressi Etrusci quieverunt. Tarentinorum legatis pacem petentibus cum liber,0.7,,pending,
3432,praetore,praetore,,praetore in Etruria,".U.C. 546 praetoris fuerat, cum una legione obtineret. prorogatum et C. Hostilio Tubulo est, ut pro","m ad duas legiones succederet C. Calpurnio. prorogatum et L. Veturio Philoni est, ut pro praetore Ga",0.7,,pending,
3433,coepta,coepta,,coepta ab Etruscis,"m ab hoste nec receptum ab tergo circumventi haberent, extrahi tamen diutius certamen potuisset, ni","fuga pavorem ceteris iniecisset. non tamen omisere pugnam deserti ab Etruscis Fregellani, donec int",0.75,,pending,
3434,fuga,fuga,,ab Etruscis fuga,"ste nec receptum ab tergo circumventi haberent, extrahi tamen diutius certamen potuisset, ni coepta","pavorem ceteris iniecisset. non tamen omisere pugnam deserti ab Etruscis Fregellani, donec integri",0.7,,pending,
3435,deserti,deserti,,deserti ab Etruscis,"certamen potuisset, ni coepta ab Etruscis fuga pavorem ceteris iniecisset. non tamen omisere pugnam","Fregellani, donec integri consules hortando ipsique ex parte pugnando rem sustinebant; sed postquam",0.75,,pending,
3436,Fregellani,fregellani,,ab Etruscis Fregellani,"potuisset, ni coepta ab Etruscis fuga pavorem ceteris iniecisset. non tamen omisere pugnam deserti",", donec integri consules hortando ipsique ex parte pugnando rem sustinebant; sed postquam volneratos",0.7,,pending,
3437,Varro,varro,,Varro in Etruria,A.U.C. 546 perfectis ludisque factis dictator et magister equitum magistratu abierunt. C. Terentius,"m pro praetore missus, ut ex ea provincia C. Hostilius Tarentum ad eum exercitum iret quem T. Quinct",0.7,,pending,
3438,quique,quique,,quique in Etruria,"K. Hasdrubalem, quem iam Alpibus adpropinquare fama erat, decreta. exercitum e duobus qui in Gallia","esset, addito urbano, eligeret quem mallet, qui Galliam esset sortitus. cui Bruttii provincia eveni",0.7,,pending,
3439,Terentius,terentius,,Terentius in Etruria,"essent, quattuor Hispania haberet, binas tres praetores, in Sicilia et Sardinia et Gallia, duas C.",", duas Q. Fulvius in Bruttiis, duas Q. Claudius in Bruttiis duas Q. Claudius A 8 N 8 JK Aldus, Frobe",0.7,,pending,
3440,other,other,,other in Etruria,"upon themselves. There were two Roman armies, he said, one in Gaul, Cf. XXVIII. ix. 1 and note. the",". He was sure that Spurius Lucretius would unite with Marcus Livius; Cf. ibid. xlvi. 12 f.; below, x",0.7,,pending,
3441,army,army,,army in Etruria,praetors while they were plebeian aediles. The consul after the elections were over returned to the,". Priests who died that year and successors appointed in their places were: Tiberius Veturius Philo,",0.7,,pending,
3442,him,him,,him in Etruria,"l conducted them or Publius Sulpicius as dictator, appointed by Servilius because business detained",", where in accordance with a decree of the senate he was conducting trials for conspiracy among the",0.7,,pending,
3443,command,command,,command in Etruria,"ich Publius Lentulus had held as propraetor. For Marcus Servilius, consul in the previous year, his","was continued, likewise with his own two legions. As for the Spanish provinces, they said that for",0.7,,pending,
3444,exercitu,exercitu,,exercitu in Etruria,"s Turrinus, qui tum aedilis plebis erat. comitiis perfectis dictator magistratu abdicato dimissoque",m provinciam ex senatus consulto est profectus ad quaestiones habendas qui Etruscorum Umbrorumve pop,0.7,,pending,
3445,alterum,alterum,,alterum in Etruria,"quanto exercitu id bellum geratur, in eorum potestate esse. duos exercitus Romanos, unum in Gallia,",esse; satis scire Sp. Lucretium se cum M. Livio iuncturum; multa milia armanda esse ut duobus ducib,0.7,,pending,
3446,exercitum,exercitum,,exercitum in Etruria,"ius Tappulus; hi duo cum aediles plebis essent, praetores creati sunt. consul comitiis perfectis ad",m redit. sacerdotes eo anno mortui atque in locum eorum suffecti: Ti. Veturius Philo flamen Martiali,0.7,,pending,
3447,idem,idem,,idem in Etruria,"per haec A.U.C. 551 bellicae quoque laudis consulatus compotem fecerat. quod in Bruttiis provincia,",ac Liguribus decretum: M. Cornelius novo consuli tradere exercitum iussus; ipse prorogato imperio G,0.7,,pending,
3448,res,res,,res in Etruria,"s Salinator et C. Aurelius Cotta. comitia eius anni utrum C. Servilius consul habuerit an, quia eum","tenuerint quaestiones ex senatus consulto de coniurationibus principum habentem, dictator ab eo dic",0.7,,pending,
3449,legionibus,legionibus,,legionibus in Etruria,. Lentulus pro praetore habuisset decernitur. M. Servilio prioris anni consuli cum suis duabus item,"Etruria, with this D comes toan end. prorogatum imperium est. quod ad Hispanias attineret, aliquot",0.7,,pending,
3450,genus,genus,,genus ab Etruscis,derant eum secutum numerum putant: me haud paenitet eorum sententiae esse quibus et apparitores hoc,"finitimis, unde sella curulis, unde toga praetexta sumpta est, <et> numerum quoque ipsum ductum pla",0.75,,pending,
3451,finitimis,finitimis,,ab Etruscis finitimis,eum secutum numerum putant: me haud paenitet eorum sententiae esse quibus et apparitores hoc genus,", unde sella curulis, unde toga praetexta sumpta est, <et> numerum quoque ipsum ductum placet, et it",0.7,,pending,
3452,non,non,,non in Etruria,"eruitiorum utique et plebis esset, ni consules prouidissent dimissis passim ad frumentum coemendum,","m modo dextris ab Ostia litoribus laeuoque per Uolscos mari usque ad Cumas, sed quaesitum in Sicilia",0.7,,pending,
3453,trepidatum,trepidatum,,trepidatum in Etruria,lacet: Tubero incertus ueri est. sit inter cetera uetustate cooperta hoc quoque in incerto positum.,"est post Fidenas captas, non Ueientibus solum exterritis metu similis excidii, sed etiam Faliscis m",0.7,,pending,
3454,timentes,timentes,,timentes in Etruria,ominum pecorumque pernicie accepta. famem quoque ex pestilentia morbo implicitis cultoribus agrorum,"m Pomptinumque agrum et Cumas, postremo in Siciliam quoque frumenti causa misere. consularium comiti",0.7,,pending,
3455,et,et,,et in Etruria,"ia ante prouisum erat, periculum fuit. consilia ad mouenda bella in Uolscorum Aequorumque conciliis",ad fanum Uoltumnae agitata. ibi prolatae in annum res decretoque cautum ne quod ante concilium fier,0.7,,pending,
3456,frons,frons,,frons in Etruria,"uniebant ut ancipitia munimenta essent: alia in urbem et contra oppidanorum eruptiones uersa, aliis","m spectans, auxiliis si qua forte inde uenirent obstruebatur. cum spes maior imperatoribus Romanis i",0.7,,pending,
3457,sed,sed,,sed in Etruria,"runt; castella primo pauca, postea exercitu aucto creberrima fecerunt; munitiones non in urbem modo","m etiam spectantes si qua auxilia ueniant, opposuere; quid turres, quid uineas testudinesque et aliu",0.7,,pending,
3458,nequiquam,nequiquam,,nequiquam in Etruria,"pugnabit, nisi auxilio hostibus tribuni plebis fuerint, et Romae inuenerint praesidia Ueientes quae",quaerunt. an est quicquam quod Ueientibus optatum aeque contingere possit quam ut seditionibus prim,0.7,,pending,
3459,auxilia,auxilia,,auxilia ab Etruscis,"modestia est ut non obsidionis taedio, non denique regni, quicquam apud eos nouatum sit, non negata","inritauerint animos; morietur enim extemplo quicumque erit seditionis auctor, nec cuiquam dicere ea",0.75,,pending,
3460,inritauerint,inritauerint,,ab Etruscis inritauerint,"est ut non obsidionis taedio, non denique regni, quicquam apud eos nouatum sit, non negata auxilia","animos; morietur enim extemplo quicumque erit seditionis auctor, nec cuiquam dicere ea licebit quae",0.7,,pending,
3461,agrosque,agrosque,,agrosque ab Etruscis,eam gentem traditur fama dulcedine frugum maximeque uini noua tum uoluptate captam Alpes transisse,ante cultos possedisse; et inuexisse in Galliam uinum inliciendae gentis causa Arruntem Clusinum ir,0.75,,pending,
3462,ante,ante,,ab Etruscis ante,em traditur fama dulcedine frugum maximeque uini noua tum uoluptate captam Alpes transisse agrosque,cultos possedisse; et inuexisse in Galliam uinum inliciendae gentis causa Arruntem Clusinum ira cor,0.7,,pending,
3463,quid,quid,,quid in Etruria,estarent. quodnam id ius esset agrum a possessoribus petere aut minari arma Romanis quaerentibus et,"rei Gallis esset, cum illi se in armis ius ferre et omnia fortium uirorum esse ferociter dicerent,",0.7,,pending,
3464,captam,captam,,captam ab Etruscis,successores Ualerio in Uolscos missi. profecti ab urbe Sutrium Furius et Ualerius partem oppidi iam,"inuenere, ex parte altera intersaeptis itineribus aegre oppidanos uim hostium ab se arcentes. cum R",0.75,,pending,
3465,inuenere,inuenere,,ab Etruscis inuenere,ores Ualerio in Uolscos missi. profecti ab urbe Sutrium Furius et Ualerius partem oppidi iam captam,", ex parte altera intersaeptis itineribus aegre oppidanos uim hostium ab se arcentes. cum Romani aux",0.7,,pending,
3466,se,se,,se ab Etruscis,inorum prodente ciuitatem facta erat deditio; mitti tamen ad principes eorum placuit ut secernerent,fidemque quam implorassent ab Romanis ipsi praestarent. unde cum responsum allatum esset nihil suae,0.75,,pending,
3467,fidemque,fidemque,,ab Etruscis fidemque,rum prodente ciuitatem facta erat deditio; mitti tamen ad principes eorum placuit ut secernerent se,quam implorassent ab Romanis ipsi praestarent. unde cum responsum allatum esset nihil suae potestat,0.7,,pending,
3468,dabant,dabant,,more Tusco dabant,"ndorum carminum actu ludiones ex Etruria acciti, ad tibicinis modos saltantes, haud indecoros motus",". imitari deinde eos iuuentus, simul inconditis inter se iocularia fundentes uersibus, coepere; nec",0.65,,pending,
3469,omne,omne,,omne nomen Etruscum,"euerterunt, militaribus iocis cum apparatum hostium tum suum increpantes pauorem. concitatur deinde",et Tarquiniensibus Faliscisque ducibus ad Salinas perueniunt. aduersus eum terrorem dictator C. Mar,0.8,,pending,
3470,annos,annos,,annos in Etruria,nominis urbano prope dilectu decem scribebantur legiones; quaterni quinique exercitus saepe per eos,", in Umbria Gallis hostibus adiunctis, in Samnio, in Lucanis gerebat bellum. Latium deinde omne cum",0.7,,pending,
3471,fuere,fuere,,apud Etruscos fuere,"s haud dubie, nisi ultro arma Etrusci inferrent. eadem in comparando cohibendoque bello consilia et",; neutri finibus egressi. et censura clara eo anno Ap. Claudi et C. Plauti fuit; memoriae tamen feli,0.85,,pending,
3472,clamor,clamor,,clamor ab Etruscis,"ius sol meridie se inclinauit quam telum hinc aut illinc emissum est: inde, ne infecta re abiretur,",oritur concinuntque tubae et signa inferuntur. nec segnius a Romanis pugna initur. concurrunt infen,0.75,,pending,
3473,oritur,oritur,,ab Etruscis oritur,"meridie se inclinauit quam telum hinc aut illinc emissum est: inde, ne infecta re abiretur, clamor",concinuntque tubae et signa inferuntur. nec segnius a Romanis pugna initur. concurrunt infensis ani,0.7,,pending,
3474,Sutrium,sutrium,,Sutrium ab Etruscis,"auxilio fuerunt; summaque inuidia omnium ordinum solus censuram gessit. dum ea Romae geruntur, iam",obsidebatur consulique Fabio imis montibus ducenti ad ferendam opem sociis temptandasque munitiones,0.75,,pending,
3475,obsidebatur,obsidebatur,,ab Etruscis obsidebatur,"fuerunt; summaque inuidia omnium ordinum solus censuram gessit. dum ea Romae geruntur, iam Sutrium","consulique Fabio imis montibus ducenti ad ferendam opem sociis temptandasque munitiones, si qua pos",0.7,,pending,
3476,haec,haec,,haec in Etruria,"ate erant, legati pacem foedusque ab Romanis petentes indutias in triginta annos impetrauerunt. dum","geruntur, consul alter C. Marcius Rutulus Allifas de Samnitibus ui cepit. multa alia castella uiciq",0.7,,pending,
3477,se,se,,se in Etruria,ute sua et magna parte Etruscorum ad rebellionem compulsa tantum exercitum fecerant ut relicto post,"Decio ad oppugnandam inde Romam ituros, magnifice de se ac contemptim de Romanis loquentes, iactare",0.7,,pending,
3478,anno,anno,,anno ab Etruscis,aduersus Umbros missa a flumine Narnia appellata; exercitus cum magna praeda Romam reductus. eodem,aduersus indutias paratum bellum; sed eos alia molientes Gallorum ingens exercitus fines ingressus,0.75,,pending,
3479,aduersus,aduersus,,ab Etruscis aduersus,rsus Umbros missa a flumine Narnia appellata; exercitus cum magna praeda Romam reductus. eodem anno,indutias paratum bellum; sed eos alia molientes Gallorum ingens exercitus fines ingressus paulisper,0.7,,pending,
3480,extemplo,extemplo,,extemplo in Etruria,"ere, ut patres ab iubendo dictatore deterruerint, quem senatus dictatorem dici iussurus fuerat. tum",m ad legiones proficisci iussit. aduentus eius compressit Etruscos adeo ut nemo extra munimenta egre,0.7,,pending,
3481,eos,eos,,eos in Etruria,", stipendio uenisse, et confestim secuturos, uel si ad ipsam Romanam urbem oppugnandam ducant. haec","iactantes molientesque bellum domi Romanum urebat. nam P. Decius , ubi comperit per exploratores pr",0.7,,pending,
3482,Romanis,romanis,,Romanis in Etruria,"Uolumni : ei Samnium prouinciam euenisse. dum ea in Samnio cuiuscumque ductu auspicioque geruntur,","interim bellum ingens multis ex gentibus concitur, cuius auctor Gellius Egnatius ex Samnitibus erat",0.7,,pending,
3483,tempore,tempore,,tempore in Etruria,"cunda ac tertia sociorumque milibus quindecim profectus in Samnium esset, Ap. Claudium primo quoque","m ire placuit. duae Romanae legiones secutae, prima et quarta, et sociorum duodecim milia; castra ha",0.7,,pending,
3484,copiis,copiis,,copiis in Etruria,"issum eo cum uetere exercitu, compresserat. Decio populandos hostium agros relinquit, ipse cum suis",m ad collegam pergit. quem aduenientem laeti omnes accepere: Appium ex conscientia sua credo animum,0.7,,pending,
3485,sit,sit,,sit in Etruria,"n Samnio res prosperas esse ait, litteris eius accitum uenisse; quae si falsae fuerint nec usus sui","m, extemplo conuersis signis abiturum. 'tu uero abeas' inquit, 'neque te quisquam moratur; etenim mi",0.7,,pending,
3486,gestae,gestae,,gestae in Etruria,"des incidisset, desertori magis quam deserto noxae fore; eo rem adductam ut omne rei bene aut secus",decus dedecusque ad L. Uolumnium sit delegatum; neminem quaesiturum quae uerba Appi sed quae fortun,0.7,,pending,
3487,uel,uel,,uel in Etruria,erator uter sit melior. Etruriam et Samnium prouincias esse; utram mallet eligeret; suo exercitu se,"uel in Samnio rem gesturum. tum militum clamor ortus, ut simul ambo bellum Etruscum susciperent. qu",0.7,,pending,
3488,rebus,rebus,,rebus in Etruria,"i extra sortem mandetur, quin alter consul pro superuacaneo atque inutili habeatur? gloriari Fabium","gestis; uelle et P. Decium gloriari; et forsitan, quem ille obrutum ignem reliquerit, ita ut totien",0.7,,pending,
3489,tempore,tempore,,tempore in Etruria,us quinque milia peditum equitumque cum Fabio uenisse. sibi placere P. Decium consulem primo quoque,"m ad collegam proficisci, L. Uolumnio Samnium prouinciam dari; si consul malit in suam prouinciam ir",0.7,,pending,
3490,Uolumnium,uolumnium,,Uolumnium in Etruria,"d collegam proficisci, L. Uolumnio Samnium prouinciam dari; si consul malit in suam prouinciam ire,","m ad consulem cum exercitu iusto consulari proficisci. cum magnam partem moueret oratio praetoris, P",0.7,,pending,
3491,quantum,quantum,,quantum in Etruria,"ommodum rei publicae posset, Romam uenisset uel aliquem ex legatis misisset, a quo disceret senatus","belli esset quantisque administrandum copiis et quot per duces esset. Fabius, ut Romam rediit, et i",0.7,,pending,
3492,uel,uel,,uel in Etruria,rium et a populo et a senatu et ab ipso collega Fabio permissum est; et cum P. Decius se in Samnium,"m proficisci paratum esse ostendisset, tanta laetitia ac gratulatio fuit ut praeciperetur uictoria a",0.7,,pending,
3493,profectos,profectos,,profectos in Etruria,riumphusque non bellum decretum consulibus uideretur. inuenio apud quosdam extemplo consulatu inito,m Fabium Deciumque sine ulla mentione sortis prouinciarum certaminumque inter collegas quae exposui.,0.7,,pending,
3494,consules,consules,,consules in Etruria,tur. constare res incipit ex eo tempore quo profecti ambo consules ad bellum sunt. ceterum antequam,"m peruenirent, Senones Galli multitudine ingenti ad Clusium uenerunt legionem Romanam castraque oppu",0.7,,pending,
3495,et,et,,et in Etruria,issa inde omnium aliarum rerum cura Fabius collegae funus omni honore laudibusque meritis celebrat.,per eosdem dies ab Cn. Fuluio propraetore res ex sententia gesta et praeter ingentem inlatam popula,0.7,,pending,
3496,relicto,relicto,,relicto in Etruria,"ernum montem compulsum, non deterritus iniquitate loci, fundit fugatque. Q. Fabius Deciano exercitu","e praesidio, suis legionibus deductis ad urbem de Gallis Etruscisque ac Samnitibus triumphauit. mili",0.7,,pending,
3497,nec,nec,,nec in Etruria,raemia illa tempestate militiae haudquaquam spernenda. his ita rebus gestis nec in Samnitibus adhuc,pax erat; nam et Perusinis auctoribus post deductum ab consule exercitum rebellatum fuerat et Samni,0.7,,pending,
3498,Fabius,fabius,,Fabius in Etruria,olturno adiacent flumini descendere. aduersus eos Ap. Claudius praetor cum exercitu Deciano missus.,"rebellante denuo quattuor milia et quingentos Perusinorum occidit, cepit ad mille septingentos quad",0.7,,pending,
3499,bellum,bellum,,bellum in Etruria,"capta amplius duo milia hominum, minus duo milia circa muros caesa. pax tamen clarior maiorque quam","eo anno fuerat parta est. tres ualidissimae urbes, Etruriae capita, Uolsinii, Perusia, Arretium, pa",0.7,,pending,
3500,Samnio,samnio,,Samnio in Etruria,"pe impetrandi petisset uideretque alios quod tardius ab urbe exisset, alios quod iniussu senatus ex","m transisset, partim suos inimicos, partim collegae amicos ad solacium aequatae repulsae sibi quoque",0.7,,pending,
3501,Atilio,atilio,,Atilio in Etruria,o captis aliquot urbibus in Apulia fusum fugatumque saucium ipsum cum paucis Luceriam compulsum: ab,res gestas eumque triumphasse. Fabius ambo consules in Samnio et ad Luceriam res gessisse scribit t,0.7,,pending,
3502,traductumque,traductumque,,traductumque in Etruria,a res gestas eumque triumphasse. Fabius ambo consules in Samnio et ad Luceriam res gessisse scribit,m exercitum &mdash;sed ab utro consule non adiecit&mdash;et ad Luceriam utrimque multos occisos inqu,0.7,,pending,
3503,Samnio,samnio,,Samnio in Etruria,s ex auctoritate patrum iussu populi bellum Faliscis indictum est iussique consules sortiri uter ex,"m cum exercitu transiret. iam Caruilius Ueliam et Palumbinum et Herculaneum ex Samnitibus ceperat, U",0.7,,pending,
3504,consul,consul,,consul in Etruria,"in agrum Uescinum, quia regio ea infesta ab Samnitibus erat, hibernatum duxit. inter haec Caruilius","Troilum primum oppugnare adortus quadringentos septuaginta ditissimos, pecunia grandi pactos ut abi",0.7,,pending,
3505,hibernis,hibernis,,hibernis in Etruria,"m intolerabilia frigora erant, quies militi data est; et ad prima ac dubia signa ueris profectus ex","m ducit, eam quoque gentem, sicut Gallos Liguresque, aut ui aut uoluntate adiuncturus. transeuntem A",0.7,,pending,
3506,praetore,praetore,,praetore in Etruria,"aesidiique quod ibi obsideretur cura est. C. Seruilius legatus, ex auctoritate patrum a P. Cornelio","m ad frumentum coemendum missus, cum aliquot nauibus onustis in portum Tarentinum inter hostium cust",0.7,,pending,
3507,Iunio,iunio,,Iunio in Etruria,ta inclinatura rursus animos uidebatur ad ueteris imperii respectum. et praetoribus prioris anni M.,", P. Sempronio in Gallia cum binis legionibus quas habuerant prorogatum est imperium. prorogatum et",0.7,,pending,
3508,qui,qui,,qui in Etruria,lius praefuisset Siciliamque prouinciam cum L. Cincio praetore obtineret. exercitus eis duo decreti,"Galliaque essent; eae quattuor erant legiones; urbanae duae superioris anni in Etruriam, duae quibu",0.7,,pending,
3509,anni,anni,,anni in Etruria,s duo decreti qui in Etruria Galliaque essent; eae quattuor erant legiones; urbanae duae superioris,"m, duae quibus Sulpicius consul praefuisset in Galliam mitterentur. Galliae et legionibus praeesset",0.7,,pending,
3510,Aquilius,aquilius,,Aquilius in Etruria,"rsae occupabant cogitationes hominum, ne Tarentinae quidem arcis excidit memoria. M. Ogulnius et P.","m legati ad frumentum coemendum quod Tarentum portaretur profecti, et mille milites de exercitu urba",0.7,,pending,
3511,habuerat,habuerat,,habuerat in Etruria,"agister equitum dictus. dictator postquam Romam uenit, C. Sempronium Blaesum legatum quem ad Capuam","m prouinciam ad exercitum misit in locum C. Calpurni praetoris, quem ut Capuae exercituique suo prae",0.7,,pending,
3512,quibus,quibus,,quibus in Etruria,"ta per prouincias diuisi: Fuluio duae legiones quas in Sicilia M. Ualerius Laeuinus haberet, Fabio,",C. Calpurnius praefuisset: urbanus exercitus ut in Etruriam succederet: C. Calpurnius eidem praeess,0.7,,pending,
3513,ut,ut,,ut in Etruria,"M. Ualerius Laeuinus haberet, Fabio, quibus in Etruria C. Calpurnius praefuisset: urbanus exercitus",m succederet: C. Calpurnius eidem praeesset prouinciae exercituique: Capuam exercitumque quem Q. Ful,0.7,,pending,
3514,quae,quae,,quae in Etruria,C. Fuluio Flacco legato&mdash;frater hic consulis erat&mdash;in Etruriam dedit ducendum et legiones,erant Romam deducendas. et Fabius consul reliquias exercitus Fuluiani conquisitas&mdash;fuere autem,0.7,,pending,
3515,Apulia,apulia,,Apulia in Etruria,"s Marcellus consul designatus, qui rem inspiceret ac, si digna uideretur, exercitu accito bellum ex",m transferret. eo metu compressi Etrusci quieuerunt. Tarentinorum legatis pacem petentibus cum liber,0.7,,pending,
3516,praetore,praetore,,praetore in Etruria,T. Quincti praetoris fuerat cum una legione obtineret. prorogatum et C. Hostilio Tubulo est ut pro,m ad duas legiones succederet C. Calpurnio . prorogatum et L. Ueturio Philoni est ut pro praetore Ga,0.7,,pending,
3517,coepta,coepta,,coepta ab Etruscis,"um ab hoste nec receptum ab tergo circumuenti haberent, extrahi tamen diutius certamen potuisset ni",fuga pauorem ceteris iniecisset. non tamen omisere pugnam deserti ab Etruscis Fregellani donec inte,0.75,,pending,
3518,fuga,fuga,,ab Etruscis fuga,"oste nec receptum ab tergo circumuenti haberent, extrahi tamen diutius certamen potuisset ni coepta",pauorem ceteris iniecisset. non tamen omisere pugnam deserti ab Etruscis Fregellani donec integri c,0.7,,pending,
3519,deserti,deserti,,deserti ab Etruscis,certamen potuisset ni coepta ab Etruscis fuga pauorem ceteris iniecisset. non tamen omisere pugnam,Fregellani donec integri consules hortando ipsique ex parte pugnando rem sustinebant; sed postquam,0.75,,pending,
3520,Fregellani,fregellani,,ab Etruscis Fregellani,n potuisset ni coepta ab Etruscis fuga pauorem ceteris iniecisset. non tamen omisere pugnam deserti,donec integri consules hortando ipsique ex parte pugnando rem sustinebant; sed postquam uolneratos,0.7,,pending,
3521,Uarro,uarro,,Uarro in Etruria,. comitiis perfectis ludisque factis dictator et magister equitum magistratu abierunt. C. Terentius,m pro praetore missus ut ex ea prouincia C. Hostilius Tarentum ad eum exercitum iret quem T. Quincti,0.7,,pending,
3522,quique,quique,,quique in Etruria,"sus Hasdrubalem quem iam Alpibus adpropinquare fama erat, decreta; exercitum e duobus qui in Gallia","esset addito urbano eligeret quem mallet, qui Galliam esset sortitus: cui Bruttii prouincia eueniss",0.7,,pending,
3523,Terentius,terentius,,Terentius in Etruria,"essent, quattuor Hispania haberet, binas tres praetores, in Sicilia et Sardinia et Gallia, duas C.",", duas Q. Fuluius in Bruttiis, duas Q. Claudius circa Tarentum et Sallentinos, unam C. Hostilius Tub",0.7,,pending,
3524,alterum,alterum,,alterum in Etruria,"quanto exercitu id bellum geratur, in eorum potestate esse. duos exercitus Romanos, unum in Gallia,",esse; satis scire Sp. Lucretium se cum M. Liuio iuncturum; multa milia armanda esse ut duobus ducib,0.7,,pending,
3525,exercitum,exercitum,,exercitum in Etruria,"us Tappulus ; hi duo cum aediles plebis essent, praetores creati sunt. consul comitiis perfectis ad",m redit. sacerdotes eo anno mortui atque in locum eorum suffecti: Ti. Ueturius Philo flamen Martiali,0.7,,pending,
3526,idem,idem,,idem in Etruria,"issimus; super haec bellicae quoque laudis consulatus compotem fecerat. quod in Bruttiis prouincia,","ac Liguribus decretum: M. Cornelius nouo consuli tradere exercitum iussus, ipse prorogato imperio G",0.7,,pending,
3527,res,res,,res in Etruria,"Salinator et C. Aurelius Cotta . comitia eius anni utrum C. Seruilius consul habuerit an, quia eum","tenuerint quaestiones ex senatus consulto de coniurationibus principum habentem, dictator ab eo dic",0.7,,pending,
3528,legionibus,legionibus,,legionibus in Etruria,. Lentulus pro praetore habuisset decernitur. M. Seruilio prioris anni consuli cum suis duabus item,"prorogatum imperium est. quod ad Hispanias attineret, aliquot annos iam ibi L. Cornelium Lentulum e",0.7,,pending,
3529,assemble,assemble,,assemble in Etruria,"aius Aurelius the consul should order that the army, for which he had designated a date on which to",", should come together the same day at Ariminum, and that either Aurelius himself, if the interests",0.7,,pending,
3530,do,do,,do in Etruria,"d on the war with more booty than glory. Lucius Furius, partly because there was nothing for him to",", partly because he was ambitious for a triumph over the Gauls, which he thought he could more easil",0.7,,pending,
3531,service,service,,service in Etruria,"us. Also, to Publius Porcius Laeca were assigned ten thousand infantry and five hundred cavalry for","in the neighbourhood of Pisae. In Sardinia, the command of Tiberius Sempronius Longus was extended.",0.7,,pending,
3532,place,place,,place in Etruria,Tiberius Sempronius and had been discharged by those consuls should assemble on the day and at the,"which the consul Lucius Cornelius had announced in his proclamation, and that the consul Lucius Cor",0.7,,pending,
3533,cui,cui,,cui in Etruria,"geri hostium animos. his litteris recitatis decreverunt ut C. Aurelius A.U.C. 554 consul exercitum,","m ad conveniendum diem edixerat, Arimini eadem die adesse iuberet et aut ipse, si per commodum rei p",0.7,,pending,
3534,Gallia,gallia,,Gallia in Etruria,exercitus consularis ab Arretio Ariminum transductus erat et quinque milia socium Latini nominis ex,"m transierant. itaque L. Furius, magnis itineribus ab Arimino adversus Gallos Cremonam etiam tum obs",0.7,,pending,
3535,igitur,igitur,,igitur in Etruria,"ovinciam venisset, haud clam tulit iram adversus praetorem, quod absente se rem gessisset. misso eo",m ipse in agrum hostium legiones induxit populandoque cum praeda maiore quam gloria bellum gessit. L,0.7,,pending,
3536,quod,quod,,quod in Etruria,"hostium legiones induxit populandoque cum praeda maiore quam gloria bellum gessit. L. Furius, simul","nihil erat rei quod gereret, simul Gallico triumpho imminens, quem absente consule irato atque: inv",0.7,,pending,
3537,propraetor,propraetor,,propraetor in Etruria,"ium for one year was ordered for Gaius Laelius with his army; the same was done for Publius Junius,",", with the army which was in the province, and for Marcus Tuccius, propraetor among the Brutti and i",0.7,,pending,
3538,propraetor,propraetor,,propraetor in Etruria,"Cicero ( Brutus 255). The senate, on receiving this news, voted that Publius Junius Brutus, who was",", should turn over his province and army to whichever of his lieutenants he saw fit, that he himself",0.7,,pending,
3539,propraetori,propraetori,,propraetori in Etruria,Laelio cum suo exercitu prorogatum in annum in annum s: om. B. imperium est; prorogatum et P. Iunio,"cum eo exercitu, qui in provincia esset, et M. Tuccio propraetori in Bruttiis et Apulia. priusquam",0.7,,pending,
3540,propraetor,propraetor,,propraetor in Etruria,"iam perfugisse et intra triduum exspirasse. senatus ea re audita decrevit uti P. Iunius Brutus, qui","esset, provincia exercituque traditis traditis s: tradito B. uni, cui videretur ex legatis, ipse in",0.7,,pending,
3541,praetore,praetore,,praetore in Etruria,"spaniam proficisceretur, eaque ei provincia esset. hoc senatus consultum litteraeque a Sp. Postumio","m missae sunt, profectusque in Hispaniam est P. Iunius propraetor. A.U.C. 565 in qua provincia prius",0.7,,pending,
3542,commission,commission,,commission in Etruria,"Scipio was both accused and convicted of receiving money from the king, Africanus was serving on a","; Nothing further is known of this commission, although Gellius (VI. (VII.) xix) tells the rest of t",0.7,,pending,
3543,legatum,legatum,,legatum in Etruria,"illi auctores sequendi sunt qui, cum L. Scipio et accusatus et damnatus sit pecuniae captae ab rege",fuisse Africanum tradunt; qua post famam de casu fratris adlatam relicta legatione cucurrisse eum R,0.7,,pending,
3544,ignobilis,ignobilis,,ignobilis in Etruria,paniam ulteriorem. consulibus ambobus quaestio de clandestinis coniurationibus decreta est. graecus,"m primum venit nulla cum arte earum, quas multas ad animorum corporumque cultum nobis eruditissima o",0.7,,pending,
3545,quoque,quoque,,quoque in Etruria,"s aliis coniuravit de caede consulum et senatus, incendiis urbis et opprimenda re publica, exercitu",comparato. ea coniuratio industria M. Tullii Ciceronis eruta est. Catilina urbe pulso de reliquis c,0.7,,pending,
3546,vincit,vincit,,vincit in Etruria,lis plebis 33.25 . praetor 33.24 . sortitur iurisdictionem inter cives et peregrinos 33.26 . servos,"33.36 . ambit consulatum 35.10 . consul creatur 35.24 . sortitus Graociam, ludos ma- gnos Iovi vove",0.7,,pending,
3547,imperator,imperator,,imperator appellatur ab,"ellespontum 23 . venit Demetriadem, arcessitus ab Aetolis 43 eius in concilio Aetolorum cratio 44 .",Aetolis 45 . tentat Romanorum socios 47 . ei portas aperiunt Chalcidenses; Salgancam et castellum a,0.7,,pending,
3548,Apparitores,apparitores,,Apparitores ab Etruscis,ibid. Apollonius purpuratus sub Antiocho Magno 37.23 . Apollonius Antiochi Epiphanis legatus 42.6 .,"sumti 1.8 . regii 40 . consulum XXIV, et ipsi plebeii homines 2.55 . ad pignora capienda dimissi 3.",0.75,,pending,
3549,sumti,sumti,,ab Etruscis sumti,nius purpuratus sub Antiocho Magno 37.23 . Apollonius Antiochi Epiphanis legatus 42.6 . Apparitores,"1.8 . regii 40 . consulum XXIV, et ipsi plebeii homines 2.55 . ad pignora capienda dimissi 3.38 . A",0.7,,pending,
3550,Aquillius,aquillius,,Aquillius in Etruria,. Aquillius Corvus tribunus milit. consulari potestate 6.4 . L. Aquillius Gallus praetor 41.18 . P.,m ad coemendum fru mentum missus 27.3 . Aquilonia 10.38 . capta a Romanis 41 . a militibus direpta e,0.7,,pending,
3551,mittitur,mittitur,,mittitur in Etruria,1 . C. Calpurnius Piso praetor creatur 25.41 . praetor urbanus 26.10 . 15 et 21 . prorogato imperio,m 28 . Capuae et exercitui praeficitur 27.6 . iterum praeficitur Etruriae 7 . propraetor ad senatum,0.7,,pending,
3552,gestae,gestae,,gestae in Etruria,rofectus vi capit Amiternum oppidum 39 . et Cominium 43 . et alia in Samnio oppida 44 sqq. eius res,"46 . triumphat, ibid. Sp. Carvilius cos. suadet, ut ex Latinis populis senatus suppleatur 23.22 . m",0.7,,pending,
3553,genus,genus,,genus in Etruria,. Cierium Thessaliae oppidum 32.15 . 36.10 . 14 . Cilices maritimi 38.18 . Cilicia 33.19 . Cilnium,"praepotens 10.3 . Cimbis locus non procul a Gadibus 28.37 . Cimetra urbs, capta 10.15 . Ciminiam si",0.7,,pending,
3554,eius,eius,,eius in Etruria,"ei funus celebrat T. Manlius , cos. ibid. P. Decius Mus . cos, 9.28 et 29 legatus 40 cos iterum 41","res bene gestae, ibid. magister equit. 44 . censor 46 . eius oratio pro lege de augendo numero sace",0.7,,pending,
3555,captum,captum,,ab Etruscis captum,"ionem 51 et sqq. interrex 6.1 . dictator tertium 2 . capit Volscorum castra, ibid. recipit Sutrium,",3 . triumphat 4 . trib. milit. consulari potestate quintum 6 . regimen rerum collegae ei permittunt,0.7,,pending,
3556,vocatur,vocatur,,Tusco verbo vocatur,"b senatu consultum, ne praetor cogeret vicesimas vendere Hispanos quanti ipse vellet 43.2 . Hister.",ludio 7.2 . Hister fluvius 40.21 et 57 Histri gens fera 10.2 . lacessiverunt magis quam exercuerunt,0.85,,pending,
3557,ei,ei,,ei in Etruria,cladem 23.14 . M. Iunius Silanus praefectus Neapolitanus 23.15 . praetor 25.2 . sortitur Tuscos 3 .,prorogatum imperium 26.1 . ad res gerendas adiutor P. Scipioni datur 19 . a Scipione mittitur adver,0.7,,pending,
3558,propraetor,propraetor,,propraetor in Etruria,"s, tuetur legem Oppiam 34.1 . aedilis curulis 35.41 . creatur praetor 36.45 . sorutur Tuscos 37.2 .",50 . iubetur proficisci cum imperio in Hispaniam ulteriorem 57 . Q. Iunius tribunus plebis queritur,0.7,,pending,
3559,capta,capta,,capta ab Etruscis,"Thebanus, securi percussus 45.31 . Necrotes 37.40 . Nepessnus ager 5.19 . 26.34 . Nepete urbs 6.9 .",", recepta ab Romanis. ibid. et 10 . Nepesinorum deditionis auctores securi percussi, ibid. coloniae",0.75,,pending,
3560,frumentum,frumentum,,frumentum in Etruria,"us, ex mulctaticia pecunia varia dona et opera in sacros publicosque usus facit 23 . M. Ogulnius ad","coemendum missus 27.3 . M. Ogulnius trib. milit. de legione secunda, cadit in proelio cum Boiis 33.",0.7,,pending,
3561,Graecus,graecus,,Graecus in Etruria,conditori Aeneae oppidi 40.4 . Sacrificuli ex alieno errore quaestum facientes 25.1 . sacrificulus,m Bacchanalia invehit 39.8 . Sacrilegium vide Proserpina. a Fulvio censore commissum 42.3 . eius ult,0.7,,pending,
3562,sumta,sumta,,ab Etruscis sumta,"mitur, ibid. Selinus oppidum Ciliciae 33.20 . Sella curulis 1.8 . 2.54 . 5.41 . 7.1 . 10.7 . 25.5 .","1.8 . dono missa Masinissae 31.11 . Eumeni 42.14 . sella eburnea dono missa regi Syphaci 27.4 , sel",0.7,,pending,
3563,frumento,frumento,,frumento in Etruria,"a filio consule sextum decimum post annum liberatus, Romam revertitur 30.19 . C. Servilius legatus,",coemto instruit arcem Tarentinam 25.15 . pontifex 27.6 . aedilis pl. 21 . magister equitum et aedil,0.7,,pending,
3564,coniuratio,coniuratio,,coniuratio in Etruria,", ibid. servi indicium de incendenda Roma 26.27 . servi Persei in Italiam traducti 45.32 . servorum","33.36 . vincuntur a M'. Acilio . praetore, ibid. principes coniurationis affiguntur crucibus, ibid.",0.7,,pending,
3565,obsidetur,obsidetur,,obsidetur ab Etruscis,"trinus ager 26.34 . Sutrium oppidum, obsidetur et capitur a Tuscis 6.3 . recipitur a Camillo, ibid.","9 . liberatur, ibid. Sutrium, claustrum Etruriae, ab Etruscis oppugnatum 9.32 et 35 vid. et 10.14 .",0.75,,pending,
3566,oppugnatum,oppugnatum,,ab Etruscis oppugnatum,"recipitur a Camillo, ibid. obsidetur ab Etruscis 9 . liberatur, ibid. Sutrium, claustrum Etruriae,",9.32 et 35 vid. et 10.14 . negat consulibus milites et pecuniam 27.9 . de hac re senatusconsultum 2,0.7,,pending,
3567,propraetor,propraetor,,propraetor in Etruria,Piceno agro praesidio esse 32 . ei per omnes annos post fugam ab Cannis prorogatum imperium 25.6 .,m mittitur 27.35 . legatus mittitur ad Philippum 30.26 . legatus in Africam mittitur 31.11 . triumvi,0.7,,pending,
3568,Troilium,troilium,,Troilium in Etruria,"ore condita 1.1 . Troia in Laurente agro ab Aenea condita, ibid. Troianus pagus 1.1 . Troiani 1.1 .",a Sp. Carvilio cos. captum 10.46 . Tromentina tribus addita 6.5 . Trophonii specus 45.27 . Trophoni,0.7,,pending,
3569,Bacchanalia,bacchanalia,,Bacchanalia in Etruria,"tes ex Etruria acciti 1.55 et 56 . 5, 15 . ex alieno errore quaestum facientes 25.1 . vates Graecus",m invehit 39.8 . Vaticanus ager 10.26 . Vaticini libri iubentur ad praetorem deferri 25.1 . Vecilius,0.7,,pending,
3570,improbatur,improbatur,,improbatur ab Etruscis,s superbe respondet legatis Romanis 58 . iis indicitur bellum 60 . Veientes regem creant 5.1 . quod,", ibid. septies rebellarunt 4 . Veii obsessi a Romanis 4.61 . hibernacula ad Veios 5.2 . ea, quae ge",0.75,,pending,
3571,genus,genus,,genus ab Etruscis,"eum secutum numerum putant; me haud paenitet eorum sententiae esse, quibus et apparitores [et] hoc","finitimis, unde sella curulis, unde toga praetexta sumpta est, et numerum quoque ipsum ductum place",0.75,,pending,
3572,finitimis,finitimis,,ab Etruscis finitimis,"ecutum numerum putant; me haud paenitet eorum sententiae esse, quibus et apparitores [et] hoc genus",", unde sella curulis, unde toga praetexta sumpta est, et numerum quoque ipsum ductum placet et ita h",0.7,,pending,
3573,non,non,,non in Etruria,"servitiorum utique et plebis esset, ni consules providissent dimissis passim ad frumentum coemendum","m modo dextris ab Ostia litoribus laevoque per Volscos mari usque ad Cumas, sed [quaesitum] in Sicil",0.7,,pending,
3574,trepidatum,trepidatum,,trepidatum in Etruria,lacet; Tubero incertus veri est. sit inter cetera vetustate cooperta hoc quoque in incerto positum.,"est post Fidenas captas non Veientibus solum exterritis metu similis excidii, sed etiam Faliscis me",0.7,,pending,
3575,timentes,timentes,,timentes in Etruria,"minum pecorumque pernicie accepta famem quoque ex pestilentia, morbo inplicitis cultoribus agrorum,","m Pomptinumque agrum et Cumas, postremo in Siciliam quoque frumenti causa misere. consularium comiti",0.7,,pending,
3576,et,et,,et in Etruria,"ia ante provisum erat, periculum fuit. consilia de movendo bello in Volscorum Aequorumque conciliis","ad fanum Voltumnae agitata. ibi prolatae in annum res, decretoque cautum, ne quod ante concilium fi",0.7,,pending,
3577,frons,frons,,frons in Etruria,"niebant, ut ancipitia munimenta essent, alia in urbem et contra oppidanorum eruptiones versa, aliis","m spectans auxiliis, si qua forte inde venirent, obstruebatur. cum spes maior imperatoribus Romanis",0.7,,pending,
3578,sed,sed,,sed in Etruria,"unt; castella primo pauca, postea exercitu aucto creberrima fecerunt; munitiones non in urbem modo,","m etiam spectantes, si qua inde auxilia veniant, opposuere; quid turres, quid vineas testudinesque e",0.7,,pending,
3579,nequiquam,nequiquam,,nequiquam in Etruria,"pugnabit, nisi auxilio hostibus tribuni plebis fuerint et Romae invenerint praesidia Veientes, quae","quaerunt. an est quicquam, quod Veientibus optatum aeque contingere possit, quam ut seditionibus pr",0.7,,pending,
3580,auxilia,auxilia,,auxilia ab Etruscis,"modestia est, ut non obsidionis taedio, non denique regni quicquam apud eos novatum sit, non negata","inritaverint animos; morietur enim extemplo, quicumque erit seditionis auctor, nec cuiquam dicere e",0.75,,pending,
3581,inritaverint,inritaverint,,ab Etruscis inritaverint,"est, ut non obsidionis taedio, non denique regni quicquam apud eos novatum sit, non negata auxilia","animos; morietur enim extemplo, quicumque erit seditionis auctor, nec cuiquam dicere ea licebit, qu",0.7,,pending,
3582,agrosque,agrosque,,agrosque ab Etruscis,"am gentem traditur fama dulcedine frugum maximeque vini, nova tum voluptate, captam Alpes transisse",ante cultos possedisse; et invexisse in Galliam vinum inliciendae gentis causa Arruntem Clusinum ir,0.75,,pending,
3583,ante,ante,,ab Etruscis ante,"traditur fama dulcedine frugum maximeque vini, nova tum voluptate, captam Alpes transisse agrosque",cultos possedisse; et invexisse in Galliam vinum inliciendae gentis causa Arruntem Clusinum ira cor,0.7,,pending,
3584,quid,quid,,quid in Etruria,"nt. L. quodnam id ius esset, agrum a possessoribus petere aut minari arma, Romanis quaerentibus, et","rei Gallis esset, cum illi se in armis ius ferre et omnia fortium virorum esse ferociter dicerent,",0.7,,pending,
3585,captam,captam,,captam ab Etruscis,successores Valerio in Volscos missi. profecti ab urbe Sutrium Furius et Valerius partem oppidi iam,"invenere, ex parte altera intersaeptis itineribus aegre oppidanos vim hostium ab se arcentes. cum R",0.75,,pending,
3586,invenere,invenere,,ab Etruscis invenere,ores Valerio in Volscos missi. profecti ab urbe Sutrium Furius et Valerius partem oppidi iam captam,", ex parte altera intersaeptis itineribus aegre oppidanos vim hostium ab se arcentes. cum Romani aux",0.7,,pending,
3587,se,se,,se ab Etruscis,"norum prodente civitatem facta erat deditio. mitti tamen ad principes eorum placuit, ut secernerent","fidemque, quam inplorassent ab Romanis, ipsi praestarent. unde cum responsum allatum esset nihil su",0.75,,pending,
3588,fidemque,fidemque,,ab Etruscis fidemque,"um prodente civitatem facta erat deditio. mitti tamen ad principes eorum placuit, ut secernerent se",", quam inplorassent ab Romanis, ipsi praestarent. unde cum responsum allatum esset nihil suae potest",0.7,,pending,
3589,dabant,dabant,,more Tusco dabant,"ndorum carminum actu ludiones, ex Etruria acciti, ad tibicinis modos saltantes haud indecoros motus",". imitari deinde eos iuventus simul inconditis inter se iocularia fundentes versibus coepere, nec ab",0.65,,pending,
3590,ister,ister,,ister Tusco verbo,"a voce motus erant. accepta itaque res saepiusque usurpando excitata. vernaculis artificibus, quia","ludio vocabatur, nomen histrionibus inditum; qui non, sicut ante, Fescennino versu similem inconpos",0.85,,pending,
3591,ludio,ludio,,Tusco verbo ludio,"e motus erant. accepta itaque res saepiusque usurpando excitata. vernaculis artificibus, quia ister","vocabatur, nomen histrionibus inditum; qui non, sicut ante, Fescennino versu similem inconpositum t",0.85,,pending,
3592,omne,omne,,omne nomen Etruscum,"everterunt, militaribus iocis cum apparatum hostium tum suum increpantes pavorem. concitatur deinde",", et Tarquiniensibus Faliscisque ducibus ad salinas perveniunt. adversus eum terrorem dictator C. Ma",0.8,,pending,
3593,annos,annos,,annos in Etruria,nominis urbano prope dilectu decem scribebantur legiones; quaterni quinique exercitus saepe per eos,", in Umbria Gallis hostibus adiunctis, in Samnio, in Lucanis gerebant bellum. Latium deinde omne cum",0.7,,pending,
3594,fuere,fuere,,apud Etruscos fuere,"s haud dubie, nisi ultro arma Etrusci inferrent. eadem in conparando cohibendoque bello consilia et",": neutri finibus egressi. et censura clara eo anno Ap. Claudi et C. Plauti fuit, memoriae tamen feli",0.85,,pending,
3595,clamor,clamor,,clamor ab Etruscis,"us sol meridie se inclinavit, quam telum hinc aut illinc emissum est. inde, ne infecta re abiretur,",oritur concinuntque tubae et signa inferuntur; nec segnius a Romanis pugna initur. concurrunt infen,0.75,,pending,
3596,oritur,oritur,,ab Etruscis oritur,"meridie se inclinavit, quam telum hinc aut illinc emissum est. inde, ne infecta re abiretur, clamor",concinuntque tubae et signa inferuntur; nec segnius a Romanis pugna initur. concurrunt infensis ani,0.7,,pending,
3597,Sutrium,sutrium,,Sutrium ab Etruscis,"auxilio fuerunt; summaque invidia omnium ordinum solus censuram gessit. dum ea Romae geruntur, iam","obsidebatur, consulique Fabio imis montibus ducenti ad ferendam opem sociis temptandasque munitione",0.75,,pending,
3598,obsidebatur,obsidebatur,,ab Etruscis obsidebatur,"fuerunt; summaque invidia omnium ordinum solus censuram gessit. dum ea Romae geruntur, iam Sutrium",", consulique Fabio imis montibus ducenti ad ferendam opem sociis temptandasque munitiones, si qua po",0.7,,pending,
3599,haec,haec,,haec in Etruria,"ate erant, legati pacem foedusque ab Romanis petentes indutias in triginta annos impetraverunt. dum","geruntur, consul alter C. Marcius Rutilus Allifas de Samnitibus vi cepit. multa alia castella viciq",0.7,,pending,
3600,se,se,,se in Etruria,"te sua et magna parte Etruscorum ad rebellionem conpulsa tantum exercitum fecerant, ut relicto post","Decio ad oppugnandam inde Romam ituros, magnifice de se ac contemptim de Romanis loquentes, iactare",0.7,,pending,
3601,anno,anno,,anno ab Etruscis,adversus Umbros missa a flumine Narnia appellata; exercitus cum magna praeda Romam reductus. eodem,adversus indutias paratur bellum; sed eos talia molientis Gallorum ingens exercitus finis ingressus,0.75,,pending,
3602,adversus,adversus,,ab Etruscis adversus,rsus Umbros missa a flumine Narnia appellata; exercitus cum magna praeda Romam reductus. eodem anno,indutias paratur bellum; sed eos talia molientis Gallorum ingens exercitus finis ingressus paulispe,0.7,,pending,
3603,extemplo,extemplo,,extemplo in Etruria,"um consulem omnes sententiae centuriaeque dixere, quem senatus dictatorem dici iussurus fuerat. tum","m ad legiones proficisci iussit. adventus eius conpressit Etruscos adeo, ut nemo extra munimenta egr",0.7,,pending,
3604,eos,eos,,eos in Etruria,"rmis stipendio venisse; confestim secuturos, vel si ad ipsam Romanam urbem oppugnandam ducant. haec","iactantes molientesque bellum domi Romanum urebat. nan P. Decius, ubi conperit per exploratores pro",0.7,,pending,
3605,Romanis,romanis,,Romanis in Etruria,"lumni: ei Samnium provinciam evenisse. dum ea in Samnio, cuiuscumque ductu auspicioque, gererentur,","interim bellum ingens multis ex gentibus concitur, cuius auctor Gellius Egnatius ex Samnitibus erat",0.7,,pending,
3606,tempore,tempore,,tempore in Etruria,"cunda ac tertia sociorumque milibus quindecim profectus in Samnium esset, Ap. Claudium primo quoque","m ire placuit. duae Romanae legiones secutae, prima et quarta, et sociorum duodecim milia; castra ha",0.7,,pending,
3607,copiis,copiis,,copiis in Etruria,"issum eo cum vetere exercitu, conpresserat. Decio populandos hostium agros relinquit, ipse cum suis",m ad collegam pergit. quem advenientem laeti omnes accepere. Appium ex conscientia sua credo animum,0.7,,pending,
3608,sit,sit,,sit in Etruria,"n Samnio res prosperas esse ait, litteris eius accitum venisse; quae si falsae fuerint nec usus sui",", extemplo conversis signis abiturum. ' tu vero abeas' inquit, 'neque te quisquam moratur; etenim mi",0.7,,pending,
3609,gestae,gestae,,gestae in Etruria,"s incidisset, desertori magis quam deserto noxiae fore; eo rem adductam, ut omne rei bene aut secus","decus dedecusque ad L. Volumnium sit delegatum; neminem quaesiturum, quae verba Appi, sed quae fort",0.7,,pending,
3610,vel,vel,,vel in Etruria,erator uter sit melior. Etruriam et Samnium provincias esse; utram mallet eligeret: suo exercitu se,"vel in Samnio rem gesturum. tum militum clamor ortus, ut simul ambo bellum Etruscum susciperent. qu",0.7,,pending,
3611,rebus,rebus,,rebus in Etruria,"i extra sortem mandetur, quin alter consul pro supervacaneo atque inutili habeatur? gloriari Fabium","gestis; velle et P. Decium gloriari, et forsitan, quem ille obrutum ignem reliquerit, ita ut totien",0.7,,pending,
3612,tempore,tempore,,tempore in Etruria,us quinque milia peditum equitumque cum Fabio venisse. sibi placere P. Decium consulem primo quoque,"m ad collegam proficisci, L. Volumnio Samnium provinciam dari; si consul malit in suam provinciam ir",0.7,,pending,
3613,Volumnium,volumnium,,Volumnium in Etruria,"d collegam proficisci, L. Volumnio Samnium provinciam dari; si consul malit in suam provinciam ire,","m ad consulem cum exercitu iusto consulari proficisci. cum magnam partem moveret oratio praetoris, P",0.7,,pending,
3614,quantum,quantum,,quantum in Etruria,"mmodum rei publicae posset, Romam venisset vel aliquem ex legatis misisset, a quo disceret senatus,","belli esset quantisque administrandum copiis et quot per duces esset. Fabius, ut Romam rediit, et i",0.7,,pending,
3615,vel,vel,,vel in Etruria,et a populo et a senatu et ab ipso collega Fabio permissum est; et cum P. Decius se vel in Samnium,"m proficisci paratum esse ostendisset, tanta laetitia ac gratulatio fuit, ut praeciperetur victoria",0.7,,pending,
3616,profectos,profectos,,profectos in Etruria,"iumphusque, non bellum decretum consulibus videretur. Invenio apud quosdam extemplo consulatu inito","m Fabium Deciumque sine ulla mentione sortis provinciarum certaminumque inter collegas, quae exposui",0.7,,pending,
3617,consules,consules,,consules in Etruria,"ur. constare res incipit ex eo tempore, quo profecti ambo consules ad bellum sunt. ceterum antequam","m pervenirent, Senones Galli multitudine ingenti ad Clusium venerunt, legionem Romanam castraque opp",0.7,,pending,
3618,et,et,,et in Etruria,issa inde omnium aliarum rerum cura Fabius collegae funus omni honore laudibusque meritis celebrat.,per eosdem dies ab Cn. Fulvio propraetore res ex sententia gesta et praeter ingentem inlatam popula,0.7,,pending,
3619,relicto,relicto,,relicto in Etruria,"rnum montem conpulsum, non deterritus iniquitate loci, fundit fugatque. Q. Fabius, Deciano exercitu","e praesidio, suis legionibus deductis ad urbem de Gallis Etruscisque ac Samnitibus triumphavit. mili",0.7,,pending,
3620,nec,nec,,nec in Etruria,raemia illa tempestate militiae haudquaquam spernenda. his ita rebus gestis nec in Samnitibus adhuc,pax erat; nam et Perusinis auctoribus post deductum ab consule exercitum rebellatum fuerat et Samni,0.7,,pending,
3621,Fabius,fabius,,Fabius in Etruria,ulturno adiacent flumini descendere. adversus eos Ap. Claudius praetor cum exercitu Deciano missus.,"rebellante denuo quattuor milia et quingentos Perusinorum occidit, cepit ad mille septingentos quad",0.7,,pending,
3622,bellum,bellum,,bellum in Etruria,"apta amplius duo milia hominum, minus duo milia circa muros caesa. pax tamen clarior maiorque, quam","eo anno fuerat, parta est: 'tres validissimae urbes, Etruriae capita, Volsinii, Perusia, Arretium,",0.7,,pending,
3623,Samnio,samnio,,Samnio in Etruria,"inpetrandi petisset videretque alios, quod tardius ab urbe exisset, alios, quod iniussu senatus ex","m transisset, partim suos inimicos, partim collegae amicos, ad solacium aequatae repulsae sibi quoqu",0.7,,pending,
3624,Atilio,atilio,,Atilio in Etruria,"captis aliquot urbibus, in Apulia fusum fugatumque, saucium ipsum cum paucis Luceriam conpulsum; ab",res gestas eumque triumphasse. Fabius ambo consules in Samnio et ad Luceriam res gessisse scribit t,0.7,,pending,
3625,traductumque,traductumque,,traductumque in Etruria,a res gestas eumque triumphasse. Fabius ambo consules in Samnio et ad Luceriam res gessisse scribit,"m 'exercitum&mdash;sed ab utro consule, non adicit&mdash; et ad Luceriam utrimque multos occisos inq",0.7,,pending,
3626,Samnio,samnio,,Samnio in Etruria,"ex auctoritate patrum iussu populi bellum Faliscis indictum est iussique consules sortiri, uter ex","m cum exercitu transiret. iam Carvilius Veliam et Palumbinum et Herculaneum ex Samnitibus ceperat, V",0.7,,pending,
3627,consul,consul,,consul in Etruria,"in agrum Vescinum, quia regio ea infesta ab Samnitibus erat, hibernatum duxit. inter haec Carvilius","Troilum primum oppugnare adortus quadringentos septuaginta ditissimos, pecunia grandi pactos, ut ab",0.7,,pending,
3628,hibernis,hibernis,,hibernis in Etruria,"m intolerabilia frigora erant, quies militi data est; et ad prima ac dubia signa veris profectus ex","m ducit, eam quoque gentem, sicut Gallos Liguresque, aut vi aut voluntate adiuncturus. transeuntem A",0.7,,pending,
3629,acceptis,acceptis,,acceptis in Etruria,"oris acceptum. legionibus inde duabus a Sempronio prioris anni consule, duabus a C. Atilio praetore",m per Appennini tramites exercitus duci est coeptus. Periocha Libri XXII. Hannibal per continuas vig,0.7,,pending,
3630,amisso,amisso,,amisso in Etruria,exercitus duci est coeptus. Periocha Libri XXII. Hannibal per continuas vigilias in paludibus oculo,m venit; per quas paludes quatriduo et tribus noctibus sine ulla requie iter fecit. C. Flaminius con,0.7,,pending,
3631,praetore,praetore,,praetore in Etruria,"sidiique, quod ibi obsideretur, cura est. C. Servilius legatus, ex auctoritate patrum a P. Cornelio","m ad frumentum coemendum missus, cum aliquot navibus onustis in portum Tarentinum inter hostium cust",0.7,,pending,
3632,Iunio,iunio,,Iunio in Etruria,"a inclinatura rursus animos videbatur ad veteris imperii respectum. et praetoribus prioris anni, M.",", P. Sempronio in Gallia, cum binis legionibus, quas habuerant, prorogatum est imperium; prorogatum",0.7,,pending,
3633,qui,qui,,qui in Etruria,"us praefuisset, Siciliamque provinciam cum L. Cincio praetore obtineret. exercitus eis duo decreti,","Galliaque essent; eae quattuor erant legiones; urbanae duae superioris anni in Etruriam, duae, quib",0.7,,pending,
3634,anni,anni,,anni in Etruria,"duo decreti, qui in Etruria Galliaque essent; eae quattuor erant legiones; urbanae duae superioris","m, duae, quibus Sulpicius consul praefuisset, in Galliam mitterentur; Galliae et legionibus praeesse",0.7,,pending,
3635,Aquilius,aquilius,,Aquilius in Etruria,"rsae occupabant cogitationes hominum, ne Tarentinae quidem arcis excidit memoria. M. Ogulnius et P.","m legati ad frumentum coemendum, quod Tarentum portaretur, profecti, et mille milites de exercitu ur",0.7,,pending,
3636,quibus,quibus,,quibus in Etruria,"er provincias divisi: Fulvio duae legiones, quas in Sicilia M. Valerius Laevinus haberet, Q. Fabio,",C. Calpurnius praefuisset; urbanus exercitus ut in Etruriam succederet; C. Calpurnius eidem praeess,0.7,,pending,
3637,ut,ut,,ut in Etruria,"Valerius Laevinus haberet, Q. Fabio, quibus in Etruria C. Calpurnius praefuisset; urbanus exercitus","m succederet; C. Calpurnius eidem praeesset provinciae exercituique; Capuam exercitumque, quem Q. Fu",0.7,,pending,
3638,quae,quae,,quae in Etruria,"Fulvio Flacco legato &mdash; frater hic consulis erat&mdash;in Etruriam dedit ducendum et legiones,","erant, Romam deducendas. et Fabius consul reliquias exercitus Fulviani conquisitas&mdash;fuere aute",0.7,,pending,
3639,Apulia,apulia,,Apulia in Etruria,"s Marcellus consul designatus, qui rem inspiceret ac, si digna videretur, exercitu accito bellum ex",m transferret. eo metu conpressi Etrusci quieverunt. Tarentinorum legatis pacem petentibus cum liber,0.7,,pending,
3640,praetore,praetore,,praetore in Etruria,"T. Quincti praetoris fuerat cum una legione obtineret. prorogatum et C. Hostilio Tubulo est, ut pro","m ad duas legiones succederet C. Calpurnio. prorogatum et L. Veturio Philoni est, ut pro praetore Ga",0.7,,pending,
3641,coepta,coepta,,coepta ab Etruscis,"m ab hoste nec receptum ab tergo circumventi haberent, extrahi tamen diutius certamen potuisset, ni","fuga pavorem ceteris iniecisset. non tamen omisere pugnam deserti ab Etruscis Fregellani, donec int",0.75,,pending,
3642,fuga,fuga,,ab Etruscis fuga,"ste nec receptum ab tergo circumventi haberent, extrahi tamen diutius certamen potuisset, ni coepta","pavorem ceteris iniecisset. non tamen omisere pugnam deserti ab Etruscis Fregellani, donec integri",0.7,,pending,
3643,deserti,deserti,,deserti ab Etruscis,"certamen potuisset, ni coepta ab Etruscis fuga pavorem ceteris iniecisset. non tamen omisere pugnam","Fregellani, donec integri consules hortando ipsique ex parte pugnando rem sustinebant; sed postquam",0.75,,pending,
3644,Fregellani,fregellani,,ab Etruscis Fregellani,"potuisset, ni coepta ab Etruscis fuga pavorem ceteris iniecisset. non tamen omisere pugnam deserti",", donec integri consules hortando ipsique ex parte pugnando rem sustinebant; sed postquam vulneratos",0.7,,pending,
3645,Varro,varro,,Varro in Etruria,. comitiis perfectis ludisque factis dictator et magister equitum magistratu abierunt. C. Terentius,"m pro praetore missus, ut ex ea provincia C. Hostilius Tarentum ad eum exercitum iret, quem T. Quinc",0.7,,pending,
3646,quique,quique,,quique in Etruria,"s Hasdrubalem, quem iam Alpibus adpropinquare fama erat, decreta. exercitum e duobus, qui in Gallia","esset, addito urbano, eligeret, quem mallet, qui Galliam esset sortitus. cui Bruttii provincia even",0.7,,pending,
3647,Terentius,terentius,,Terentius in Etruria,"essent, quattuor Hispania haberet. binas tres praetores, in Sicilia et Sardinia et Gallia, duas C.",", duas Q. Fulvius in Bruttiis, duas Q. Claudius circa Tarentum et Sallentinos, unam C. Hostilius Tub",0.7,,pending,
3648,exercitu,exercitu,,exercitu in Etruria,"s Turrinus, qui tum aedilis plebis erat. comitiis perfectis dictator magistratu abdicato dimissoque","m provinciam ex senatus consulto est profectus ad quaestiones habendas, qui Etruscorum Umbrorumve po",0.7,,pending,
3649,alterum,alterum,,alterum in Etruria,"quanto exercitu id bellum geratur, in eorum potestate esse. duos exercitus Romanos, unum in Gallia,","esse; satis scire Sp. Lucretium se cum M. Livio iuncturum; multa milia armanda esse, ut duobus duci",0.7,,pending,
3650,exercitum,exercitum,,exercitum in Etruria,"ius Tappulus: hi duo cum aediles plebis essent, praetores creati sunt. consul comitiis perfectis ad",m redit. sacerdotes eo anno mortui atque in locum eorum suffecti: Ti. Veturius Philo flamen Martiali,0.7,,pending,
3651,idem,idem,,idem in Etruria,"issimus; super haec bellicae quoque laudis consulatus compotem fecerat. quod in Bruttiis provincia,",ac Liguribus decretum: M. Cornelius novo consuli tradere exercitum iussus; ipse prorogato imperio G,0.7,,pending,
3652,res,res,,res in Etruria,"s Salinator et C. Aurelius Cotta. comitia eius anni utrum C. Servilius consul habuerit an, quia eum","tenuerint quaestiones ex senatus consulto de coniurationibus principum habentem, dictator ab eo dic",0.7,,pending,
3653,legionibus,legionibus,,legionibus in Etruria,"Lentulus pro praetore habuisset, decernitur. M. Servilio prioris anni consuli cum suis duabus item","prorogatum imperium est. quod ad Hispanias attineret, aliquot annos iam ibi L. Cornelium Lentulum e",0.7,,pending,
3654,cui,cui,,cui in Etruria,"Romanae augeri hostium animos. his litteris recitatis decreverunt, ut C. Aurelius consul exercitum,","m ad conveniendum diem edixerat, Arimini eadem die adesse iuberet et aut ipse, si per commodum rei p",0.7,,pending,
3655,Gallia,gallia,,Gallia in Etruria,exercitus consularis ab Arretio Ariminum transductus erat et quinque milia socium Latini nominis ex,"m transierant. itaque L. Furius, magnis itineribus ab Arimino adversus Gallos Cremonam etiam tum obs",0.7,,pending,
3656,eo,eo,,eo in Etruria,"ciam venisset, haud clam tulit iram adversus praetorem, quod absente se rem gessisset. misso igitur",m ipse in agrum hostium legiones induxit populandoque cum praeda maiore quam gloria bellum gessit. L,0.7,,pending,
3657,quod,quod,,quod in Etruria,"hostium legiones induxit populandoque cum praeda maiore quam gloria bellum gessit. L. Furius, simul","nihil erat rei, quod gereret, simul Gallico triumpho imminens, quem absente consule irato atque inv",0.7,,pending,
3658,propraetori,propraetori,,propraetori in Etruria,"magistratibus, C. Laelio cum suo exercitu prorogatum in annum imperium est; prorogatum et P. Iunio","cum eo exercitu, qui in provincia esset, et M. Tuccio propraetori in Bruttiis et Apulia. priusquam",0.7,,pending,
3659,propraetor,propraetor,,propraetor in Etruria,"am perfugisse et intra triduum exspirasse. senatus ea re audita decrevit, uti P. Iunius Brutus, qui","esset, provincia exercituque traditis uni, cui videretur, ex legatis, ipse in ulteriorem Hispaniam",0.7,,pending,
3660,praetore,praetore,,praetore in Etruria,"spaniam proficisceretur, eaque ei provincia esset. hoc senatus consultum litteraeque a Sp. Postumio","m missae sunt, profectusque in Hispaniam est P. Iunius propraetor. in qua provincia prius aliquanto,",0.7,,pending,
3661,legatum,legatum,,legatum in Etruria,"lli auctores sequendi sunt, qui, cum L. Scipio et accusatus et damnatus sit pecuniae captae ab rege",fuisse Africanum tradunt; qua post famam de casu fratris adlatam relicta legatione cucurrisse eum R,0.7,,pending,
3662,ignobilis,ignobilis,,ignobilis in Etruria,paniam ulteriorem. consulibus ambobus quaestio de clandestinis coniurationibus decreta est. Graecus,"m primum venit nulla cum arte earum, quas multas ad animorum corporumque cultum nobis eruditissima o",0.7,,pending,
3663,cui,cui,,cui in Etruria,"Romanae augeri hostium animos. his litteris recitatis decreverunt, ut C. Aurelius consul exercitum,","m ad conveniendum diem edixerat, Arimini eadem die adesse iuberet et aut ipse, si per commodum rei p",0.7,,pending,
3664,Gallia,gallia,,Gallia in Etruria,exercitus consularis ab Arretio Ariminum transductus erat et quinque milia socium Latini nominis ex,"m transierant. itaque L. Furius , magnis itineribus ab Arimino adversus Gallos Cremonam etiam tum ob",0.7,,pending,
3665,eo,eo,,eo in Etruria,"ciam venisset, haud clam tulit iram adversus praetorem, quod absente se rem gessisset. misso igitur",m ipse in agrum hostium legiones induxit populandoque cum praeda maiore quam gloria bellum gessit. L,0.7,,pending,
3666,quod,quod,,quod in Etruria,"ostium legiones induxit populandoque cum praeda maiore quam gloria bellum gessit. L. Furius , simul","nihil erat rei, quod gereret, simul Gallico triumpho imminens, [quem] absente consule irato atque i",0.7,,pending,
3667,propraetori,propraetori,,propraetori in Etruria,"magistratibus, C. Laelio cum uno exercitu prorogatum in annum imperium est; prorogatum et P. Iunio","cum eo exercitu, qui in provincia esset, et M. Tuccio propraetori in Bruttiis et Apulia. priusquam",0.7,,pending,
3668,propraetor,propraetor,,propraetor in Etruria,"m perfugisse et intra triduum exspirasse. senatus ea re audita decrevit, uti P. Iunius Brutus , qui","esset, provincia exercituque traditis uni, cui videretur, ex legatis, ipse in ulteriorem Hispaniam",0.7,,pending,
3669,praetore,praetore,,praetore in Etruria,"spaniam proficisceretur, eaque ei provincia esset. hoc senatus consultum litteraeque a Sp. Postumio","m missae sunt, profectusque in Hispaniam est P. Iunius propraetor. in qua provincia prius aliquanto,",0.7,,pending,
3670,legatum,legatum,,legatum in Etruria,"li auctores sequendi sunt, qui, cum L. Scipio et accusatus et damnatus sit pecuniae captae ab rege,","fuisse Africanum tradunt, quo post famam de casu a. Ch. 187. fratris adlatam relicta legatione cucu",0.7,,pending,
3671,ignobilis,ignobilis,,ignobilis in Etruria,paniam ulteriorem. consulibus ambobus quaestio de clandestinis coniurationibus decreta est. Graecus,"m primum venit nulla cum a. u. 568. arte earum, quas multas ad animorum corporumque cultum nobis eru",0.7,,pending,
3672,Pieria,pieria,,Pieria appellatur a,". BC. 3, 79, 7: Aeginium, quod est oppidum oppositum Thessaliae; vgl. Plin. 4, 33: in regione, quae","nemore, Aeginium; nach Strabo 7, 7, 9, S. 327: *ai)gi/nion *tumfai/wn geh&ouml;rte die Stadt noch z",0.7,,pending,
3673,army,army,,army in Etruria,", to destroy the consuls and the senate, to burn the city, and seize the commonwealth: he raised an","; [Y.R. 689. B.C. 63;] the conspiracy was discovered, and frustrated by the exertions of Marcus Tull",0.7,,pending,
3674,genus,genus,,genus ab Etruscis,"Drakenborch. Walker, in his edition, proposes to read ut for et; thus, quibus ut apparitores et hoc","&mdash;numerum quoque ipsum ductum placet, ""who will have it, that as public servants of this kind,",0.75,,pending,
3675,raised,raised,,raised in Etruria,. But this also is left unsettled among other points not ascertained from length of time. Alarm was,"after the capture of Fidenae, not only the Veientians being terrified by the apprehension of simila",0.7,,pending,
3676,and,and,,and in Etruria,"e against it. Schemes for exciting wars were agitated in the meetings of the Aequans and Volscians,","at the temple of Voltumna. Here the matter was postponed for a year, and by a decree it was enacted",0.7,,pending,
3677,quiet,quiet,,quiet in Etruria,"dition, not as the author of an idle rumour. Although matters were announced to the Romans as being",", yet because it was stayed that this matter was being agitated in all their meetings, they so manag",0.7,,pending,
3678,meetings,meetings,,meetings in Etruria,ainment of our hopes. I am now speaking of labour and of loss of time. What? do these such frequent,on the subject of sending aid to Veii suffer us to disregard the danger which we encounter by procr,0.7,,pending,
3679,vain,vain,,vain in Etruria,"ns shall afford aid to the enemy, and the Veientians find in Rome reinforcements which they seek in",". Is there any thing which can happen so much in accordance with the wishes of the Veientians, as th",0.7,,pending,
3680,had,had,,had in Etruria,"mand land from the possessors, or to threaten war [in case of refusal], and what business the Gauls",", and on their fiercely replying, that they carried their right in their swords, that all things wer",0.7,,pending,
3681,transactions,transactions,,transactions in Etruria,"a, soliciting a peace and alliance with the Romans, obtained a truce for thirty years. During these",", the other consul, Caius Marcius Rutilus, took Allifae by storm from the Samnites; and many of thei",0.7,,pending,
3682,actively,actively,,actively in Etruria,"on; neither diffident of their own strength, nor despising the adversary. Meanwhile matters went on","; for a decisive battle was fought with the Umbrians, in which the enemy was routed, but lost not ma",0.7,,pending,
3683,established,established,,established in Etruria,for each soldier were exacted from them: this was the purchase of the truce.' The tranquillity now,"was interrupted by a sudden insurrection of the Umbrians, a nation which had suffered no injury fro",0.7,,pending,
3684,behind,behind,,behind in Etruria,"ith ostentatious vanity, and of the Romans with contempt, they boasted that they would leave Decius",", and march away to besiege Rome; which design of theirs being reported to the consul Decius, he rem",0.7,,pending,
3685,well,well,,well in Etruria,"encouraging them by displaying, in honourable and just terms, the glory which they had acquired, as","as in Samnium, he bade them finish this insignificant appendage to the Etrurian war, and take venge",0.7,,pending,
3686,restored,restored,,restored in Etruria,"hem. The dictator returned into the city in triumph. I have seen it asserted, that tranquillity was","by the dictator, without any memorable battle, only by composing the dissensions of the Arretians,",0.7,,pending,
3687,formed,formed,,formed in Etruria,"hoever it was that had the command and auspices, powerful combination, composed of many states, was","against the Romans, the chief promoter of which was Gellius Egnatius, a Samnite. Almost all the Etr",0.7,,pending,
3688,him,him,,him in Etruria,"th the request in his letter. But, if that were a forged letter, and that there was no occasion for",", he would instantly face about, and depart. You may depart, replied the other; no one detains you:",0.7,,pending,
3689,failure,failure,,failure in Etruria,"ne forsaken; that the state of affairs was such, that the credit and discredit of every success and","would be attributed to Lucius Volumnius: for no one would inquire, what were the words of Appius, b",0.7,,pending,
3690,either,either,,either in Etruria,"might select which he preferred; that he, with his own army, will undertake to manage the business","or in Samnium. The soldiers then, with loud clamours, requested that they would, in conjunction, ca",0.7,,pending,
3691,war,war,,war in Etruria,"ium. The soldiers then, with loud clamours, requested that they would, in conjunction, carry on the","; when Volumnius perceiving that it was the general wish, said, Since I have been mistaken in appreh",0.7,,pending,
3692,war,war,,war in Etruria,"th the consuls, with the whole force of the Romans, pointed their exertions principally against the",", a new army which arose in Samnium, with design to ravage the frontiers of the Roman empire, passed",0.7,,pending,
3693,performed,performed,,performed in Etruria,"consul, the other would be considered as useless and insignificant. Fabius gloried in his exploits",": Publius Decius wished for a like subject of glory, and perhaps would utterly extinguish that fire,",0.7,,pending,
3694,colleague,colleague,,colleague in Etruria,"t was, therefore, his opinion, that the consul Publius Decius should, without delay, set out to his",; and that the province of Samnium should be given to Lucius Vo- lumnius. But if the consul preferre,0.7,,pending,
3695,war,war,,war in Etruria,"the public, or send some of his lieutenants, from whom the senate might learn the real state of the","; and with what number of troops, and by how many generals, it should be carried on. Fabius, as soon",0.7,,pending,
3696,arrived,arrived,,arrived in Etruria,"begins to appear from the time when both consuls set out for the campaign. Now, before the consuls",", the Senonian Gauls came in a vast body to Clusium, to attack the Roman legion and the camp. Scipio",0.7,,pending,
3697,army,army,,army in Etruria,"terred by the difficulty of the ground, routed and dispersed them. Quintus Fabius, leaving Decius's",", and leading off his own legions to the city, triumphed over the Gauls, Etrurians, and Samnites: th",0.7,,pending,
3698,year,year,,year in Etruria,"made prisoners, and somewhat less than that number killed on the walls. But a peace, effected that",", was still more important and honourable than the war had been. Three very powerful cities, the chi",0.7,,pending,
3699,war,war,,war in Etruria,"ulia; and that, being wounded himself, he was driven, with a few attendants, into Luceria. That the","was conducted by Atilius, and that it was he who triumphed. Fabius writes, that the two consuls act",0.7,,pending,
3700,war,war,,war in Etruria,"feat of the Samnites, was yet raised to an equality with it, by his having put a termination to the",. He carried into the treasury three hundred and ninety thousand asses in weight. &pound;1259 7 s. 6,0.7,,pending,
3701,rives,rives,,rives in Etruria,"the Apennines. BOOK XXII. Hannibal, after an uninterrupted march of four days and three nights, ar-",", through the marshes, in which he lost an eye. Caius Flaminius, the consul, an inconsiderate man, h",0.7,,pending,
3702,corn,corn,,corn in Etruria,"g been sent, according to the advice of the fathers, by Publius Cornelius, the praetor, to purchase",", made his way into the harbour of Tarentum, through the guard-ships of the enemy, with some ships o",0.7,,pending,
3703,up,up,,up in Etruria,"e forts, the corn recently sent from Sicily, with that which Marcus Junius, the praetor, had bought",", was conveyed from Ostia, to supply the army during the winter. But, in addition to the disaster su",0.7,,pending,
3704,former,former,,former in Etruria,"ublius Sempronius, were each continued in command of the two legions which they had under them, the",", the latter in Gaul. Marcus Marcellus also was continued in command, that he might, as proconsul, f",0.7,,pending,
3705,those,those,,those in Etruria,"nce of Sicily, in conjunction with Lucius Cincius, the praetor. The two armies decreed to them were","and Gaul, consisting of four legions. That the two city legions of the former year should be sent i",0.7,,pending,
3706,commanded,commanded,,commanded in Etruria,"ions which Marcus Valerius Laevinus had in Sicily; Quintus Fabius, those which Caius Calpurnius had",. The city troops were to succeed those in Etruria; Caius Calpurnius commanding the same province an,0.7,,pending,
3707,those,those,,those in Etruria,"ntus Fabius, those which Caius Calpurnius had commanded in Etruria. The city troops were to succeed",; Caius Calpurnius commanding the same province and the army. Titus Quinctius was to take the comman,0.7,,pending,
3708,were,were,,were in Etruria,"lieutenant-general, to march the old city army into Etruria, and to bring to Rome the legions which",". And the consul Fabius ordered his son, Quintus Fabius Maximus, to lead the remains of the army of",0.7,,pending,
3709,other,other,,other in Etruria,"e lot Gaul fell should choose whichever he pleased of the two armies, one of which was in Gaul, the",", and receive the city legions in addition; and that he to whose lot Bruttium fell, should, after en",0.7,,pending,
3710,two,two,,two in Etruria,"two each; Spain, four; the three praetors in Sicily, Sardinia, and Gaul, two each; Caius Terentius,","; Quintus Fulvius, two in Bruttium; Quintus Clau- dius two in the neighbourhood of Tarentum and the",0.7,,pending,
3711,another,another,,another in Etruria,"for that purpose was to be carried on. That the Romans had two armies in the field, one in Gaul and",". That he was well informed that Spurius Lucretius would form a junction with Marcus Livius, and tha",0.7,,pending,
3712,achievement,achievement,,achievement in Etruria,"which is adjacent to the Alps. The consul, Caius Servilius, without having performed any memorable",", his province, and in Gaul, for he had advanced thither also, but having rescued from slavery, whic",0.7,,pending,
3713,him,him,,him in Etruria,"the elections this year, or Publius Sulpicius, nominated dictator by him, because business detained","; being engaged, according to a decree of the senate, in making inquisitions respecting the conspira",0.7,,pending,
3714,command,command,,command in Etruria,"nded, to be employed in Sardinia; Marcus Servilius, the consul of the former year, was continued in",", with his own two legions likewise. As to Spain, it appeared that Lucius Cornelius Lentulus and Luc",0.7,,pending,
3715,day,day,,day in Etruria,"eed, that the consul Aurelius should order the army which he had appointed to assemble on a certain",", to attend him on the same day at Ariminum; and should either go in person, if the public business",0.7,,pending,
3716,nothing,nothing,,nothing in Etruria,"try, and, by laying it waste, carried on the war with more spoil than glory. Lucius Furius, finding","that could give him employment, and at the same time intent on obtaining a triumph for his success",0.7,,pending,
3717,proprietor,proprietor,,proprietor in Etruria,"ommand was prolonged to Caius Laelius for a year, with his present army, and to Publius Junius, the",", with the army which was then in the province, and Marcus Tuccius, the propraetor in Bruttium and A",0.7,,pending,
3718,proprietor,proprietor,,proprietor in Etruria,"xpired. The senate, on hearing of this misfortune, decreed, that Publius Junius Brutus, who was the",", having delivered the province and army to whichsoever of the lieutenants he should think proper, s",0.7,,pending,
3719,general,general,,general in Etruria,"Scipio was impeached, and convicted of having taken money from the king, Africanus was a lieutenant-","; whence, on hearing of this misfortune, throwing up his commission, he hastened to Rome; and when h",0.7,,pending,
3720,mater,mater,,mater dicta quod,"o. quanta &eacute;st cura in animo, quantum corde capio dolorem&mdash;dolus ne occidat morte pueri:","sum, eo magis studeo vitae; quae ausa hunc sum, tantundem dolum <nunc> adgrediar. lucri causa avara",0.7,,pending,
3721,vetulonios,vetulonios,,vetulonios in etruria,"m et in gaditano oceano. patavinorum aquis calidis herbae virentes innascuntur, pisanorum ranae, ad","non procul a mari pisces. in casinate fluvius appellatur scatebra, frigidus, abundantior aestate; i",0.7,,pending,
3722,tarentinus,tarentinus,,tarentinus appellatur ab,"onectitur secunda regio amplexa hirpinos, calabriam, apuliam, sallentinos, &lsqb;ccl&rsqb; sinu qui","oppido laconum - in recessu hoc intimo situm, contributa eo maritima colonia, quae ibi fuerat, abes",0.7,,pending,
3723,transpadana,transpadana,,transpadana appellatur ab,"rgumento adest oppidum iuxta industria vetusto nomine bodincomagum, ubi praecipua altitudo incipit.","eo regio undecima, tota in mediterraneo, cui mari n a cuncta fructuoso alveo inportat. oppida vibi",0.7,,pending,
3724,universum,universum,,universum appellata a,"litterarum claritas ex hoc primum sinu effulsit, quapropter paululum in eo conmorabimur. epiros in","cerauniis incipit montibus. in ea primi chaones, a quibus chaonia, dein t h esproti, antigonenses,",0.7,,pending,
3725,pieria,pieria,,pieria appellatur a,"elagonia protegunt a triballis. oppida aegae, in quo sepeliri mos reges, beroea et in regione, quae","nemore, aegi n ium. in ora heraclea, flumen apilas, oppida py d na, a loros, amnis haliacmon. intus",0.7,,pending,
3726,menisminorum,menisminorum,,menisminorum appellata ab,otas vocari gentem eam. nomadum aethiopum secundum flumen astragum ad septentrionem vergentium gens,"est ab oceano dierum itinere viginti. animalium, quae cynocephalos vocamus, lacte vivit, quorum arme",0.7,,pending,
3727,originem,originem,,apud etruscos originem,ebrae papaveratae antiquiorem habent originem iam sub lucilio poeta in torquato notatae. praetextae,"invenere. trabeis usos accipio reges; pictae vestes iam apud homerum s u nt i is, e t i nde triumph",0.85,,pending,
3728,se,se,,se appellatur a,"taeniense in taenii s maris collectum, hoc quoque tamen etiamnum levius atque dilutius. ca l cule n","calculo in mari, mire aptum conch y liis, et longe optimum purpuris dialu t ense, id est vario soli",0.7,,pending,
3729,trochos,trochos,,trochos appellatur a,ensimo die refossa aperit fetumque in aquam ducit. erythini et channae volvas habere traduntur; qui,"graecis, ipse se inire. fetus omnium aquatilium inter initia visu carent. aevi piscium me mo randum",0.7,,pending,
3730,super,super,,super appellatur a,"ominatam animadverto ignorari - quidam clamatoriam dicunt, labeo prohibitoriam - , et apud nigidium","vis, quae aquilarum ova frangat. sunt praeterea conplura genera depicta in etrusca disciplina s a ec",0.7,,pending,
3731,rex,rex,,rex appellatur a,"us, illo praeripiente huic cibos, cornices atque noctua, aquilae et trochilus, si credimus, quoniam","vium, noctuae et ceterae minores aves, rursus cum tr och i lo mustela et cornix, turtur et pyrallis,",0.7,,pending,
3732,insecta,insecta,,insecta appellata ab,"nata, ut apes, alia utroque modo, ut formicae, aliqua et pinnis et pedibus carentia), et iure omnia","incisuris, quae nunc cervicium loco, nunc pectorum atque alvi, praecincta separant membra, tenui mo",0.7,,pending,
3733,earum,earum,,earum appellatur a,sub ea minor lingua nulli ova generantium. opera eius gemina duabus interpositae fistulis. interior,"rteria, ad pulmonem atque cor pertinens; hanc operit in epulando, spiritu et voce in illa meante, ne",0.7,,pending,
3734,felix,felix,,felix appellatur a,"fugandas urunt in odoriferis silvis frequentissimas. non sunt eorum cinnamomum aut casia, et tamen","rabia, falsi et ingrati cognominis, quae hoc acceptum superis ferat, cum plus ex eo inferis debeat.",0.7,,pending,
3735,ita,ita,,ita appellatur a,"gio mellis et salis cyatho subfervefactis. austerum, sed inter haec genera poni debet et protropum;",quibusdam mustum sponte defluens ante quam calcentur uvae. hoc protinus diffusum in lagonis suis de,0.7,,pending,
3736,libralia,libralia,,libralia appellata a,"nerum dicta sunt. his acinus sub cortice intus, illis lignum in corpore. nec non et quaedam e piris",mplitudinem sibi ponderis nomine adserunt. sed persicorum palma duracinis. nationum habent cognomen,0.7,,pending,
3737,hordearia,hordearia,,hordearia appellata a,"mora est cogitque se venu m dari. ingens postea turba prunorum: versicolori a e nigr o candican t ,","comitatu frug i s eius; alia eodem colore seriora maioraque, asinina cognominata a vilitate. sunt m",0.7,,pending,
3738,quae,quae,,quae appellatur a,"; alioquin amarum fieri. quin et armo talpae contacta semina uberiora esse. democritus suco herbae,","izoum, in tegulis nascens, e t ab aliis aesum, latine vero sedum aut digitillum, medicata seri iubet",0.7,,pending,
3739,ita,ita,,apud Varronem ita,"utraque e recta noctem ventosam. si quartam orbis rutilus cinget, et ventos et imbres praemonebit.","est: ""si quarto die luna erit directa, magnam tempestatem in mari praesagiet, nisi si coronam circa",0.85,,pending,
3740,graeca,graeca,,graeca appellatur a,"coronas addi, praeterquam extremas velut ad cardines, nec odore nec specie probabilem. est et quae","nostris, a graecis lychnis, non nisi in umidis locis proveniens nec umquam excedens quin a folia vi",0.7,,pending,
3741,caprarum,caprarum,,caprarum appellata a,"s ea fierent! nos trademus quae conperimus. herba est ab exitio et iumentorum quidem, sed praecipue","egolethron. huius flore concipiunt noxium virus aquoso vere marcescentis. ita fit, ut non omnibus an",0.7,,pending,
3742,nice,nice,,nice appellata a,", singulis ter manu sinistra, et omnia in ignem abiciat, confestim sanari aiunt. est et herba ph oe","graecis, nostris vero hordeum murinum; haec trita e vino pota praeclare ciet menses. tisanae, quae",0.7,,pending,
3743,graeca,graeca,,graeca appellatur a,"temque aegyptiam eodem nomine, alias et syrticam arborem, diximus suis locis. haec lotos, quae faba","nostris, alvum bacis sistit. ramenta ligni decocta in vino prosunt dysintericis, menstruis, vertigi",0.7,,pending,
3744,brathy,brathy,,brathy appellata a,"enatis praeterquam anguibus. sudores movet, tormina discutit, lactis ubertatem facit. herba sabina,","graecis, duorum generum est, altera tamarici folio similis, altera cupresso; quare quidam creticam",0.7,,pending,
3745,rhamnos,rhamnos,,rhamnos appellatur a,"tomachicisque ex aqua bibendus datur. cetera eadem praestat, quae supra dicta. inter genera ruborum","graecis, candidior, fruticosior et ramos spargens rectis aculeis, non, ut ceteri, aduncis, foliis m",0.7,,pending,
3746,conferva,conferva,,conferva appellata a,"apitis dolori cum rosaceo infusus, ipsa struma e inlita. - peculiaris est alpinis maxime fluminibus","conferuminando, spongea aquarum dulcium verius quam muscus aut herba, villosae densitatis atque fis",0.7,,pending,
3747,adverso,adverso,,adverso appellata a,"nor et tactu asperior, vulneribus contusa praeclare medetur. - holosteon sine duritia est herba, ex","graecis sicut fel dulce, radice tenuis usque in capillamenti speciem, longitudine iiii digitorum, c",0.7,,pending,
3748,herba,herba,,herba appellatur a,"tangitur inpetigo. qui tangit, dicit: feu/gete kanqari/des, lu/kos a)/grios ai(=ma diw/kei . limeum","gallis, qua sagittas in venatu tingunt medicamento, quod venenum cervarium vocant. ex hac in iii mo",0.7,,pending,
3749,fatum,fatum,,fatum in etruria,"maximi futurum est, hic caput invenimu s "" constantissima annalium adfirmatione, transiturum fuisse","m, ni praemoniti a filio vatis legati respondissent: ""non plane hic, sed romae inventum caput dicimu",0.7,,pending,
3750,sit,sit,,sit appellata a,"de perseo rege navalem triumphum egit, factam porticum duplicem ad circum flaminium, quae corinthia","capitulis aereis columnarum, vestae quoque aedem ipsam syracusana superficie tegi placuisse. syracu",0.7,,pending,
3751,in,in,,in in etruria,ificationem anni temporis et aevi esse deum indicent. signa quoque tuscanica per terras dispersa qu,"factitata sint, non est dubium. deorum tantum putarem ea fuisse, ni metrodorus scepsius, cui cognom",0.7,,pending,
3752,qui,qui,,qui in etruria,"et theodorum tradant multo ante bacchiadas corintho pulsos, damaratum vero ex eadem urbe profugum,","tarquinium regem populi romani genuit, comitatos fictores euchira, diopum, eugrammum; ab iis italia",0.7,,pending,
3753,lychnis,lychnis,,lychnis appellata a,"nomen custodientem, mali colore aut olei viridis, omnibus inprobatam. ex eodem genere ardentium est","lucernarum a d sensu, tum praecipuae gratiae. nascitur circa orthosiam totaque caria ac vicinis loc",0.7,,pending,
3754,alio,alio,,alio dictum est quod,"motibus sentiunt. Praeterea suae quisque inventioni favet, et quasi fortissimum amplectitur, cum ab","ipse praevidit. Omnibus ergo dandum est aliquid quod teneant, quod agnoscant. Dixit aliquando mihi",0.7,,pending,
3755,miles,miles,,miles ab Etruscis,"us servabis amores, formosum ni vis perdere rursus Hylan. Tu, qui consortem properas evadere casum,","saucius aggeribus, quid nostro gemitu turgentia lumina torques? pars ego sum vestrae proxima militi",0.75,,pending,
3756,saucius,saucius,,ab Etruscis saucius,"vabis amores, formosum ni vis perdere rursus Hylan. Tu, qui consortem properas evadere casum, miles","aggeribus, quid nostro gemitu turgentia lumina torques? pars ego sum vestrae proxima militiae. sic",0.7,,pending,
3757,quod,quod,,quod appellatur a,"anam condere gentem! facere enim probus adolescens periculose quam perpeti turpiter maluit. est et,","novis noema qua voce omnis intellectus accipi potest; sed hoc nomine donarunt ea quae non dicunt, u",0.7,,pending,
3758,Manlius,manlius,,Manlius in Etruria,dolum qui parabatur enuntiat. ita illi ianua prohibiti tantum facinus frustra susceperant. Interea,"plebem sollicitare, egestate simul ac dolore iniuriae novarum rerum cupidam, quod Sullae domination",0.7,,pending,
3759,Manlius,manlius,,Manlius in Etruria,"olum, qui parabatur, enuntiat. Ita illi ianua prohibiti tantum facinus frustra susceperant. Interea","plebem sollicitare egestate simul ac dolore iniuriae novarum rerum cupidam, quod Sullae dominatione",0.7,,pending,
3760,deus,deus,,Etrusca lingua deus,"ra notaret, futurumque ut inter deos referretur, quod aesar, id est reliqua pars e Caesaris nomine,","uocaretur. Tiberium igitur in Illyricum dimissurus et Beneuentum usque prosecuturus, cum interpella",0.9,,pending,
3761,prolocutum,prolocutum,,prolocutum in Etruria,"tatuam divi Iulii in insula Tiberini amnis sereno et immoto die ab occidente in orientem conversam,","bovem, insolitos animalium partus, et plura alia rudibus saeculis etiam in pace observata, quae nun",0.7,,pending,
3762,Id,id,,Id vocatur quod,abuntur. De solo triclinio Christianorum retractatur. Coena nostra de nomine rationem sui ostendit.,"dilectio penes Graecos. Qualiscumque sumptibus constet, lucrum est pietatis nomine facere sumptum,",0.75,,pending,
3763,transvenas,transvenas,,transvenas in Etruria,"s multi, qui super ista re commentarios ediderunt. Ab his ludorum origo sic traditur: Lydos ex Asia","consedisse Timaeus refert duce Tyrreno, qui fratri suo cesserat regni contentione. Igitur in Etruri",0.7,,pending,
3764,Igitur,igitur,,Igitur in Etruria,"venas in Etruria consedisse Timaeus refert duce Tyrreno, qui fratri suo cesserat regni contentione.",inter ceteros ritus superstitionum suarum spectacula quoque religionis nomine instituunt. Inde Roma,0.7,,pending,
3765,superius,superius,,superius dictum est quod,"'facilem' autem, copiosam, divitem. Terentius quam vos facillime agitis . hic templum ivnoni ingens","Vergilius ubique lucos consecratos velit accipi, unde tamquam in loco sacro inducit Didonem Iunoni",0.7,,pending,
3766,et,et,,et dicta quod,"gesserat, sed quantum ad Graecos pertinet, qui eum immolaturi fuerant, dicit. hostia vero victima ,","dii per illam hostiantur, id est aequi et propitii reddantur, unde hostimentum aequationem. fas mih",0.7,,pending,
3767,avsonias,avsonias,,avsonias appellata A,", in quo Corythus sepultus est. alii Corythum a Corytho, Paridis et Oenones filio, conditam ferunt.","usonia ab Ausone, Ulixis et Calypsus filio: et primo pars, postea omnis Italia nominata. dictaea Dic",0.7,,pending,
3768,et,et,,et dictum quod,"m' facit: quod in simplici difficile invenis, per conpositionem agnoscis facilius. inmensum magnum.",mensura conprehendi non possit. exterrita tellus poetica hyperbole. curvis cavernis echo enim in co,0.7,,pending,
3769,inproprie,inproprie,,inproprie dictum quod,"s quia prout vela extensa fuerint, ita etiam cursus extenditur, in quo navis est iter. multi dicunt","ait 'tendit iter velis', multi nimium proprie. constat tamen secundum illud dictum quod ait supra f",0.7,,pending,
3770,illud,illud,,illud dictum quod,"dicunt inproprie dictum quod ait 'tendit iter velis', multi nimium proprie. constat tamen secundum","ait supra flecte viam velis . aliud est velis iter tendere, aliud per vela iter. quod si dicimus, b",0.7,,pending,
3771,Carmentis,carmentis,,Carmentis appellata a,"t quasi ostendat invitum. carmentis nymphae monita matris eius, quae Nicostrate dicta est, sed ideo","suis, quod divinatione fata caneret: nam antique vates carmentes dicebantur, unde etiam librarios q",0.7,,pending,
3772,vel,vel,,vel in Etruria,"negotiorum exinde habet. diversa penitus valde diversa, id est longius remota, vel apud Pallanteum",": unde paulo post dicit 'nec satis, extremas Corythi penetravit ad urbes Lydorumque manum'. irim Ir",0.7,,pending,
3773,vel,vel,,vel a verbo derivatum,"os polline oblinebant, ne livor appareret extincti. festina pro 'festinans', nomen pro participio:",", ut ab eo quod est 'festino' 'festinus' dicatur, ut hic 'festina', quomodo superius 'funera': Sallu",0.7,,pending,
3774,Aeneae,aeneae,,Aeneae ab Etruscis,"isse naves Aeneae fieri: quod excusat pictura, quam solam mutatam debemus accipere. ergo hanc navem","datam intellegamus. quidam volunt hanc navem ex his esse quibus Aeneas ad Euandrum erat evectus, et",0.75,,pending,
3775,datam,datam,,ab Etruscis datam,"ves Aeneae fieri: quod excusat pictura, quam solam mutatam debemus accipere. ergo hanc navem Aeneae","intellegamus. quidam volunt hanc navem ex his esse quibus Aeneas ad Euandrum erat evectus, et ad Et",0.7,,pending,
3776,quod,quod,,quod in Etruria,"ictum per synizesin, sicut nec cura peculi pro 'peculii'. Clusium autem est oppidum iuxta Massicum,","condidit Clusius Tyrrheni, sive Telemachus Vlixis filius . cosas civitas Tusciae, quae numero dicit",0.7,,pending,
3777,populos,populos,,populos in Etruria,"ui venerant, patriam dixit, ut alibi insignem quem mater Aricia misit . quidam Populoniam post XII.",constitutos populum ex insula Corsica in Italiam venisse et condidisse dicunt: alii Populoniam Vola,0.7,,pending,
3778,quod,quod,,quod Etrusca lingua,"numero Mantua fuit. alii a Tarchone Tyrrheni fratre conditam dicunt: Mantuam autem ideo nominatam,","Mantum Ditem patrem appellant, cui cum ceteris urbibus et hanc consecravit. mantus genetivus Graecu",0.9,,pending,
3779,Mantum,mantum,,Etrusca lingua Mantum,"ro Mantua fuit. alii a Tarchone Tyrrheni fratre conditam dicunt: Mantuam autem ideo nominatam, quod","Ditem patrem appellant, cui cum ceteris urbibus et hanc consecravit. mantus genetivus Graecus est:",0.9,,pending,
3780,Mercurius,mercurius,,Mercurius Etrusca lingua,"ositum est : ministros enim et ministras inpuberes camillos et camillas in sacris vocabant, unde et","Camillus dicitur, quasi minister deorum. in sacris tamen legitur posse etiam opera consecrari ex se",0.9,,pending,
3781,Camillus,camillus,,Etrusca lingua Camillus,": ministros enim et ministras inpuberes camillos et camillas in sacris vocabant, unde et Mercurius","dicitur, quasi minister deorum. in sacris tamen legitur posse etiam opera consecrari ex servis, usq",0.9,,pending,
3782,sunt,sunt,,sunt in Etruria,"ue communibus corporibus unam soliditatis percipere virtutem. Relinquetur desideratio, quoniam item","ex aqua calida crebri fontes, quid ita non etiam ibi nascitur pulvis, e quo eadem ratione sub aqua",0.7,,pending,
3783,sic,sic,,sic in Etruria,"ocis procreatur id genus harenae, quod dicitur carbunculus. itaque uti Campania exusta terra cinis,","excocta materia efficitur carbunculus. utraque autem sunt egregia in structuris, sed alia in terren",0.7,,pending,
3784,sic,sic,,sic appellatur quod,"turres, ab imo latissimae in summitates acutissimas desinentes. 29 Quae figura apud geometras ideo","ad ignis speciem, τοῦ πυρὸς, ut nos dicimus, extenuatur in conum. Quarum magnitudo quoniam in celsi",0.7,,pending,
3785,omnis,omnis,,omnis appellatur A,"a. Quae per populos pagosque amplos diffusa quondam et copiosa, ad unum concessit vocabulum et nunc","ssyria, ubi inter bacarum vulgariumque abundantiam frugum bitumen nascitur prope lacum nomine Sosing",0.7,,pending,
3786,partim,partim,,partim in Etruria,"em reversus prope totam Italiam in armis invenit sub iuvene Mario Mari filio, sed omnes eius copias","ad Sacriportum, partim ad Collinam portam prostravit et reliquias adversariorum eorum, qui se dedid",0.7,,pending,
3787,legerim,legerim,,apud Varronem legerim,"um fuisse et hodiernum esse. Quot autem saecula urbi Romae debeantur, dicere meum non est; sed quid",", non tacebo, qui libro antiquitatum duodevicensimo ait fuisse Vettium Romae in augurio non ignobile",0.85,,pending,
3788,eorum,eorum,,eorum in Etruria,"a alite adiutus, tulit spolia; et inde Corvini. 21 Nec non tamen post aliquot annos omnis reliquias","ad lacum Vadimonis Dolabella delevit, ne quis extaret ex ea gente, qui7 incensam a se Romanam urbem",0.7,,pending,
3789,profectus,profectus,,profectus in Etruria,"uratione7 ipsa rescinderentur. 5 Ergo cum turbidis contionibus velut classico civitatem terruisset,",m arma inde et exercitum urbi admovebat. 6 Sed iam Mulvium pontem collemque Ianiculum Lutatius8 Catu,0.7,,pending,
3790,Manlio,manlio,,Manlio in Etruria,13 palam ac professe incendium suum restincturum ruina minaretur. 8 Et ille quidem ad praeparatum a,exercitum proficiscitur signa inlaturus urbi. Lentulus destinatum familiae suae Sibyllinis versibus,0.7,,pending,
3791,inventore,inventore,,inventore appellatur A,"t auxilio, aliam aquam eiusdem bonitatis opere subterraneo perduxit usque ad Marciae rivum, quae ab","ugusta. Nascitur ultra fontem Marciae. Cuius ductus donec Marciae accedat, efficit passus octingento",0.7,,pending,
3792,capta,capta,,capta ab Etruscis,"contraxit aciem et sine iactura suorum cecidit aversos. 7 Cn. Manlius consul, cum ex acie reversus","Romanorum castra invenisset, omnibus portis statione circumdatis inclusos hostes in eam rabiem effe",0.75,,pending,
3793,Romanorum,romanorum,,ab Etruscis Romanorum,"axit aciem et sine iactura suorum cecidit aversos. 7 Cn. Manlius consul, cum ex acie reversus capta","castra invenisset, omnibus portis statione circumdatis inclusos hostes in eam rabiem efferavit, ut",0.7,,pending,
3794,et,et,,et in Etruria,"us ramis arboris adcrescentibus adpensus est, et fulgur caelo sereno sine noxa in eius domum venit,","dolia, quae defossa fuerant, supra terram reperta sunt, et statuas eius in omni Etruria examen apiu",0.7,,pending,
3795,19,19,,19 In Etruria,non de omnibus servis quaestionem haberi sed de iis qui per vicinitatem poterant sentire praecepit.,"praeturam imperator egit. per p58Latina oppida dictator et aedilis et duumvir fuit, apud Neapolim d",0.7,,pending,
3796,quo,quo,,quo dictum est quod,"o turpissima, inita factione occiderunt p78cum puero suo Diadumeno, scilicet Antonino cognomine. de","in somniis Antoninus fuisset. 2 unde etiam versus exstant huiusmodi: Vidimus in somnis cives, nisi",0.7,,pending,
3797,fiduciam,fiduciam,,fiduciam Tusco nomine,"n plenilunio, id est medio mense, fieri solet: diem igitur, qui vel nocturnis caret tenebris, Iovis","vocaverunt: unde et omnes Idus Iovis ferias observandas sanxit antiquitas. 16 Alii putant Idus, quo",0.85,,pending,
3798,vocaverunt,vocaverunt,,Tusco nomine vocaverunt,"nio, id est medio mense, fieri solet: diem igitur, qui vel nocturnis caret tenebris, Iovis fiduciam",": unde et omnes Idus Iovis ferias observandas sanxit antiquitas. 16 Alii putant Idus, quod ea die pl",0.85,,pending,
3799,Iduare,iduare,,Iduare enim Etrusca lingua,". 17 Nobis illa p127ratio nominis vero propior aestimatur, ut Idus vocemus diem qui dividit mensem.","dividere est: unde vidua, quasi valde idua, id est valde divisa: aut vidua, id est a viro divisa. 1",0.9,,pending,
3800,dividere,dividere,,Etrusca lingua dividere,"lla p127ratio nominis vero propior aestimatur, ut Idus vocemus diem qui dividit mensem. Iduare enim","est: unde vidua, quasi valde idua, id est valde divisa: aut vidua, id est a viro divisa. 18 Ut aute",0.9,,pending,
3801,super,super,,super appellatur a,"nominatam animadverto ignorari — quidam clamatoriam dicunt, Labeo prohibitoriam —, et apud Nigidium","vis, quae aquilarum ova frangat. sunt praeterea conplura genera depicta in Etrusca disciplina saecul",0.7,,pending,
3802,rex,rex,,rex appellatur a,"us, illo praeripiente huic cibos, cornices atque noctua, aquilae et trochilus, si credimus, quoniam","vium, noctuae et ceterae minores aves, 204 rursus cum trochilo mustela et cornix, turtur et pyrallis",0.7,,pending,
3803,insecta,insecta,,insecta appellata ab,"ta, ut apes, alia utroque modo, ut formicae, aliqua et pinnibus et pedibus carentia), et iure omnia","incisuris, quae nunc cervicium loco, nunc pectorum atque alvi, praecincta separant membra, tenui mo",0.7,,pending,
3804,earum,earum,,earum appellatur a,ub ea minor lingua nulli ova generantium. operta eius gemina duabus interpositae fistulis. interior,"rteria, ad pulmonum atque cor pertinens; 176 hanc operit in epulando, spiritu et voce in illa meante",0.7,,pending,
3805,felix,felix,,felix appellatur A,"as urunt in odoriferis silvis frequentissimas. xli 82 Non sunt eorum cinnamomum aut casia, et tamen","rabia, falsi et ingrati cognominis, quae hoc acceptum superis ferat, cum plus ex eo inferis debeat.",0.7,,pending,
3806,libralia,libralia,,libralia appellata a,"nerum dicta sunt. his acinus sub cortice intus, illis lignum in corpore. nec non et quaedam e piris",mplitudinem sibi ponderis nomine adserunt. sed Persicorum palma duracinis. nationum habent cognomen,0.7,,pending,
3807,hordearia,hordearia,,hordearia appellata a,"ora est cogitque se venumdari. xii 41 Ingens postea turba prunorum: versicoloria e nigro candicant,","comitatu frugis eius; alia eodem colore seriora maioraque, asinina cognominata a vilitate. sunt min",0.7,,pending,
3808,quae,quae,,quae appellatur a,"ioquin amarum fieri. 159 quin et armo talpae contacta semina uberiora esse. Democritus suco herbae,","izoum, in tegulis nascens, et ab aliis aesum, Latine vero sedum aut digitillum, medicata seri iubet",0.7,,pending,
3809,ita,ita,,apud Varronem ita,"raque erecta noctem ventosam. si quartam orbis rutilus conget, et ventos et imbres praemonebit. 348","est: Si quarto die luna erit directa, magnam tempestatem in mari praesagiet, nisi si coronam circa",0.85,,pending,
3810,Vetulonios,vetulonios,,Vetulonios in Etruria,"m et in Gaditano oceano. Patavinorum aquis calidis herbae virentes innascuntur, Pisanorum ranae, ad","non procul a mari pisces. in Casinate fluvius appellatur Scatebra, frigidus, abundantior aestate; i",0.7,,pending,
3811,Graeca,graeca,,Graeca appellatur a,"coronas addi, praeterquam extremas velut ad cardines, nec odore nec specie probabilem. est et quae","nostris, a Graecis lychnis, non nisi in umidis locis proveniens nec umquam excedens quina folia vio",0.7,,pending,
3812,caprarum,caprarum,,caprarum appellata a,"s ea fierent! nos trademus quae conperimus. herba est ab exitio et iumentorum quidem, sed praecipue","egolethron. huius flore concipiunt noxium virus aquoso vere marcescentis. ita fit, ut non omnibus an",0.7,,pending,
3813,phoenice,phoenice,,phoenice appellata a,"mducat, singulis ter manu sinistra, et omnia in ignem abiciat, confestim sanari aiunt. est et herba","Graecis, nostris vero hordeum murinum; haec trita e vino pota praeclare ciet menses. lxvi 136 Tisan",0.7,,pending,
3814,Graeca,graeca,,Graeca appellatur a,"temque Aegyptiam eodem nomine, alias et Syrticam arborem, diximus suis locis. haec lotos, quae faba","nostris, alvum bacis sistit. ramenta ligni decocta in vino prosunt dysintericis, menstruis, vertigi",0.7,,pending,
3815,brathy,brathy,,brathy appellata a,"raeterquam anguibus. sudores movet, tormina discutit, lactis ubertatem facit. lxi 102 Herba Sabina,","Graecis, duorum generum est, altera tamarici folium smis, altera cupresso; quare quidam Creticam cu",0.7,,pending,
3816,rhamnos,rhamnos,,rhamnos appellatur a,"que ex aqua bibendus datur. cetera eadem praestat, quae supra dicta. lxxvi 124 Inter genera ruborum","Graecis, candidior, fruticosior et ramos spargens rectis aculeis, non, ut ceteri, aduncis, foliis m",0.7,,pending,
3817,conferva,conferva,,conferva appellata a,"dolori cum rosaceo infusus, ipsa strumae inlita. — xlv 69 Peculiaris est Alpinis maxime fluminibus","conferuminando, spongea aquarum dulcium verius quam muscus aut herba, villosae densitatis atque fis",0.7,,pending,
3818,adverso,adverso,,adverso appellata a,"tactu asperior, vulneribus contusa praeclare medetur. — lxv 91 Holosteon sine duritia est herba, ex","Graecis sicut fel dulce, radice tenuis usque in capillamenti speciem, longitudine IIII digitorum, c",0.7,,pending,
3819,herba,herba,,herba appellatur a,"angitur inpetigo. qui tangit, dicit: φευγετε κανθαριδες, λυκος ἀγριος αἷμα διωκει. lxxvi 101 Limeum","Gallis, qua sagittas in venatu tingunt medicamento, quod venenum cervarium vocant. ex hac in III mo",0.7,,pending,
3820,fatum,fatum,,fatum in Etruria,"i maximi futurum est, hic caput invenimus? constantissima annalium adfirmatione, transiturum fuisse","m, ni praemoniti a filio vatis legati respondissent: 16 Non plane hic, sed Romae inventum caput dici",0.7,,pending,
3821,Tarentinus,tarentinus,,Tarentinus appellatur ab,"buerit. 99 Conectitur secunda regio amplexa Hirpinos, Calabriam, Apuliam, Sallentinos, CCL sinu qui","oppido Laconum — in recessu hoc intimo situm, contributa eo maritima colonia, quae ibi fuerat, abes",0.7,,pending,
3822,Transpadana,transpadana,,Transpadana appellatur ab,"adest oppidum iuxta Industria vetusto nomine Bodincomagum, ubi praecipua altitudo incipit. xvii 123","eo regio undecima, tota in mediterraneo, cui marina cuncta fructuoso alveo inportat. oppida Vibi Fo",0.7,,pending,
3823,sit,sit,,sit appellata a,"de Perseo rege navalem triumphum egit, factam porticum duplicem ad circum Flaminium, quae Corinthia","capitulis aereis columnarum, Vestae quoque aedem ipsam Syracusana superficie tegi placuisse. Syracu",0.7,,pending,
3824,quin,quin,,quin in Etruria,ficationem anni temporis] et aevi esse deum indicent. 34 signa quoque Tuscanica per terras dispersa,"factitata sint, non est dubium. deorum tantum putarem ea fuisse, ni Metrodorus Scepsius, cui cognom",0.7,,pending,
3825,qui,qui,,qui in Etruria,"et Theodorum tradant multo ante Bacchiadas Corintho pulsos, Damaratum vero ex eadem urbe profugum,","Tarquinium regem populi Romani genuit, comitatos fictores Euchira, Diopum, Eugrammum ab iis Italiae",0.7,,pending,
3826,lychnis,lychnis,,lychnis appellata a,"todientem, mali colore aut olei viridis, omnibus inprobatam. xxix 103 Ex eodem genere ardentium est","lucernarum adsensu, tum praecipuae gratiae. nascitur circa Orthosiam totaque Caria ac vicinis locis",0.7,,pending,
3827,universum,universum,,universum appellata a,"itterarum claritas ex hoc primum sinu effulsit, quapropter paululum in eo conmorabimur. 2 Epiros in","Cerauniis incipit montibus. in ea primi Chaones, a quibus Chaonia, dein Thesproti, Antigonenses, lo",0.7,,pending,
3828,Pieria,pieria,,Pieria appellatur a,"elagonia protegunt a Triballis. oppida Aegae, in quo sepeliri mos reges, Beroea et in regione, quae","nemore, Aeginium. 34 in ora Heraclea, flumen Apilas, oppida Pydna, Aloros, amnis Haliacmon. intus A",0.7,,pending,
3829,Menisminorum,menisminorum,,Menisminorum appellata ab,otas vocari gentem eam. Nomadum Aethiopum secundum flumen Astragum ad septentrionem vergentium gens,"est ab oceano dierum itinere viginti. animalium, quae cynocephalos vocamus, lacte vivit, quorum arme",0.7,,pending,
3830,originem,originem,,apud Etruscos originem,rebrae papaveratae antiquiorem habent originem iam sub Lucili poeta in Torquato notatae. praetextae,"invenere. trabeis usos accipio reges; pictae vestes iam apud Homerum sunt iis, et inde triumphales",0.85,,pending,
3831,calculenses,calculenses,,calculenses appellatur a,"mque. melius taeniense in taeniis maris collectum, hoc quoque tamen etiamnum levius atque dilutius.","calculo in mari, mire aptum conchyliis, et longe optimum purpuris dialutense, id est vario soli gen",0.7,,pending,
3832,trochos,trochos,,trochos appellatur a,die refossa aperit fetumque in aquam ducit. lxxvii Erythini et channae volvas habere traduntur; qui,"Graecis, ipse se inire. fetus omnium aquatilium inter initia visu carent. lxxviii 167 Aevi piscium",0.7,,pending,
3833,Manlius,manlius,,Manlius in Etruria,um qui parabatur enuntiat. 3 Ita illi ianua prohibiti tantum facinus frustra susceperant. 4 Interea,"plebem sollicitare, egestate simul ac dolore iniuriae novarum rerum cupidam, quod Sullae domination",0.7,,pending,
3834,deus,deus,,Etrusca lingua deus,"ra notaret, futurumque ut inter deos referretur, quod aesar, id est reliqua pars e Caesaris nomine,","vocaretur. 3 Tiberium igitur in Illyricum dimissurus et Beneventum p276usque prosecuturus, cum inte",0.9,,pending,
3835,Natus,natus,,Natus in Etruria,"ris Fabio Persico L. Vitellio coss., decessit VIII Kalendas Decembris P.1 Mario Afinio2 Gallo coss.","Volaterris, eques Romanus, sanguine et affinitate primi ordinis viris coniunctus. Decessit ad octav",0.7,,pending,
3836,ut,ut,,ut in Etruria,"ssis neque ficum mariscam et arbores plerasque ac prata retorrida muscosa. 6 Contra in agro pingui,",", licet videre et segetes fructuosas ac restibilis et arbores prolixas et omnia sine musco. In medio",0.7,,pending,
3837,ut,ut,,ut in Etruria,"valet regio ac genus terrae, ut ex eodem semine aliubi cum decimo redeat, aliubi cum quinto decimo,","locis aliquot. 2 In Italia in Subaritano dicunt etiam cum centesimo redire solitum, in Syria ad Gad",0.7,,pending,
3838,Granum,granum,,Granum dictum quod,"tico, tria habet continentia, granum, glumam, aristam et etiam, primitus spica cum oritur, vaginam.","est intimum soldum; gluma qui est folliculus eius; arista quae ut acus tenuis longa eminet e gluma,",0.7,,pending,
3839,atque,atque,,atque appellatur a,"ra subiectari vallis aut ventilabris, cum ventus spirat lenis. Ita fit ut quod levissimum est in eo","cus ac palea evannatur foras extra aream ac frumentum, quod est ponderosum, purum veniat ad corbem.",0.7,,pending,
3840,viri,viri,,viri in Etruria,"iis pacis, foedus cum feritur, porcus occiditur, et quod nuptiarum initio antiqui reges ac sublimes",in coniunctione nuptiali nova nupta et novus maritus primum procum immolant. 10 Prisci quoque Latin,0.7,,pending,
3841,sunt,sunt,,sunt in Etruria,"it ea coire celeriterque unam soliditatis percipere virtutem. Relinquetur desideratio, quoniam item","ex aqua calida crebri fontes, quid ita non etiam ibi nascitur pulvis, e quo eadem ratione sub aqua",0.7,,pending,
3842,sic,sic,,sic in Etruria,"t molle et tenerum exurit, quod autem asperum relinquit. itaque uti in Campania exusta terra cinis,","excocta materia efficitur carbunculus. utraque autem sunt egregia in structuris, sed alia in terren",0.7,,pending,
